delivery_id,pred_service_min,pred_late_prob
ORD0092308,8.22,0.0
ORD0092309,8.18,0.0
ORD0092310,11.65,0.0
ORD0092311,12.51,0.0
ORD0092312,13.93,0.0
ORD0092313,14.69,0.0
ORD0092314,16.68,0.0
ORD0092315,25.24,0.9415
ORD0092316,19.95,0.0
ORD0092317,12.38,0.0
ORD0092318,12.34,0.0
ORD0092319,9.58,0.0
ORD0092320,17.79,0.0
ORD0092321,13.94,0.0
ORD0092322,18.61,1.0
ORD0092323,14.1,0.0
ORD0092324,12.77,0.291
ORD0092325,10.0,0.0
ORD0092326,14.5,0.0
ORD0092327,15.37,0.9973
ORD0092328,18.73,0.481
ORD0092329,12.14,0.0
ORD0092330,10.48,0.0
ORD0092331,11.9,0.481
ORD0092332,20.26,0.0
ORD0092333,13.82,0.0
ORD0092334,10.12,0.0
ORD0092335,12.22,0.0
ORD0092336,11.76,0.0
ORD0092337,15.43,0.0
ORD0092338,14.69,0.0
ORD0092339,12.55,0.0408
ORD0092340,10.14,0.0
ORD0092341,21.68,0.0
ORD0092342,9.85,0.9415
ORD0092343,8.84,0.0
ORD0092344,12.51,0.0
ORD0092345,24.18,0.0
ORD0092346,17.48,0.0
ORD0092347,13.15,0.0
ORD0092348,18.74,0.0
ORD0092349,12.8,0.0
ORD0092350,16.05,0.0
ORD0092351,15.55,0.0
ORD0092352,11.56,0.3963
ORD0092353,8.81,0.0
ORD0092354,18.55,0.9995
ORD0092355,11.94,0.0
ORD0092356,8.31,0.0
ORD0092357,30.85,0.0
ORD0092358,18.72,0.0
ORD0092359,10.59,0.0
ORD0092360,14.68,0.0
ORD0092361,12.21,0.0
ORD0092362,11.06,0.0
ORD0092363,26.49,0.0
ORD0092364,14.34,0.0
ORD0092365,12.14,0.0
ORD0092366,16.27,0.0
ORD0092367,17.06,0.0
ORD0092368,13.5,0.0
ORD0092369,17.17,0.0
ORD0092370,18.15,0.0619
ORD0092371,20.25,0.1
ORD0092372,13.63,0.8954
ORD0092373,14.98,0.0
ORD0092374,11.03,0.0
ORD0092375,11.47,0.9973
ORD0092376,10.66,0.9973
ORD0092377,9.64,0.0
ORD0092378,14.89,0.0
ORD0092379,14.04,0.0
ORD0092380,9.09,0.0
ORD0092381,11.15,0.0
ORD0092382,8.95,0.0
ORD0092383,52.47,0.0
ORD0092384,6.83,0.0096
ORD0092385,5.72,0.0
ORD0092386,10.17,0.6546
ORD0092387,11.8,0.0
ORD0092388,9.96,0.9973
ORD0092389,8.67,0.481
ORD0092390,10.61,0.0
ORD0092391,10.36,0.0
ORD0092392,10.6,0.0
ORD0092393,9.26,0.0
ORD0092394,9.27,0.0
ORD0092395,8.93,0.0
ORD0092396,8.04,0.0
ORD0092397,9.94,0.0
ORD0092398,8.64,0.0033
ORD0092399,11.06,0.9921
ORD0092400,8.8,0.0
ORD0092401,11.99,1.0
ORD0092402,12.24,0.0
ORD0092403,19.69,0.0
ORD0092404,27.71,0.0
ORD0092405,9.35,0.0
ORD0092406,12.04,0.0
ORD0092407,14.34,0.0
ORD0092408,10.44,0.8087
ORD0092409,19.66,0.0
ORD0092410,17.3,0.0
ORD0092411,14.11,0.0
ORD0092412,17.79,0.0
ORD0092413,17.13,0.0
ORD0092414,17.11,0.0
ORD0092415,10.87,0.0
ORD0092416,14.71,0.0
ORD0092417,13.77,0.0
ORD0092418,14.76,0.0
ORD0092419,75.98,0.0
ORD0092420,26.84,0.0
ORD0092421,20.04,0.214
ORD0092422,11.99,0.001
ORD0092423,10.36,0.0463
ORD0092424,13.01,0.9921
ORD0092425,20.89,1.0
ORD0092426,12.3,0.0096
ORD0092427,13.96,0.291
ORD0092428,11.05,0.0463
ORD0092429,11.96,0.8256
ORD0092430,11.02,0.3958
ORD0092431,10.29,0.8596
ORD0092432,18.76,0.0
ORD0092433,18.81,0.0227
ORD0092434,15.84,0.9581
ORD0092435,33.7,0.0033
ORD0092436,14.66,0.0
ORD0092437,12.3,0.0463
ORD0092438,11.75,0.0
ORD0092439,29.48,0.0007
ORD0092440,27.5,0.8661
ORD0092441,19.77,0.9778
ORD0092442,21.54,0.9995
ORD0092443,7.65,0.0
ORD0092444,8.95,0.0
ORD0092445,7.12,0.0
ORD0092446,8.26,0.0
ORD0092447,11.53,0.0
ORD0092448,12.66,0.0
ORD0092449,11.82,0.0
ORD0092450,17.65,0.0
ORD0092451,15.49,0.0
ORD0092452,23.61,0.001
ORD0092453,10.49,0.0
ORD0092454,8.28,0.0
ORD0092455,8.01,0.0
ORD0092456,9.47,0.0
ORD0092457,16.21,0.0
ORD0092458,78.52,0.0
ORD0092459,18.25,0.9415
ORD0092460,13.89,0.0216
ORD0092461,11.8,1.0
ORD0092462,13.0,0.3444
ORD0092463,10.99,0.0
ORD0092464,11.99,0.0
ORD0092465,59.36,0.0
ORD0092466,61.62,0.0
ORD0092467,21.44,0.0
ORD0092468,10.01,0.0
ORD0092469,10.47,0.0
ORD0092470,11.64,0.481
ORD0092471,29.76,0.0
ORD0092472,18.38,0.0
ORD0092473,8.07,0.0
ORD0092474,8.81,0.0
ORD0092475,11.68,0.0
ORD0092476,11.13,0.0
ORD0092477,17.94,0.0
ORD0092478,17.86,0.0
ORD0092479,10.54,0.7139
ORD0092480,13.56,0.168
ORD0092481,20.77,0.0
ORD0092482,18.77,0.0
ORD0092483,9.75,1.0
ORD0092484,10.56,0.0
ORD0092485,12.18,0.0
ORD0092486,20.53,0.0
ORD0092487,15.83,0.0
ORD0092488,36.2,0.0
ORD0092489,43.97,0.0
ORD0092490,17.13,0.0
ORD0092491,16.21,0.0
ORD0092492,18.18,0.0
ORD0092493,16.32,0.0
ORD0092494,9.34,0.0
ORD0092495,7.52,0.0
ORD0092496,15.25,0.8087
ORD0092497,16.93,0.214
ORD0092498,7.03,0.0
ORD0092499,6.78,0.0
ORD0092500,11.13,0.0
ORD0092501,10.8,0.0
ORD0092502,11.24,0.0
ORD0092503,11.63,0.0096
ORD0092504,22.99,0.0
ORD0092505,18.72,0.0
ORD0092506,12.45,0.0
ORD0092507,14.36,0.0
ORD0092508,14.25,0.0
ORD0092509,12.85,0.0
ORD0092510,16.87,0.0
ORD0092511,16.05,0.0
ORD0092512,10.08,0.0
ORD0092513,11.58,0.0
ORD0092514,16.17,0.0
ORD0092515,28.4,0.0
ORD0092516,8.85,0.0
ORD0092517,8.09,0.0
ORD0092518,7.92,0.0
ORD0092519,10.51,0.0
ORD0092520,12.18,0.0
ORD0092521,10.99,0.0
ORD0092522,20.79,0.0
ORD0092523,12.93,0.0
ORD0092524,7.97,0.0
ORD0092525,9.85,0.0007
ORD0092526,20.68,0.0
ORD0092527,8.8,0.0
ORD0092528,5.97,0.0
ORD0092529,6.96,0.0
ORD0092530,9.17,0.0
ORD0092531,7.55,0.214
ORD0092532,7.7,0.0
ORD0092533,8.35,0.0
ORD0092534,7.65,0.0
ORD0092535,8.28,0.0
ORD0092536,7.94,0.0
ORD0092537,6.39,0.0
ORD0092538,7.05,0.0
ORD0092539,7.14,0.0
ORD0092540,24.03,0.0
ORD0092541,7.34,0.0
ORD0092542,7.09,0.0
ORD0092543,10.38,0.7552
ORD0092544,7.38,0.0
ORD0092545,7.63,0.0
ORD0092546,12.85,0.0
ORD0092547,9.94,0.0
ORD0092548,13.27,0.0
ORD0092549,19.09,0.0
ORD0092550,7.43,0.0
ORD0092551,8.05,0.0
ORD0092552,9.74,0.0
ORD0092553,15.02,0.0
ORD0092554,13.25,0.0
ORD0092555,15.63,0.0
ORD0092556,14.02,0.0
ORD0092557,12.15,0.0
ORD0092558,11.0,0.0
ORD0092559,22.28,0.0
ORD0092560,9.63,0.0
ORD0092561,13.05,0.0
ORD0092562,11.51,0.0
ORD0092563,14.94,0.1382
ORD0092564,10.82,0.0216
ORD0092565,9.64,0.0
ORD0092566,8.69,0.0
ORD0092567,8.73,0.3254
ORD0092568,7.44,0.481
ORD0092569,20.8,0.9039
ORD0092570,15.4,0.481
ORD0092571,10.75,0.001
ORD0092572,9.11,0.0033
ORD0092573,8.42,0.0
ORD0092574,8.55,0.1382
ORD0092575,16.01,0.0227
ORD0092576,14.56,0.0463
ORD0092577,11.26,0.291
ORD0092578,9.96,0.214
ORD0092579,13.25,0.0
ORD0092580,10.08,0.0
ORD0092581,12.18,0.0
ORD0092582,32.14,0.0
ORD0092583,14.0,0.0619
ORD0092584,8.16,0.0
ORD0092585,8.54,0.0
ORD0092586,8.0,0.0
ORD0092587,12.92,0.0
ORD0092588,9.49,0.0
ORD0092589,60.61,0.0
ORD0092590,11.1,0.0
ORD0092591,11.03,0.0
ORD0092592,12.28,0.0
ORD0092593,19.09,0.0
ORD0092594,23.44,0.0
ORD0092595,21.4,0.0
ORD0092596,13.41,0.0
ORD0092597,9.08,0.0
ORD0092598,15.82,0.0
ORD0092599,18.76,0.481
ORD0092600,9.9,0.0
ORD0092601,11.87,0.9995
ORD0092602,12.43,0.9646
ORD0092603,11.51,0.0
ORD0092604,19.69,0.0
ORD0092605,11.46,0.0
ORD0092606,20.1,1.0
ORD0092607,11.27,0.0
ORD0092608,56.19,0.0
ORD0092609,12.28,0.0
ORD0092610,25.01,0.0
ORD0092611,8.65,0.0
ORD0092612,8.1,0.0
ORD0092613,13.63,0.0
ORD0092614,17.77,0.0
ORD0092615,11.87,0.0
ORD0092616,10.35,0.0
ORD0092617,25.53,0.0
ORD0092618,21.22,0.0
ORD0092619,8.63,0.0227
ORD0092620,9.18,0.0
ORD0092621,12.93,0.0
ORD0092622,65.06,0.0
ORD0092623,37.79,0.0077
ORD0092624,27.26,0.0
ORD0092625,16.56,0.0
ORD0092626,16.32,0.0
ORD0092627,62.88,0.0
ORD0092628,11.8,0.0
ORD0092629,16.94,0.0
ORD0092630,14.13,0.0
ORD0092631,16.14,0.0
ORD0092632,9.95,0.0
ORD0092633,13.62,0.3254
ORD0092634,8.63,0.0
ORD0092635,54.89,0.0
ORD0092636,10.09,0.0
ORD0092637,12.01,0.0
ORD0092638,12.2,0.0007
ORD0092639,10.4,0.0
ORD0092640,29.73,0.0
ORD0092641,19.25,0.0
ORD0092642,13.52,0.291
ORD0092643,13.4,0.0
ORD0092644,18.61,0.0
ORD0092645,18.3,0.0
ORD0092646,17.95,0.0
ORD0092647,11.15,0.0
ORD0092648,18.73,0.0
ORD0092649,9.84,0.0
ORD0092650,22.67,0.0
ORD0092651,9.82,0.0
ORD0092652,11.42,0.0
ORD0092653,14.62,0.001
ORD0092654,14.81,0.0
ORD0092655,22.81,0.0
ORD0092656,8.68,0.0
ORD0092657,9.36,0.0
ORD0092658,8.43,0.0
ORD0092659,7.65,0.0
ORD0092660,6.6,0.0
ORD0092661,7.35,0.0
ORD0092662,10.91,0.168
ORD0092663,8.13,0.8954
ORD0092664,8.18,0.0
ORD0092665,10.28,0.0
ORD0092666,9.09,0.0
ORD0092667,10.87,0.0
ORD0092668,8.91,0.0
ORD0092669,8.44,0.0
ORD0092670,8.45,0.0
ORD0092671,11.65,0.0
ORD0092672,7.97,0.0
ORD0092673,9.29,0.0
ORD0092674,9.87,0.0
ORD0092675,8.8,0.0
ORD0092676,8.78,0.0
ORD0092677,8.67,0.0
ORD0092678,13.26,0.0
ORD0092679,9.37,0.0
ORD0092680,17.16,0.0
ORD0092681,19.92,0.0
ORD0092682,9.58,0.0
ORD0092683,15.13,0.0
ORD0092684,8.17,0.0
ORD0092685,31.88,0.0
ORD0092686,38.73,0.0
ORD0092687,17.79,0.0
ORD0092688,17.38,0.0
ORD0092689,13.04,0.0
ORD0092690,19.72,0.0082
ORD0092691,12.56,0.0
ORD0092692,10.77,0.0
ORD0092693,16.06,0.9921
ORD0092694,15.27,0.0
ORD0092695,13.94,0.0
ORD0092696,12.83,0.0
ORD0092697,16.5,0.0769
ORD0092698,11.71,0.0
ORD0092699,11.19,0.0
ORD0092700,11.38,0.0
ORD0092701,13.73,0.481
ORD0092702,9.56,0.0227
ORD0092703,21.88,0.9995
ORD0092704,17.81,0.291
ORD0092705,14.07,0.0227
ORD0092706,11.12,0.0216
ORD0092707,10.46,0.0227
ORD0092708,11.28,0.3963
ORD0092709,9.7,0.1382
ORD0092710,18.41,0.0227
ORD0092711,13.5,0.001
ORD0092712,16.21,0.2198
ORD0092713,12.14,0.0619
ORD0092714,14.09,0.0
ORD0092715,12.02,0.0
ORD0092716,12.05,0.0
ORD0092717,17.55,0.0463
ORD0092718,36.85,0.214
ORD0092719,17.83,0.875
ORD0092720,21.36,0.8451
ORD0092721,23.45,0.0
ORD0092722,10.23,0.0
ORD0092723,21.16,0.0
ORD0092724,10.81,0.0619
ORD0092725,10.88,0.0
ORD0092726,15.26,0.001
ORD0092727,13.6,0.0
ORD0092728,14.31,0.0
ORD0092729,11.39,0.0
ORD0092730,17.24,0.0
ORD0092731,15.94,0.0
ORD0092732,17.55,0.0
ORD0092733,24.5,0.3963
ORD0092734,22.86,0.0
ORD0092735,15.06,0.0
ORD0092736,16.77,0.0
ORD0092737,12.34,0.0
ORD0092738,11.11,0.0
ORD0092739,14.14,0.0
ORD0092740,17.81,0.0
ORD0092741,18.07,0.9646
ORD0092742,19.06,0.9995
ORD0092743,16.59,1.0
ORD0092744,17.94,0.0
ORD0092745,13.1,0.0
ORD0092746,17.47,0.0
ORD0092747,23.53,1.0
ORD0092748,54.83,0.0
ORD0092749,52.86,0.9921
ORD0092750,75.83,0.0
ORD0092751,82.28,0.0
ORD0092752,26.59,0.0
ORD0092753,44.28,0.0
ORD0092754,18.28,0.0
ORD0092755,12.71,0.0
ORD0092756,12.24,0.0
ORD0092757,11.72,0.0
ORD0092758,26.3,0.0
ORD0092759,18.27,0.0
ORD0092760,9.89,0.0
ORD0092761,16.01,0.0
ORD0092762,23.31,0.0
ORD0092763,19.17,0.0
ORD0092764,17.08,0.9264
ORD0092765,21.36,0.0
ORD0092766,13.89,0.0
ORD0092767,12.95,0.3963
ORD0092768,23.92,0.0
ORD0092769,15.47,0.0
ORD0092770,26.1,0.0
ORD0092771,18.18,0.0
ORD0092772,13.29,0.0
ORD0092773,25.36,0.0
ORD0092774,20.57,0.0
ORD0092775,19.74,0.0
ORD0092776,16.28,0.0
ORD0092777,15.06,0.8087
ORD0092778,23.57,1.0
ORD0092779,20.09,0.8954
ORD0092780,10.3,0.0
ORD0092781,9.72,0.0
ORD0092782,13.18,0.0
ORD0092783,15.41,0.0
ORD0092784,14.54,0.0
ORD0092785,13.23,0.0
ORD0092786,27.47,0.0
ORD0092787,35.22,0.0
ORD0092788,17.3,0.0619
ORD0092789,14.7,0.0
ORD0092790,19.92,0.0
ORD0092791,17.63,0.0
ORD0092792,17.76,0.0
ORD0092793,13.86,0.0
ORD0092794,24.45,0.0
ORD0092795,18.82,0.0
ORD0092796,12.77,0.0007
ORD0092797,14.54,0.0
ORD0092798,17.98,0.0
ORD0092799,14.42,0.0
ORD0092800,13.53,0.3958
ORD0092801,11.57,0.0
ORD0092802,11.07,0.0
ORD0092803,13.17,0.0
ORD0092804,15.91,0.0
ORD0092805,17.72,0.0
ORD0092806,13.52,0.0
ORD0092807,19.88,0.0
ORD0092808,10.84,0.0
ORD0092809,13.79,0.0227
ORD0092810,7.63,0.0
ORD0092811,8.9,0.0408
ORD0092812,15.01,0.0
ORD0092813,12.3,0.481
ORD0092814,10.64,0.0
ORD0092815,10.68,0.0
ORD0092816,10.29,0.0
ORD0092817,13.59,0.0
ORD0092818,15.64,0.0
ORD0092819,9.64,0.0
ORD0092820,10.01,0.0
ORD0092821,8.26,0.0
ORD0092822,8.63,0.0
ORD0092823,10.11,0.0
ORD0092824,9.92,0.0
ORD0092825,8.26,0.0
ORD0092826,8.45,0.0
ORD0092827,10.68,0.0
ORD0092828,9.48,0.0
ORD0092829,9.46,0.0
ORD0092830,16.44,0.0
ORD0092831,19.07,0.0
ORD0092832,28.78,0.0
ORD0092833,10.11,0.0
ORD0092834,12.3,0.0
ORD0092835,11.42,0.0
ORD0092836,24.38,0.0
ORD0092837,55.82,0.0
ORD0092838,58.12,0.0
ORD0092839,33.02,0.0
ORD0092840,51.83,0.0
ORD0092841,36.62,0.0
ORD0092842,20.39,0.0
ORD0092843,18.04,0.0
ORD0092844,16.99,0.0
ORD0092845,19.52,0.0
ORD0092846,19.21,0.0
ORD0092847,13.71,0.0
ORD0092848,15.77,0.1
ORD0092849,17.17,0.0
ORD0092850,15.13,0.0
ORD0092851,21.46,0.0345
ORD0092852,11.66,0.0
ORD0092853,15.37,0.3958
ORD0092854,43.68,0.0
ORD0092855,25.63,0.9415
ORD0092856,14.33,0.0
ORD0092857,15.25,0.0
ORD0092858,13.94,0.0
ORD0092859,12.81,0.3556
ORD0092860,13.48,0.0463
ORD0092861,13.94,0.8087
ORD0092862,13.25,0.8087
ORD0092863,20.74,0.0
ORD0092864,17.08,0.0408
ORD0092865,12.86,0.214
ORD0092866,14.47,0.0
ORD0092867,13.26,0.0
ORD0092868,17.08,0.0
ORD0092869,36.71,0.0
ORD0092870,36.44,0.0
ORD0092871,19.25,0.214
ORD0092872,20.81,0.214
ORD0092873,11.84,0.3444
ORD0092874,10.85,0.0
ORD0092875,13.81,0.9995
ORD0092876,9.28,0.0
ORD0092877,16.77,1.0
ORD0092878,13.33,0.0
ORD0092879,13.71,0.0
ORD0092880,13.54,0.0
ORD0092881,18.98,0.001
ORD0092882,14.21,0.0
ORD0092883,24.42,0.9778
ORD0092884,33.32,1.0
ORD0092885,24.73,0.481
ORD0092886,19.02,0.0
ORD0092887,14.48,0.0
ORD0092888,11.91,0.0
ORD0092889,10.94,0.0
ORD0092890,14.56,0.0
ORD0092891,16.02,0.0
ORD0092892,19.28,1.0
ORD0092893,21.33,0.0
ORD0092894,16.68,0.0
ORD0092895,20.27,0.0033
ORD0092896,51.86,0.0
ORD0092897,43.47,0.0
ORD0092898,13.99,0.0
ORD0092899,12.82,0.0
ORD0092900,17.18,0.0
ORD0092901,25.7,0.0
ORD0092902,9.31,0.0
ORD0092903,8.68,0.0
ORD0092904,14.87,0.0
ORD0092905,15.93,0.0
ORD0092906,23.11,0.241
ORD0092907,27.3,0.3254
ORD0092908,16.03,0.0
ORD0092909,27.62,0.0
ORD0092910,34.26,0.0
ORD0092911,14.53,0.9921
ORD0092912,20.04,0.0
ORD0092913,17.54,0.0
ORD0092914,34.73,0.0
ORD0092915,17.75,0.0
ORD0092916,22.06,0.0
ORD0092917,19.84,0.0
ORD0092918,18.77,0.0
ORD0092919,16.08,0.6546
ORD0092920,9.4,0.0
ORD0092921,22.41,1.0
ORD0092922,11.0,0.0
ORD0092923,10.54,0.0
ORD0092924,11.6,0.0
ORD0092925,16.85,0.0007
ORD0092926,30.33,0.0
ORD0092927,20.3,0.214
ORD0092928,15.18,0.0
ORD0092929,20.38,0.0
ORD0092930,21.07,0.0
ORD0092931,16.75,0.0
ORD0092932,60.72,0.0
ORD0092933,47.14,0.0
ORD0092934,23.24,0.0
ORD0092935,15.26,0.0
ORD0092936,14.57,0.0
ORD0092937,22.86,0.0
ORD0092938,14.0,0.0
ORD0092939,58.08,0.0
ORD0092940,43.85,0.0
ORD0092941,39.36,0.0
ORD0092942,11.87,0.0
ORD0092943,23.45,0.0
ORD0092944,19.97,0.0
ORD0092945,17.25,0.0
ORD0092946,13.44,0.0
ORD0092947,14.28,0.0
ORD0092948,12.68,0.0
ORD0092949,27.04,0.0
ORD0092950,49.07,0.0
ORD0092951,7.7,0.0
ORD0092952,13.53,0.3963
ORD0092953,13.2,0.0
ORD0092954,10.83,0.9646
ORD0092955,9.98,0.0
ORD0092956,9.07,0.0
ORD0092957,10.13,0.0
ORD0092958,16.21,0.0
ORD0092959,11.2,0.0
ORD0092960,12.82,0.0
ORD0092961,36.08,0.0
ORD0092962,9.25,0.0
ORD0092963,8.93,0.0
ORD0092964,7.71,0.0
ORD0092965,8.86,0.0
ORD0092966,8.2,0.0
ORD0092967,8.93,0.0
ORD0092968,16.67,0.0
ORD0092969,16.02,0.1
ORD0092970,29.0,0.0
ORD0092971,24.2,0.0
ORD0092972,8.62,0.0
ORD0092973,11.2,0.9921
ORD0092974,12.51,0.0
ORD0092975,18.81,0.0
ORD0092976,16.82,0.0
ORD0092977,14.0,0.0
ORD0092978,18.73,0.0
ORD0092979,16.41,0.3958
ORD0092980,11.7,0.0
ORD0092981,18.89,0.481
ORD0092982,14.75,0.0
ORD0092983,15.74,0.0
ORD0092984,20.96,0.214
ORD0092985,12.72,0.481
ORD0092986,13.58,0.0
ORD0092987,13.57,0.8596
ORD0092988,22.97,1.0
ORD0092989,22.57,0.9921
ORD0092990,11.54,0.0345
ORD0092991,11.0,0.0082
ORD0092992,12.32,0.291
ORD0092993,10.28,0.5931
ORD0092994,24.56,0.1
ORD0092995,15.11,0.0213
ORD0092996,16.15,0.291
ORD0092997,18.54,0.0
ORD0092998,12.36,0.0
ORD0092999,15.15,0.0
ORD0093000,15.36,0.0
ORD0093001,34.18,0.0408
ORD0093002,29.52,0.0
ORD0093003,24.98,0.9921
ORD0093004,23.58,0.3958
ORD0093005,8.83,0.0
ORD0093006,8.7,0.0
ORD0093007,8.46,0.0
ORD0093008,12.31,0.0
ORD0093009,9.72,0.0
ORD0093010,13.29,0.0
ORD0093011,10.21,0.0
ORD0093012,14.22,0.0
ORD0093013,12.02,0.0
ORD0093014,20.69,0.0
ORD0093015,12.27,0.0
ORD0093016,23.62,0.0
ORD0093017,14.91,0.0619
ORD0093018,32.67,0.0
ORD0093019,11.36,0.0
ORD0093021,12.66,0.0
ORD0093023,19.81,0.0007
ORD0093024,14.4,0.9646
ORD0093025,7.17,0.0
ORD0093026,16.04,0.0
ORD0093027,12.5,0.0
ORD0093028,22.02,1.0
ORD0093030,14.66,0.0
ORD0093031,11.66,0.0
ORD0093032,10.4,0.0
ORD0093033,19.57,0.0
ORD0093034,16.75,0.0
ORD0093035,7.51,0.0
ORD0093036,9.23,0.0
ORD0093037,10.93,0.0
ORD0093038,11.46,0.0
ORD0093039,19.25,0.001
ORD0093040,19.94,0.3444
ORD0093041,18.42,0.0
ORD0093042,26.93,0.0
ORD0093043,29.31,0.0
ORD0093044,11.96,1.0
ORD0093045,14.05,0.0
ORD0093046,23.73,0.0
ORD0093047,13.92,0.0
ORD0093048,71.49,0.0
ORD0093049,47.11,0.0
ORD0093050,23.92,0.0
ORD0093051,22.31,0.0
ORD0093052,15.68,0.0
ORD0093053,15.02,0.0
ORD0093054,21.42,0.0
ORD0093055,16.75,0.0
ORD0093056,13.39,0.9801
ORD0093057,9.26,0.0
ORD0093058,18.34,1.0
ORD0093059,15.97,0.0
ORD0093060,8.89,0.0
ORD0093061,9.92,0.0
ORD0093062,10.93,0.0
ORD0093063,14.04,0.001
ORD0093064,21.08,0.0
ORD0093065,21.77,0.0
ORD0093066,17.63,0.3963
ORD0093067,19.64,0.0
ORD0093068,21.2,0.0
ORD0093069,17.78,0.214
ORD0093070,23.73,0.0
ORD0093071,21.48,0.0
ORD0093072,13.12,0.0033
ORD0093073,15.58,0.0
ORD0093074,16.1,0.0
ORD0093075,12.56,0.0
ORD0093076,13.82,0.481
ORD0093077,36.83,0.0
ORD0093078,11.44,0.0
ORD0093079,17.43,0.0
ORD0093080,18.12,0.0
ORD0093081,17.81,0.0
ORD0093082,9.72,0.0
ORD0093083,8.75,0.0
ORD0093084,10.55,0.0
ORD0093085,9.42,0.0
ORD0093086,24.57,0.0
ORD0093087,7.66,0.0
ORD0093088,15.68,0.001
ORD0093089,15.14,0.0033
ORD0093090,9.85,0.608
ORD0093091,9.58,0.9264
ORD0093092,10.48,0.0
ORD0093093,9.21,0.0
ORD0093094,10.02,0.0
ORD0093095,9.79,0.0
ORD0093096,10.8,0.0
ORD0093097,8.87,0.0
ORD0093098,8.03,0.0
ORD0093099,7.4,0.0
ORD0093100,9.67,0.0
ORD0093101,8.75,0.0227
ORD0093102,8.37,0.0
ORD0093103,12.55,0.8087
ORD0093104,7.54,0.0
ORD0093105,10.08,0.0
ORD0093106,14.96,0.0
ORD0093107,21.73,0.0
ORD0093108,9.6,0.0
ORD0093109,15.31,0.0
ORD0093110,16.19,0.608
ORD0093111,11.29,0.0
ORD0093112,20.04,0.0
ORD0093113,19.81,0.0
ORD0093114,16.36,0.0
ORD0093115,17.74,0.0
ORD0093116,20.7,0.0
ORD0093117,19.09,0.0
ORD0093118,21.38,0.0
ORD0093119,12.52,0.0
ORD0093120,16.83,0.0
ORD0093121,19.63,0.0
ORD0093122,13.41,0.0
ORD0093123,16.11,0.0
ORD0093124,26.65,0.0
ORD0093125,16.62,0.0082
ORD0093126,12.8,0.3958
ORD0093127,12.2,0.0
ORD0093128,9.82,0.0007
ORD0093129,14.34,0.5385
ORD0093130,10.92,0.8256
ORD0093131,24.73,0.9679
ORD0093132,15.62,0.0
ORD0093133,14.96,0.0227
ORD0093134,26.32,0.0
ORD0093135,13.28,0.1
ORD0093136,12.04,0.168
ORD0093137,11.29,0.608
ORD0093138,23.84,0.001
ORD0093139,16.52,0.001
ORD0093140,18.06,0.214
ORD0093141,15.56,0.0
ORD0093142,12.9,0.0408
ORD0093143,12.79,0.0
ORD0093144,44.27,0.9973
ORD0093145,28.97,0.0
ORD0093146,21.17,1.0
ORD0093147,8.44,0.0
ORD0093148,9.57,0.0
ORD0093149,11.97,0.0
ORD0093150,14.78,0.0
ORD0093151,14.89,0.0
ORD0093152,19.7,0.0
ORD0093153,23.63,0.0
ORD0093154,21.75,0.8256
ORD0093155,19.73,0.8087
ORD0093156,11.7,0.0
ORD0093157,11.17,0.0
ORD0093158,9.31,0.0
ORD0093159,12.38,0.0
ORD0093160,13.92,0.0
ORD0093161,19.93,1.0
ORD0093162,11.7,0.0
ORD0093163,12.13,0.0
ORD0093164,12.69,0.0227
ORD0093165,15.88,0.0
ORD0093166,16.56,0.0
ORD0093167,21.18,1.0
ORD0093168,11.99,0.0
ORD0093169,11.28,0.0
ORD0093170,13.4,0.3963
ORD0093171,26.26,0.0
ORD0093172,19.06,0.0
ORD0093173,11.19,0.0
ORD0093174,12.35,0.0
ORD0093175,12.33,0.0
ORD0093176,18.36,0.0
ORD0093177,14.32,0.0
ORD0093178,11.21,0.0007
ORD0093179,13.1,0.0
ORD0093180,27.39,0.0
ORD0093181,10.01,0.7552
ORD0093182,10.13,0.3963
ORD0093183,13.23,0.0
ORD0093184,27.01,0.0
ORD0093185,17.63,0.0
ORD0093186,12.5,0.0
ORD0093187,20.88,0.0
ORD0093188,17.51,0.0
ORD0093189,18.16,0.0
ORD0093190,14.47,0.0
ORD0093191,13.18,0.9039
ORD0093192,9.35,0.0
ORD0093193,18.88,1.0
ORD0093194,17.63,0.291
ORD0093195,8.33,0.0
ORD0093196,26.71,0.0
ORD0093197,23.71,0.0
ORD0093198,10.76,0.0
ORD0093199,11.39,0.0
ORD0093200,12.71,0.0
ORD0093201,11.25,0.0
ORD0093202,25.02,0.0
ORD0093203,13.39,0.7139
ORD0093204,15.67,0.0082
ORD0093205,17.81,0.0
ORD0093206,15.62,0.0
ORD0093207,13.96,0.0
ORD0093208,19.31,0.0
ORD0093209,19.81,0.0007
ORD0093210,10.87,0.0
ORD0093211,18.4,0.0
ORD0093212,10.52,0.0
ORD0093213,9.29,0.0
ORD0093214,11.65,0.168
ORD0093215,13.16,0.1382
ORD0093216,20.34,0.0033
ORD0093217,13.99,0.9995
ORD0093218,11.19,0.9973
ORD0093219,9.03,0.9995
ORD0093220,12.64,1.0
ORD0093221,10.82,1.0
ORD0093222,8.18,0.0
ORD0093223,6.39,0.0
ORD0093224,15.35,0.0
ORD0093225,11.34,0.001
ORD0093226,8.77,0.001
ORD0093227,8.22,0.9415
ORD0093228,9.52,0.0
ORD0093229,11.09,0.0408
ORD0093230,23.15,0.0
ORD0093231,9.27,0.0
ORD0093232,9.41,0.0
ORD0093233,8.7,0.0
ORD0093234,8.27,0.0
ORD0093235,9.74,0.0
ORD0093236,8.42,0.0
ORD0093237,9.8,0.0
ORD0093238,8.16,0.0
ORD0093239,8.04,0.0
ORD0093240,12.0,0.0
ORD0093241,26.89,0.0
ORD0093242,21.52,0.0
ORD0093243,9.02,0.0
ORD0093244,9.5,0.0
ORD0093245,11.67,0.0
ORD0093246,9.73,0.0
ORD0093247,18.54,0.0
ORD0093248,15.98,0.0
ORD0093249,18.92,0.0
ORD0093250,21.15,0.0
ORD0093251,17.7,0.0
ORD0093252,11.3,0.0
ORD0093253,10.18,0.0
ORD0093254,17.14,0.0619
ORD0093255,13.84,0.0
ORD0093256,13.48,0.0
ORD0093257,63.65,0.0
ORD0093258,20.98,0.0227
ORD0093259,14.42,0.0
ORD0093260,9.39,0.0007
ORD0093261,11.15,0.214
ORD0093262,21.08,0.9801
ORD0093263,11.06,0.0
ORD0093264,12.47,0.1382
ORD0093265,12.26,0.7139
ORD0093266,12.61,0.6546
ORD0093267,12.1,0.8451
ORD0093268,10.43,0.1791
ORD0093269,16.99,0.608
ORD0093270,16.25,0.8087
ORD0093271,12.22,0.9581
ORD0093272,46.01,0.0463
ORD0093273,16.44,0.0
ORD0093274,13.46,0.0
ORD0093275,15.75,0.0
ORD0093276,39.37,0.0227
ORD0093277,35.91,0.0
ORD0093278,22.93,0.9921
ORD0093279,24.86,0.9415
ORD0093280,7.47,0.0
ORD0093281,9.64,0.9415
ORD0093282,7.87,0.0
ORD0093283,9.43,0.9778
ORD0093284,11.12,0.0
ORD0093285,11.65,0.0
ORD0093286,11.13,0.0
ORD0093287,17.7,0.0
ORD0093288,14.07,0.0
ORD0093289,18.0,0.0
ORD0093290,34.66,0.0
ORD0093291,7.86,0.0
ORD0093292,7.84,0.0
ORD0093293,10.79,0.0
ORD0093294,17.79,0.0
ORD0093295,10.43,0.0
ORD0093296,14.95,0.291
ORD0093297,7.11,0.0
ORD0093298,10.02,0.0
ORD0093299,7.27,0.0
ORD0093300,12.72,0.0
ORD0093301,13.69,0.001
ORD0093302,53.89,0.0
ORD0093303,22.04,0.0
ORD0093304,20.22,0.0
ORD0093305,11.17,0.0
ORD0093306,8.55,0.0
ORD0093307,18.81,0.0
ORD0093308,48.11,0.0
ORD0093309,7.4,0.0
ORD0093310,8.27,0.0
ORD0093311,12.15,0.0
ORD0093312,10.3,0.0
ORD0093313,17.06,0.0
ORD0093314,17.29,0.0
ORD0093315,14.73,0.1
ORD0093316,12.53,0.608
ORD0093317,29.05,0.0
ORD0093318,20.39,0.0
ORD0093319,8.77,0.9921
ORD0093320,11.76,0.0
ORD0093321,14.45,0.0
ORD0093322,26.06,0.0
ORD0093323,16.54,0.0
ORD0093324,16.77,0.0
ORD0093325,10.97,0.0
ORD0093326,19.1,0.0
ORD0093327,15.94,0.0
ORD0093328,14.41,0.0
ORD0093329,12.78,0.0
ORD0093330,9.34,0.001
ORD0093331,8.97,0.0216
ORD0093332,15.05,0.7139
ORD0093333,14.18,0.9039
ORD0093334,7.44,0.0
ORD0093335,7.69,0.0
ORD0093336,9.77,0.0
ORD0093337,10.47,0.0
ORD0093338,12.06,0.0
ORD0093339,12.02,0.214
ORD0093340,36.35,0.0
ORD0093341,20.73,0.0
ORD0093342,12.49,0.0
ORD0093343,15.91,0.0
ORD0093344,12.48,0.0
ORD0093345,14.4,0.0
ORD0093346,15.28,0.0
ORD0093347,16.09,0.0
ORD0093348,13.08,0.0
ORD0093349,10.68,0.0
ORD0093350,10.62,0.0
ORD0093351,11.51,0.0
ORD0093352,10.48,0.0007
ORD0093353,8.7,0.0
ORD0093354,18.67,0.0
ORD0093355,10.45,0.0
ORD0093356,9.34,0.0
ORD0093357,12.3,0.9415
ORD0093358,13.09,0.0
ORD0093359,10.35,0.0
ORD0093360,20.46,0.0
ORD0093361,7.14,0.0
ORD0093362,7.62,0.0077
ORD0093363,9.24,0.0033
ORD0093364,7.94,0.0
ORD0093365,5.99,0.0033
ORD0093366,6.13,0.001
ORD0093367,10.05,0.7552
ORD0093368,8.4,0.9921
ORD0093369,7.79,0.8087
ORD0093370,8.51,0.0
ORD0093371,8.26,0.0
ORD0093372,7.6,0.0
ORD0093373,8.53,0.0
ORD0093374,5.62,0.0
ORD0093375,7.81,0.0
ORD0093376,7.2,0.0
ORD0093377,39.55,0.0
ORD0093378,5.97,0.0
ORD0093379,6.99,0.0
ORD0093380,8.22,0.0
ORD0093381,7.17,0.0
ORD0093382,6.88,0.0
ORD0093383,9.9,0.0
ORD0093384,10.18,0.0
ORD0093385,20.37,0.0
ORD0093386,18.98,0.0
ORD0093387,7.4,0.0
ORD0093388,8.08,0.0
ORD0093389,9.64,0.0
ORD0093390,16.43,0.0
ORD0093391,14.82,0.0
ORD0093392,14.79,0.0
ORD0093393,14.41,0.0
ORD0093394,11.48,0.0
ORD0093395,9.29,0.0
ORD0093396,8.51,0.0
ORD0093397,11.42,0.0
ORD0093398,14.3,0.0
ORD0093399,11.3,0.0
ORD0093400,11.77,0.0
ORD0093401,12.13,0.0033
ORD0093402,22.38,0.0
ORD0093403,10.74,0.0
ORD0093404,7.89,0.001
ORD0093405,7.35,0.214
ORD0093406,16.4,0.291
ORD0093407,12.91,0.3958
ORD0093408,9.2,0.0
ORD0093409,8.67,0.0
ORD0093410,9.99,0.1
ORD0093411,9.26,0.608
ORD0093412,17.2,0.0
ORD0093413,11.86,0.8182
ORD0093414,13.74,0.0619
ORD0093415,9.74,0.9778
ORD0093416,13.98,0.0
ORD0093417,10.7,0.0
ORD0093418,8.6,0.0
ORD0093419,28.6,0.0
ORD0093420,12.86,0.0
ORD0093421,24.5,0.0
ORD0093422,17.24,0.0
ORD0093423,13.41,0.0
ORD0093424,16.33,0.0
ORD0093425,13.23,0.0
ORD0093426,19.21,0.0
ORD0093427,14.86,0.0
ORD0093428,20.71,0.0
ORD0093429,17.25,0.0
ORD0093430,23.27,0.0
ORD0093431,33.71,0.0
ORD0093432,22.41,0.0
ORD0093433,23.36,0.0
ORD0093434,13.51,0.0
ORD0093435,23.14,0.0
ORD0093436,21.33,0.0
ORD0093437,18.53,0.0
ORD0093438,19.46,0.9921
ORD0093439,16.8,0.481
ORD0093440,23.5,0.0
ORD0093441,51.6,0.0
ORD0093442,24.45,0.1
ORD0093443,24.73,1.0
ORD0093444,16.1,0.0
ORD0093445,67.81,0.0
ORD0093446,15.07,0.0
ORD0093447,22.37,0.0
ORD0093448,16.5,0.0
ORD0093449,11.7,0.0
ORD0093450,13.42,0.0
ORD0093451,22.02,0.0
ORD0093452,20.04,0.0
ORD0093453,19.65,0.0
ORD0093454,34.9,0.0
ORD0093455,56.76,0.0
ORD0093456,16.94,0.0619
ORD0093457,14.36,0.0
ORD0093458,25.2,0.0
ORD0093459,111.0,0.0
ORD0093460,72.35,0.0
ORD0093461,25.73,0.0
ORD0093462,35.37,0.0
ORD0093463,24.75,0.0
ORD0093464,24.7,0.0
ORD0093465,15.82,0.0
ORD0093466,25.71,0.0
ORD0093467,25.95,0.001
ORD0093468,18.82,0.0
ORD0093469,19.76,0.3444
ORD0093470,18.5,1.0
ORD0093471,12.08,0.0
ORD0093472,63.35,0.0
ORD0093473,18.07,1.0
ORD0093474,22.07,0.9995
ORD0093475,18.56,1.0
ORD0093476,18.5,1.0
ORD0093477,44.3,0.0
ORD0093478,29.27,0.0
ORD0093479,19.8,1.0
ORD0093480,21.08,1.0
ORD0093481,26.59,0.214
ORD0093482,30.19,0.0
ORD0093483,18.5,1.0
ORD0093484,16.33,0.9801
ORD0093485,24.62,0.0
ORD0093486,16.17,0.0
ORD0093487,20.3,0.0
ORD0093488,14.57,0.0
ORD0093489,16.64,0.0
ORD0093490,15.84,0.001
ORD0093491,18.29,0.0
ORD0093492,19.22,0.0
ORD0093493,16.0,0.0
ORD0093494,11.96,0.0
ORD0093495,14.3,0.3556
ORD0093496,11.13,0.0
ORD0093497,15.07,0.0007
ORD0093498,11.36,0.0
ORD0093499,17.17,0.1
ORD0093500,12.89,1.0
ORD0093501,11.97,0.9039
ORD0093502,13.09,0.0
ORD0093503,12.89,0.0
ORD0093504,13.26,0.0
ORD0093505,12.98,0.0
ORD0093506,11.41,0.0
ORD0093507,19.39,0.0
ORD0093508,13.64,0.0
ORD0093509,12.37,0.0
ORD0093510,12.64,0.0
ORD0093511,12.21,0.0
ORD0093512,13.38,0.0007
ORD0093513,11.61,0.0
ORD0093514,12.13,0.0
ORD0093515,17.82,0.0
ORD0093516,20.63,0.9415
ORD0093517,27.36,0.0
ORD0093518,26.13,0.6546
ORD0093519,12.62,0.0
ORD0093520,15.3,0.0
ORD0093521,15.46,1.0
ORD0093522,37.69,0.0
ORD0093523,109.94,0.0096
ORD0093524,64.08,0.0
ORD0093525,21.32,0.0
ORD0093526,22.2,0.0
ORD0093527,18.01,0.0
ORD0093528,22.14,0.0
ORD0093529,18.02,0.0
ORD0093530,27.27,0.0
ORD0093531,20.19,0.3963
ORD0093532,18.02,0.0
ORD0093533,15.12,0.0
ORD0093534,20.65,0.0
ORD0093535,21.29,0.0096
ORD0093536,14.47,0.0
ORD0093537,19.69,0.0
ORD0093538,26.76,0.0
ORD0093539,16.52,0.0096
ORD0093540,12.38,0.0
ORD0093541,24.36,0.8256
ORD0093542,21.07,0.001
ORD0093543,17.88,0.0
ORD0093544,14.01,0.0
ORD0093545,19.55,0.9921
ORD0093546,13.43,0.1382
ORD0093547,13.41,0.0
ORD0093548,24.12,0.0007
ORD0093549,25.86,0.5931
ORD0093550,19.17,0.3963
ORD0093551,14.81,0.1382
ORD0093552,23.6,0.0
ORD0093553,21.51,0.0
ORD0093554,16.53,0.0
ORD0093555,19.44,0.0
ORD0093556,67.03,0.0
ORD0093557,25.53,0.9039
ORD0093558,22.97,0.0
ORD0093559,62.62,0.0
ORD0093560,12.79,0.0
ORD0093561,10.6,0.0
ORD0093562,11.31,0.0
ORD0093563,10.82,0.0408
ORD0093564,14.07,0.0
ORD0093565,13.91,0.0007
ORD0093566,13.27,0.0
ORD0093567,13.79,0.0
ORD0093568,18.08,0.0
ORD0093569,12.65,0.0
ORD0093570,20.88,0.0
ORD0093571,21.26,0.0
ORD0093572,24.45,0.0
ORD0093573,17.71,0.0
ORD0093574,18.48,0.0
ORD0093575,13.34,0.0
ORD0093576,11.35,0.0
ORD0093577,15.02,0.0
ORD0093578,17.78,0.0
ORD0093579,22.08,0.3958
ORD0093580,23.96,0.9646
ORD0093581,14.76,0.2961
ORD0093582,17.85,0.0
ORD0093583,13.37,0.0
ORD0093584,26.36,0.9995
ORD0093585,28.5,1.0
ORD0093586,69.88,0.0
ORD0093587,83.73,0.0588
ORD0093588,43.05,0.0
ORD0093589,51.59,0.0
ORD0093590,30.46,0.0
ORD0093591,52.47,0.0
ORD0093592,14.05,0.0
ORD0093593,12.93,0.0
ORD0093594,15.87,0.0
ORD0093595,14.27,0.0
ORD0093596,23.55,0.0
ORD0093597,28.45,0.0
ORD0093598,11.68,0.0
ORD0093599,15.91,0.0
ORD0093600,20.66,0.8954
ORD0093601,23.12,0.0
ORD0093602,16.88,0.9778
ORD0093603,35.1,0.0
ORD0093604,17.74,1.0
ORD0093605,13.15,0.1382
ORD0093606,15.77,0.0
ORD0093607,16.81,0.0
ORD0093608,28.0,0.0
ORD0093609,16.16,0.0
ORD0093610,19.5,0.0
ORD0093611,34.0,0.481
ORD0093612,22.0,0.0
ORD0093613,18.69,0.0
ORD0093614,18.97,0.0
ORD0093615,19.36,1.0
ORD0093616,25.44,1.0
ORD0093617,20.51,0.0
ORD0093618,9.94,0.0
ORD0093619,10.32,0.0
ORD0093620,13.47,0.0
ORD0093621,14.66,0.0
ORD0093622,16.12,0.0
ORD0093623,16.2,0.0
ORD0093624,30.03,0.0
ORD0093625,30.26,0.0
ORD0093626,20.69,0.0
ORD0093627,18.41,0.0007
ORD0093628,22.92,0.0
ORD0093629,20.21,0.0
ORD0093630,19.39,0.0
ORD0093631,14.94,0.0
ORD0093632,22.82,0.214
ORD0093633,21.46,0.0
ORD0093634,16.35,0.8723
ORD0093635,16.16,0.0227
ORD0093636,17.12,0.0
ORD0093637,15.99,0.0
ORD0093638,16.66,0.9921
ORD0093639,12.61,0.8087
ORD0093640,12.23,0.0
ORD0093641,12.9,0.0
ORD0093642,15.94,0.0
ORD0093643,18.09,0.0
ORD0093644,14.95,0.0
ORD0093645,17.54,0.0
ORD0093646,12.09,0.214
ORD0093647,15.37,0.9973
ORD0093648,11.41,0.0
ORD0093649,9.13,0.0
ORD0093650,13.33,0.001
ORD0093651,15.69,0.0
ORD0093652,10.68,0.7552
ORD0093653,9.56,0.0
ORD0093654,10.9,0.0
ORD0093655,11.61,0.0
ORD0093656,14.4,0.0
ORD0093657,11.65,0.0
ORD0093658,9.97,0.0
ORD0093659,12.84,0.0
ORD0093660,8.35,0.0
ORD0093661,44.38,0.0
ORD0093662,9.95,0.0
ORD0093663,10.31,0.0
ORD0093664,8.7,0.0
ORD0093665,9.99,0.0
ORD0093666,9.45,0.0
ORD0093667,10.2,0.0
ORD0093668,21.49,0.0
ORD0093669,17.36,0.0
ORD0093670,32.79,0.0
ORD0093671,10.77,0.0
ORD0093672,13.17,0.0
ORD0093673,11.78,0.0
ORD0093674,23.7,0.0
ORD0093675,73.96,0.0
ORD0093676,74.7,0.0
ORD0093677,43.6,0.0
ORD0093678,53.86,0.0
ORD0093679,36.99,0.0
ORD0093680,51.18,0.0
ORD0093681,23.86,0.0
ORD0093682,22.85,0.0
ORD0093683,28.97,0.0
ORD0093684,24.5,0.0
ORD0093685,28.57,0.1382
ORD0093686,21.53,0.0
ORD0093687,22.08,0.9995
ORD0093688,17.18,0.0
ORD0093689,18.11,0.0
ORD0093690,24.68,0.8954
ORD0093691,14.45,0.0227
ORD0093692,14.31,1.0
ORD0093693,9.58,0.0007
ORD0093694,29.74,1.0
ORD0093695,17.87,0.1791
ORD0093696,19.92,0.0619
ORD0093697,14.16,0.0
ORD0093698,13.06,0.0619
ORD0093699,15.09,0.9921
ORD0093700,14.6,0.7139
ORD0093701,11.84,0.0227
ORD0093702,22.64,0.7139
ORD0093703,19.12,0.9415
ORD0093704,16.89,1.0
ORD0093705,25.08,0.0
ORD0093706,17.34,0.0
ORD0093707,19.81,0.0
ORD0093708,45.91,0.0
ORD0093709,50.28,0.0
ORD0093710,28.2,0.0
ORD0093711,30.48,0.0
ORD0093712,12.62,0.0
ORD0093713,10.23,0.0
ORD0093714,9.46,0.0
ORD0093715,9.54,0.0
ORD0093716,13.71,0.0
ORD0093717,13.79,0.0
ORD0093718,15.63,0.0
ORD0093719,13.95,0.0007
ORD0093720,20.14,0.0
ORD0093721,18.7,0.0
ORD0093722,28.37,0.0
ORD0093723,29.89,0.0
ORD0093724,27.75,0.9415
ORD0093725,15.03,0.0
ORD0093726,13.09,0.0
ORD0093727,14.39,0.0
ORD0093728,14.03,0.0
ORD0093729,23.04,0.0
ORD0093730,23.68,0.0
ORD0093731,14.72,0.8197
ORD0093732,26.57,0.0
ORD0093733,18.47,0.0
ORD0093734,27.48,0.9995
ORD0093735,89.2,0.0
ORD0093736,52.41,0.0
ORD0093737,94.56,0.0
ORD0093738,13.95,0.0
ORD0093739,16.55,0.0
ORD0093740,12.26,0.0
ORD0093741,30.17,0.0
ORD0093742,12.36,0.0
ORD0093743,8.86,0.0
ORD0093744,13.78,0.0007
ORD0093745,15.5,0.0
ORD0093746,23.5,0.0
ORD0093747,23.95,0.0
ORD0093748,19.73,0.0
ORD0093749,58.6,0.0
ORD0093750,43.03,0.0
ORD0093751,14.62,0.7552
ORD0093752,19.26,0.0
ORD0093753,32.33,0.0
ORD0093754,107.65,0.0
ORD0093755,62.51,0.0
ORD0093756,33.91,0.0
ORD0093757,18.48,0.0
ORD0093758,21.8,0.0227
ORD0093759,20.86,0.0
ORD0093760,24.71,0.0
ORD0093761,18.04,0.9973
ORD0093762,9.93,0.0227
ORD0093763,15.4,0.9801
ORD0093764,12.46,0.0
ORD0093765,12.16,0.0
ORD0093766,16.98,0.0
ORD0093767,18.12,0.0007
ORD0093768,29.87,0.0
ORD0093769,21.5,0.608
ORD0093770,17.28,0.0
ORD0093771,21.41,0.0
ORD0093772,27.96,0.0
ORD0093773,17.08,0.0
ORD0093774,60.37,0.0
ORD0093775,51.53,0.0
ORD0093776,26.31,0.0
ORD0093777,18.32,0.0
ORD0093778,18.15,0.0
ORD0093779,20.24,0.0
ORD0093780,14.61,0.0
ORD0093781,47.5,0.0
ORD0093782,46.99,0.0
ORD0093783,27.09,0.0
ORD0093784,12.82,0.0
ORD0093785,25.34,0.0
ORD0093786,18.3,0.0
ORD0093787,16.43,0.0
ORD0093788,16.39,0.0
ORD0093789,11.33,0.0
ORD0093790,14.41,0.0
ORD0093791,26.11,0.0
ORD0093792,41.98,0.0
ORD0093793,28.59,0.0
ORD0093794,9.82,0.0
ORD0093795,18.36,0.0
ORD0093796,17.86,0.9921
ORD0093797,11.49,0.0619
ORD0093798,14.2,0.0
ORD0093799,9.53,0.0
ORD0093800,9.94,0.0
ORD0093801,10.11,0.0
ORD0093802,12.08,0.0
ORD0093803,9.29,0.0
ORD0093804,14.38,0.9921
ORD0093805,8.96,0.0
ORD0093806,10.94,0.0
ORD0093807,9.8,0.0
ORD0093808,8.1,0.0
ORD0093809,10.85,0.8723
ORD0093810,8.8,0.0
ORD0093811,14.49,0.0
ORD0093812,17.65,0.0
ORD0093813,24.93,0.0
ORD0093814,30.96,0.0
ORD0093815,10.71,0.0
ORD0093816,9.97,0.0
ORD0093817,18.29,0.0077
ORD0093818,22.16,0.0
ORD0093819,17.73,0.0
ORD0093820,23.16,0.0
ORD0093821,23.88,0.0
ORD0093822,15.93,0.0
ORD0093823,18.34,0.0
ORD0093824,22.0,0.8197
ORD0093825,16.41,0.0
ORD0093826,16.57,0.0
ORD0093827,17.57,0.0227
ORD0093828,14.26,0.0
ORD0093829,16.94,0.0
ORD0093830,11.23,0.6546
ORD0093831,26.35,0.9415
ORD0093832,17.78,0.0
ORD0093833,19.56,0.0
ORD0093834,11.79,0.0
ORD0093835,11.77,0.0077
ORD0093836,12.13,0.1
ORD0093837,20.27,0.8256
ORD0093838,17.44,0.0077
ORD0093839,15.82,0.9995
ORD0093840,63.0,0.0
ORD0093841,17.27,0.0
ORD0093842,12.74,0.0
ORD0093843,14.85,0.0
ORD0093844,13.23,0.0
ORD0093845,56.61,0.0
ORD0093846,45.04,0.481
ORD0093847,22.21,0.3556
ORD0093848,25.05,0.9679
ORD0093849,15.75,0.9921
ORD0093850,17.97,1.0
ORD0093851,13.98,0.3963
ORD0093852,20.71,1.0
ORD0093853,15.43,0.0
ORD0093854,17.71,0.0
ORD0093855,17.05,0.0
ORD0093856,21.97,0.0
ORD0093857,18.85,0.0
ORD0093858,27.12,0.0
ORD0093859,25.18,0.0
ORD0093860,36.42,0.0
ORD0093861,23.84,0.0227
ORD0093862,18.7,0.0
ORD0093863,16.34,0.0
ORD0093864,17.48,0.0
ORD0093865,24.95,0.0
ORD0093866,17.98,0.0
ORD0093867,21.1,0.0
ORD0093868,19.93,0.0
ORD0093869,17.25,0.0
ORD0093870,38.45,0.0
ORD0093871,19.13,0.0
ORD0093872,25.92,0.988
ORD0093873,28.24,0.9995
ORD0093874,17.94,0.0
ORD0093875,18.35,0.0
ORD0093876,15.16,0.0
ORD0093877,27.14,0.0
ORD0093878,27.53,0.0
ORD0093879,17.11,0.0
ORD0093880,16.02,0.0
ORD0093881,19.97,0.0
ORD0093882,17.19,0.0
ORD0093883,25.6,0.0
ORD0093884,27.93,0.7139
ORD0093885,23.99,0.0
ORD0093886,39.69,0.0
ORD0093887,31.66,0.0
ORD0093888,15.96,0.1
ORD0093889,20.37,0.9778
ORD0093890,17.98,0.0
ORD0093891,20.83,0.0
ORD0093892,104.05,0.0
ORD0093893,27.8,0.001
ORD0093894,27.34,0.0
ORD0093895,18.04,0.0
ORD0093896,17.71,0.0
ORD0093897,26.87,0.3444
ORD0093898,17.86,0.0
ORD0093899,18.79,1.0
ORD0093900,15.1,0.0
ORD0093901,25.34,1.0
ORD0093902,19.31,0.0216
ORD0093903,15.73,0.0
ORD0093904,13.4,0.0
ORD0093905,20.65,0.7552
ORD0093906,24.78,1.0
ORD0093907,36.65,0.0
ORD0093908,47.28,0.0
ORD0093909,25.81,1.0
ORD0093910,28.77,0.0
ORD0093911,21.79,0.1
ORD0093912,20.76,0.0
ORD0093913,28.47,0.0007
ORD0093914,25.49,0.0
ORD0093915,23.95,0.481
ORD0093916,17.43,0.0
ORD0093917,22.44,0.0
ORD0093918,16.72,0.0
ORD0093919,23.48,0.9921
ORD0093920,51.22,0.0
ORD0093921,16.6,0.0
ORD0093922,30.73,0.0
ORD0093923,22.37,0.0
ORD0093924,32.47,0.0
ORD0093925,16.78,0.0
ORD0093926,17.16,0.0216
ORD0093927,16.83,0.0
ORD0093928,17.36,0.7139
ORD0093929,38.8,0.0
ORD0093930,18.48,0.0463
ORD0093931,21.78,0.8087
ORD0093932,20.03,0.0
ORD0093933,17.41,0.9995
ORD0093934,13.88,0.291
ORD0093935,13.5,0.0
ORD0093936,12.77,0.0
ORD0093937,14.32,0.0
ORD0093938,13.36,0.0
ORD0093939,14.14,0.0
ORD0093940,14.2,0.1382
ORD0093941,13.28,0.0
ORD0093942,11.91,0.0
ORD0093943,14.22,0.0
ORD0093944,13.87,0.0
ORD0093945,15.47,0.9921
ORD0093946,14.94,0.8256
ORD0093947,12.17,0.0
ORD0093948,13.63,0.0
ORD0093949,19.62,0.0227
ORD0093950,27.55,0.0
ORD0093951,14.65,0.9921
ORD0093952,16.6,0.0
ORD0093953,20.8,1.0
ORD0093954,14.51,0.0
ORD0093955,23.57,0.0
ORD0093956,21.59,0.0
ORD0093957,23.29,0.0
ORD0093958,29.19,0.0007
ORD0093959,28.65,0.0
ORD0093960,30.29,0.981
ORD0093961,32.41,0.0
ORD0093962,13.71,0.0
ORD0093963,23.63,0.291
ORD0093964,26.5,1.0
ORD0093965,22.43,0.0
ORD0093966,23.56,0.0
ORD0093967,38.44,0.0
ORD0093968,23.13,0.168
ORD0093969,18.81,0.214
ORD0093970,17.5,0.0
ORD0093971,14.16,0.0
ORD0093972,19.69,0.9646
ORD0093973,19.86,0.9646
ORD0093974,37.7,1.0
ORD0093975,21.27,0.0
ORD0093976,16.98,0.0463
ORD0093977,36.79,0.0
ORD0093978,16.77,0.0
ORD0093979,18.36,0.9995
ORD0093980,16.03,0.608
ORD0093981,30.41,0.0007
ORD0093982,26.57,0.8596
ORD0093983,19.13,0.0909
ORD0093984,21.48,0.0
ORD0093985,19.32,0.0
ORD0093986,18.89,0.0
ORD0093987,56.51,0.0
ORD0093988,31.94,0.0
ORD0093989,26.97,0.7552
ORD0093990,29.9,0.0
ORD0093991,11.26,0.0
ORD0093992,13.84,0.0
ORD0093993,14.41,0.0
ORD0093994,14.55,0.0
ORD0093995,28.13,0.0
ORD0093996,17.52,0.0
ORD0093997,32.93,0.981
ORD0093998,22.27,0.0
ORD0093999,17.09,0.0
ORD0094000,11.1,0.0
ORD0094001,11.35,0.0
ORD0094002,19.05,0.0
ORD0094003,17.69,0.0
ORD0094004,18.57,0.0
ORD0094005,17.22,0.0
ORD0094006,14.66,1.0
ORD0094007,12.95,0.0619
ORD0094008,20.18,0.0
ORD0094009,23.14,0.0
ORD0094010,23.18,0.8954
ORD0094011,14.47,0.0
ORD0094012,12.52,0.0
ORD0094013,12.05,0.0
ORD0094014,23.51,0.0
ORD0094015,20.74,0.0
ORD0094016,11.05,0.0
ORD0094017,12.73,0.0
ORD0094018,14.2,0.0
ORD0094019,18.73,0.0
ORD0094020,18.34,0.214
ORD0094021,18.03,0.0463
ORD0094022,18.67,0.9801
ORD0094023,30.0,0.0
ORD0094024,12.18,0.9995
ORD0094025,13.33,1.0
ORD0094026,14.78,0.0
ORD0094027,26.42,1.0
ORD0094028,22.33,1.0
ORD0094029,17.87,0.0463
ORD0094030,23.27,1.0
ORD0094031,23.17,1.0
ORD0094032,19.38,0.9995
ORD0094033,22.3,0.9973
ORD0094034,15.94,1.0
ORD0094035,17.2,1.0
ORD0094036,20.98,1.0
ORD0094037,22.24,1.0
ORD0094038,13.74,1.0
ORD0094039,44.63,0.0
ORD0094040,39.94,0.0
ORD0094041,13.33,0.0
ORD0094042,18.62,0.001
ORD0094043,14.55,0.291
ORD0094044,15.85,0.8087
ORD0094045,27.69,0.0
ORD0094046,18.61,0.8954
ORD0094047,18.42,1.0
ORD0094048,28.47,0.0
ORD0094049,17.74,0.0007
ORD0094050,14.56,0.0
ORD0094051,20.26,0.0
ORD0094052,21.29,0.0
ORD0094053,13.4,0.0
ORD0094054,15.1,0.0
ORD0094055,15.27,0.0
ORD0094056,13.89,0.0
ORD0094057,12.32,0.0
ORD0094058,11.42,0.0
ORD0094059,18.32,0.0
ORD0094060,14.99,0.0
ORD0094061,13.54,0.001
ORD0094062,12.03,0.0
ORD0094063,14.23,0.9415
ORD0094064,11.26,0.8661
ORD0094065,7.58,0.9415
ORD0094066,10.32,0.8087
ORD0094067,11.62,0.9995
ORD0094068,14.19,0.9921
ORD0094069,11.43,1.0
ORD0094070,10.94,1.0
ORD0094071,11.19,0.0
ORD0094072,29.8,0.0
ORD0094073,12.26,0.0
ORD0094074,12.87,0.0
ORD0094075,11.83,0.0
ORD0094076,10.58,0.0
ORD0094077,9.86,0.0
ORD0094078,12.01,0.001
ORD0094079,12.15,0.9778
ORD0094080,12.31,1.0
ORD0094081,9.79,0.0
ORD0094082,9.31,0.0
ORD0094083,15.86,0.0
ORD0094084,29.57,0.0
ORD0094085,30.93,0.0
ORD0094086,10.62,0.0
ORD0094087,14.24,0.001
ORD0094088,16.59,0.0
ORD0094089,13.48,1.0
ORD0094090,20.44,0.0
ORD0094091,20.12,0.0
ORD0094092,22.93,0.0
ORD0094093,21.19,0.0
ORD0094094,18.22,0.0
ORD0094095,19.75,0.0
ORD0094096,20.93,0.0
ORD0094097,21.29,0.608
ORD0094098,14.52,0.0
ORD0094099,16.52,0.0
ORD0094100,105.31,0.0
ORD0094101,24.72,0.481
ORD0094102,11.56,0.0
ORD0094103,13.14,0.3444
ORD0094104,15.42,0.8954
ORD0094105,29.12,1.0
ORD0094106,24.06,0.0408
ORD0094107,22.5,0.9415
ORD0094108,17.75,0.3254
ORD0094109,12.27,0.0007
ORD0094110,17.58,0.9646
ORD0094111,12.86,0.9415
ORD0094112,25.72,0.8954
ORD0094113,19.47,0.9646
ORD0094114,15.58,0.0619
ORD0094115,77.31,0.1
ORD0094116,19.88,0.291
ORD0094117,16.78,0.0
ORD0094118,19.4,0.9995
ORD0094119,53.17,1.0
ORD0094120,47.39,0.1
ORD0094121,27.62,1.0
ORD0094122,28.84,0.9995
ORD0094123,8.8,0.0
ORD0094124,8.93,0.0
ORD0094125,8.9,0.0
ORD0094126,9.26,0.0
ORD0094127,12.28,0.0
ORD0094128,13.7,0.0
ORD0094129,16.15,0.0
ORD0094130,16.88,0.0227
ORD0094132,38.19,0.9995
ORD0094133,12.52,0.0
ORD0094134,16.52,0.0
ORD0094135,10.02,0.0
ORD0094137,15.52,0.0
ORD0094139,24.14,1.0
ORD0094141,12.49,0.0
ORD0094143,15.55,0.0
ORD0094144,16.61,0.0
ORD0094145,65.07,0.0
ORD0094146,50.98,0.0
ORD0094147,33.05,0.0
ORD0094148,12.96,0.0
ORD0094149,10.8,0.0
ORD0094150,12.47,0.0463
ORD0094151,11.49,0.0
ORD0094152,19.2,0.0
ORD0094153,17.77,0.0
ORD0094154,12.64,0.0408
ORD0094155,11.33,0.0
ORD0094156,13.55,0.9921
ORD0094157,14.86,0.1382
ORD0094158,20.72,0.9778
ORD0094159,24.3,0.9921
ORD0094160,14.4,1.0
ORD0094161,17.32,0.9938
ORD0094162,18.79,0.0
ORD0094163,22.39,0.001
ORD0094164,12.29,1.0
ORD0094165,13.61,0.0
ORD0094166,14.91,0.0
ORD0094167,26.3,0.0
ORD0094168,20.67,0.0
ORD0094169,15.52,0.0
ORD0094170,33.29,0.0
ORD0094171,25.36,0.0033
ORD0094172,17.28,0.0
ORD0094173,14.33,0.0
ORD0094174,17.84,0.0
ORD0094175,14.53,0.9415
ORD0094176,9.7,0.0227
ORD0094177,17.39,1.0
ORD0094178,17.16,0.9415
ORD0094179,8.38,0.0
ORD0094180,8.25,0.0
ORD0094181,48.46,0.0
ORD0094182,12.92,1.0
ORD0094183,15.98,0.214
ORD0094184,17.22,1.0
ORD0094185,13.96,0.9973
ORD0094186,29.83,0.0
ORD0094187,23.04,0.0
ORD0094188,16.9,1.0
ORD0094189,20.46,0.9646
ORD0094190,19.7,0.9995
ORD0094191,17.83,0.2961
ORD0094192,18.24,0.0
ORD0094193,18.18,0.0
ORD0094194,13.1,0.0
ORD0094195,12.91,0.0216
ORD0094196,14.94,0.0
ORD0094197,11.66,0.0
ORD0094198,10.33,0.0
ORD0094199,12.1,0.7139
ORD0094200,10.39,0.0
ORD0094201,9.17,0.0
ORD0094202,14.67,0.0
ORD0094203,14.83,0.0
ORD0094204,12.51,0.0
ORD0094205,10.48,0.0
ORD0094206,8.67,0.0
ORD0094207,9.92,0.0096
ORD0094208,10.32,0.0619
ORD0094209,13.08,0.291
ORD0094210,8.25,0.7552
ORD0094211,8.04,0.608
ORD0094212,12.38,0.9921
ORD0094213,11.32,1.0
ORD0094214,10.33,0.9679
ORD0094215,10.55,0.0
ORD0094216,9.37,0.0
ORD0094217,11.29,0.1382
ORD0094218,10.22,0.0
ORD0094219,7.34,0.0
ORD0094220,5.73,0.0
ORD0094221,9.75,0.9921
ORD0094222,20.46,0.0
ORD0094223,8.85,0.9995
ORD0094224,9.79,0.0
ORD0094225,10.92,1.0
ORD0094226,9.59,0.0
ORD0094227,7.82,0.0
ORD0094228,13.96,0.0
ORD0094229,14.08,0.0
ORD0094230,23.04,0.0
ORD0094231,27.34,0.0
ORD0094232,10.34,0.0
ORD0094233,16.22,0.0227
ORD0094234,14.37,0.3556
ORD0094235,17.84,0.0
ORD0094236,13.43,0.0
ORD0094237,15.44,0.0
ORD0094238,19.49,0.0
ORD0094239,12.98,0.0
ORD0094240,23.76,0.0
ORD0094241,10.31,0.0
ORD0094242,14.84,0.0
ORD0094243,15.21,0.0
ORD0094244,13.15,0.0
ORD0094245,14.62,0.0096
ORD0094246,13.85,0.001
ORD0094247,12.11,0.0
ORD0094248,16.4,0.0
ORD0094249,9.51,0.1791
ORD0094250,8.81,0.3958
ORD0094251,22.92,0.8661
ORD0094252,22.59,0.8256
ORD0094253,12.94,0.0
ORD0094254,10.27,0.0
ORD0094255,11.18,0.001
ORD0094256,10.45,0.0216
ORD0094257,22.52,0.9039
ORD0094258,11.36,0.608
ORD0094259,15.3,0.9973
ORD0094260,11.73,0.608
ORD0094261,13.8,0.0
ORD0094262,10.94,0.0
ORD0094263,10.62,0.0
ORD0094264,40.21,0.0
ORD0094265,14.88,0.1382
ORD0094266,11.9,1.0
ORD0094267,11.12,0.8954
ORD0094268,12.07,1.0
ORD0094269,16.88,1.0
ORD0094270,13.36,1.0
ORD0094271,13.7,0.0
ORD0094272,14.74,0.0
ORD0094273,17.93,0.0
ORD0094275,19.52,0.168
ORD0094276,26.96,0.291
ORD0094278,33.68,0.0
ORD0094279,14.81,0.0227
ORD0094280,15.55,0.0
ORD0094281,21.01,1.0
ORD0094282,10.2,0.0
ORD0094283,16.37,1.0
ORD0094284,10.37,0.0
ORD0094285,13.09,0.0
ORD0094286,17.09,0.0
ORD0094287,21.65,1.0
ORD0094289,14.91,1.0
ORD0094290,12.93,0.0
ORD0094291,16.21,1.0
ORD0094292,26.05,0.0
ORD0094293,12.58,0.0
ORD0094294,12.43,0.9995
ORD0094295,17.82,0.8087
ORD0094296,17.87,0.9921
ORD0094297,20.36,1.0
ORD0094298,23.62,1.0
ORD0094299,22.2,0.0
ORD0094300,27.86,0.0619
ORD0094301,15.51,1.0
ORD0094302,12.23,1.0
ORD0094303,15.66,0.9995
ORD0094304,80.22,0.0096
ORD0094305,83.74,0.6546
ORD0094306,38.05,0.0
ORD0094307,22.5,0.0
ORD0094308,19.99,0.0
ORD0094309,30.29,0.0
ORD0094310,13.1,0.0
ORD0094311,21.02,0.0
ORD0094312,18.9,0.0
ORD0094313,17.33,0.0
ORD0094314,10.46,0.8197
ORD0094315,16.59,0.9995
ORD0094316,9.68,0.0
ORD0094317,72.69,0.0
ORD0094318,13.47,0.0
ORD0094319,11.76,0.0
ORD0094320,16.13,0.0096
ORD0094321,12.99,0.0
ORD0094322,26.7,0.0
ORD0094323,29.33,0.0
ORD0094324,15.86,0.9415
ORD0094325,15.14,0.0227
ORD0094326,25.92,0.0
ORD0094327,19.56,0.0
ORD0094328,14.01,0.0
ORD0094329,14.01,0.0
ORD0094330,23.24,0.0
ORD0094331,11.8,0.0
ORD0094332,17.97,0.0
ORD0094333,12.48,0.0
ORD0094334,10.48,0.0
ORD0094335,17.64,0.0
ORD0094336,21.09,0.0
ORD0094337,13.78,0.0
ORD0094338,11.5,0.0
ORD0094339,11.06,0.0
ORD0094340,13.13,0.0
ORD0094341,8.68,0.0
ORD0094342,10.04,0.2961
ORD0094343,11.12,0.9921
ORD0094344,13.03,0.8723
ORD0094345,12.25,1.0
ORD0094346,12.43,1.0
ORD0094347,11.81,0.0
ORD0094348,10.49,0.0
ORD0094349,11.44,0.0
ORD0094350,11.48,0.0
ORD0094351,8.61,0.0
ORD0094352,11.33,0.0
ORD0094353,63.53,0.0
ORD0094354,9.54,0.0
ORD0094355,10.5,0.0
ORD0094356,11.83,0.0
ORD0094357,9.61,0.0
ORD0094358,8.64,0.0
ORD0094359,19.17,0.0
ORD0094360,16.45,0.0
ORD0094361,13.47,0.0
ORD0094362,26.93,0.0
ORD0094363,22.06,0.0
ORD0094364,10.52,0.0
ORD0094365,16.98,0.0
ORD0094366,12.25,0.0
ORD0094367,96.43,0.0033
ORD0094368,51.44,0.0
ORD0094369,19.94,0.0
ORD0094370,17.95,0.0
ORD0094371,19.55,0.0
ORD0094372,25.02,0.9039
ORD0094373,15.35,0.0
ORD0094374,12.34,0.0
ORD0094375,19.29,1.0
ORD0094376,18.81,0.0
ORD0094377,14.68,0.0
ORD0094378,15.86,0.0
ORD0094379,19.52,0.291
ORD0094380,11.91,0.0
ORD0094381,12.37,0.0
ORD0094382,28.32,0.0
ORD0094383,13.2,0.6546
ORD0094384,10.47,0.0227
ORD0094385,26.37,0.9921
ORD0094386,19.52,0.291
ORD0094387,13.45,0.0077
ORD0094388,11.86,0.0033
ORD0094389,12.23,0.0408
ORD0094390,13.47,0.3963
ORD0094391,11.65,0.1
ORD0094392,28.27,0.0
ORD0094393,14.67,0.0619
ORD0094394,16.87,0.0408
ORD0094395,12.35,0.3958
ORD0094396,16.53,0.0
ORD0094397,13.94,0.001
ORD0094398,15.24,0.0
ORD0094399,17.71,0.55
ORD0094400,47.32,0.3963
ORD0094401,23.86,0.9995
ORD0094402,24.16,0.9973
ORD0094403,35.54,0.0
ORD0094404,11.45,0.0
ORD0094405,13.02,0.0227
ORD0094406,10.78,0.0
ORD0094407,14.3,0.9995
ORD0094408,15.86,0.0
ORD0094409,18.2,1.0
ORD0094410,73.17,0.0
ORD0094411,15.17,0.0
ORD0094412,16.7,0.001
ORD0094413,24.16,0.1
ORD0094414,22.63,0.1382
ORD0094415,20.96,0.0
ORD0094416,34.76,1.0
ORD0094417,16.38,0.0
ORD0094418,13.55,0.0
ORD0094419,14.44,0.0
ORD0094421,22.31,0.0
ORD0094423,26.43,1.0
ORD0094425,15.71,0.0
ORD0094426,22.23,0.0
ORD0094427,15.68,0.0
ORD0094428,18.74,0.0
ORD0094430,64.94,0.0
ORD0094431,67.66,0.0
ORD0094432,51.74,0.0
ORD0094433,72.54,0.0
ORD0094434,34.18,0.0
ORD0094435,58.07,0.0
ORD0094436,15.81,0.0
ORD0094437,14.26,0.0
ORD0094438,15.13,0.0
ORD0094439,16.77,0.0
ORD0094440,22.68,0.0
ORD0094441,21.19,0.0
ORD0094442,12.44,0.0
ORD0094443,17.07,0.0
ORD0094444,26.19,0.8954
ORD0094445,23.32,0.0
ORD0094446,22.91,1.0
ORD0094447,40.52,0.0
ORD0094448,16.33,1.0
ORD0094449,18.31,0.0619
ORD0094450,16.78,0.0
ORD0094451,15.5,0.0
ORD0094452,31.64,0.481
ORD0094453,16.64,0.0
ORD0094454,15.14,0.0
ORD0094455,31.39,0.9995
ORD0094456,24.79,0.9415
ORD0094457,21.43,0.0
ORD0094458,21.31,0.0
ORD0094459,19.54,1.0
ORD0094460,25.0,1.0
ORD0094461,23.04,1.0
ORD0094462,12.2,0.0408
ORD0094463,13.91,0.1
ORD0094464,18.66,0.7552
ORD0094465,19.53,0.9646
ORD0094466,20.22,0.9921
ORD0094467,19.0,0.9995
ORD0094468,34.34,0.0
ORD0094469,30.15,0.0
ORD0094470,20.59,1.0
ORD0094471,21.19,1.0
ORD0094472,22.75,0.0463
ORD0094473,21.24,0.001
ORD0094474,26.21,0.3958
ORD0094475,18.56,0.9778
ORD0094476,24.81,0.0
ORD0094477,22.18,0.0
ORD0094478,14.93,0.0
ORD0094479,16.01,0.0
ORD0094480,19.81,0.0
ORD0094481,16.35,0.0
ORD0094482,15.27,0.291
ORD0094483,13.71,0.0
ORD0094484,18.23,0.0
ORD0094485,16.78,0.9995
ORD0094486,19.52,0.0
ORD0094487,21.21,0.8087
ORD0094488,16.67,0.0619
ORD0094489,15.81,0.0619
ORD0094490,12.09,0.0
ORD0094491,13.97,0.0
ORD0094492,9.65,0.0
ORD0094493,9.73,0.0
ORD0094494,16.05,0.001
ORD0094495,13.87,0.0227
ORD0094496,12.93,0.3958
ORD0094497,13.81,0.0
ORD0094498,12.16,0.0
ORD0094499,14.18,0.9415
ORD0094500,13.32,0.0
ORD0094501,12.06,0.0
ORD0094502,11.52,0.0
ORD0094503,10.83,0.0
ORD0094504,9.62,0.0
ORD0094505,13.79,0.0
ORD0094506,13.11,0.0
ORD0094507,10.4,0.0
ORD0094508,11.14,0.001
ORD0094509,12.77,0.0
ORD0094510,12.69,0.8954
ORD0094511,10.12,0.0
ORD0094512,15.38,0.0
ORD0094513,26.23,0.0
ORD0094514,24.03,0.0
ORD0094515,14.25,0.0
ORD0094516,16.27,0.001
ORD0094517,12.84,0.0
ORD0094518,27.54,0.0
ORD0094519,90.56,0.0
ORD0094520,87.7,0.0
ORD0094521,68.44,0.0
ORD0094522,58.61,0.0
ORD0094523,88.36,0.0
ORD0094524,25.3,0.0
ORD0094525,20.5,0.0
ORD0094526,20.92,0.0
ORD0094527,23.6,0.0
ORD0094528,22.01,0.0
ORD0094529,16.06,0.0
ORD0094530,23.74,0.9921
ORD0094531,20.13,0.0
ORD0094532,17.13,0.0
ORD0094533,20.8,0.1791
ORD0094534,14.78,0.0
ORD0094535,17.46,0.7139
ORD0094536,13.3,0.291
ORD0094537,29.12,0.9995
ORD0094538,20.69,0.9921
ORD0094539,19.29,0.0007
ORD0094540,16.88,0.1
ORD0094541,19.46,1.0
ORD0094542,15.5,1.0
ORD0094543,17.48,1.0
ORD0094544,13.96,0.9264
ORD0094545,29.06,0.9778
ORD0094546,17.71,0.9921
ORD0094547,15.46,0.9679
ORD0094548,20.63,0.0
ORD0094549,23.83,0.0227
ORD0094550,20.35,0.0
ORD0094551,48.87,0.9415
ORD0094552,47.8,0.0
ORD0094553,23.55,1.0
ORD0094554,30.07,0.0033
ORD0094555,11.57,0.0
ORD0094556,11.78,0.0
ORD0094557,13.22,0.0082
ORD0094558,11.18,0.0
ORD0094559,16.22,0.0
ORD0094560,15.0,0.0
ORD0094561,17.41,0.0
ORD0094562,16.07,0.0
ORD0094563,19.48,0.0
ORD0094564,19.89,0.0
ORD0094565,23.01,0.0
ORD0094566,40.35,0.9995
ORD0094567,30.1,0.9264
ORD0094568,35.09,0.0
ORD0094569,10.29,0.0
ORD0094570,12.63,0.0
ORD0094571,11.68,0.0
ORD0094572,23.77,0.0
ORD0094573,28.94,1.0
ORD0094574,15.13,0.0
ORD0094575,25.91,0.0
ORD0094576,18.87,0.0
ORD0094577,25.18,0.0
ORD0094578,15.02,0.0
ORD0094579,21.86,0.214
ORD0094580,13.82,0.0
ORD0094581,23.23,0.0
ORD0094582,14.06,0.0
ORD0094583,10.75,0.0
ORD0094584,18.16,0.9995
ORD0094585,16.07,0.001
ORD0094586,20.88,0.0
ORD0094587,31.05,0.608
ORD0094588,19.38,0.0
ORD0094589,36.98,0.0
ORD0094590,31.45,0.0
ORD0094591,15.51,0.0
ORD0094592,18.33,0.0
ORD0094593,20.47,0.0
ORD0094594,104.07,0.0
ORD0094595,31.04,0.0
ORD0094596,18.52,0.0
ORD0094597,26.05,0.0408
ORD0094598,21.08,0.0
ORD0094599,19.98,0.0
ORD0094600,18.47,0.9921
ORD0094601,14.19,0.8596
ORD0094602,24.55,1.0
ORD0094603,11.64,0.0
ORD0094604,13.08,0.3963
ORD0094605,18.05,0.0
ORD0094606,19.37,0.1382
ORD0094607,37.58,0.0
ORD0094608,20.16,0.981
ORD0094609,17.49,0.0
ORD0094610,29.4,0.0
ORD0094611,24.32,0.0
ORD0094612,19.61,0.0
ORD0094613,69.76,0.0
ORD0094614,47.88,0.0
ORD0094615,27.85,0.0
ORD0094616,16.1,0.0
ORD0094617,19.23,0.0
ORD0094618,21.3,0.0
ORD0094619,15.93,0.0
ORD0094620,22.2,0.0
ORD0094621,65.28,0.0
ORD0094622,14.92,0.0
ORD0094623,16.15,0.0
ORD0094624,20.93,0.0
ORD0094625,20.7,0.0
ORD0094626,14.96,0.0
ORD0094627,14.53,0.0
ORD0094628,13.59,0.0
ORD0094629,16.1,0.481
ORD0094630,36.89,0.0
ORD0094631,58.77,0.0
ORD0094632,9.31,0.0
ORD0094633,14.25,0.0
ORD0094634,17.77,0.0
ORD0094635,12.7,0.608
ORD0094636,13.41,0.0
ORD0094637,10.91,0.0
ORD0094638,11.12,0.0
ORD0094639,11.11,0.0
ORD0094640,10.22,0.0
ORD0094641,8.26,0.0
ORD0094642,10.98,0.001
ORD0094643,10.84,0.0
ORD0094644,9.29,0.481
ORD0094645,12.6,0.9995
ORD0094646,9.96,0.0
ORD0094647,13.44,1.0
ORD0094648,9.54,0.0
ORD0094649,18.3,0.0
ORD0094650,14.93,0.0
ORD0094651,25.43,0.0
ORD0094652,26.39,0.0
ORD0094653,13.21,0.9679
ORD0094654,17.22,0.0
ORD0094655,19.99,1.0
ORD0094656,20.73,0.0
ORD0094657,17.87,0.1382
ORD0094658,17.32,0.0
ORD0094659,17.78,0.0
ORD0094660,22.32,0.9921
ORD0094661,18.04,0.0
ORD0094662,21.42,0.8661
ORD0094663,17.17,0.0
ORD0094664,17.21,0.0
ORD0094665,17.81,0.1382
ORD0094666,18.45,0.3958
ORD0094667,13.71,0.0
ORD0094668,13.78,0.7552
ORD0094669,24.7,0.981
ORD0094670,19.51,0.9646
ORD0094671,16.57,0.0007
ORD0094672,16.15,0.0082
ORD0094673,13.16,0.1
ORD0094674,12.45,0.7552
ORD0094675,27.96,0.9415
ORD0094676,21.74,0.1382
ORD0094677,17.93,1.0
ORD0094678,131.25,0.0033
ORD0094679,16.3,0.0
ORD0094680,20.82,0.0
ORD0094681,16.83,0.0
ORD0094682,18.58,0.0
ORD0094683,57.0,0.291
ORD0094684,36.93,0.0
ORD0094685,28.16,0.9921
ORD0094686,24.22,0.0007
ORD0094687,12.99,1.0
ORD0094688,13.0,1.0
ORD0094689,13.11,1.0
ORD0094690,17.93,1.0
ORD0094691,14.69,1.0
ORD0094692,80.68,0.0
ORD0094693,10.44,0.1382
ORD0094694,17.09,0.9679
ORD0094695,14.02,0.0
ORD0094696,22.86,0.9995
ORD0094697,21.12,0.0
ORD0094698,24.93,1.0
ORD0094699,33.26,0.9995
ORD0094700,12.79,0.0
ORD0094701,14.92,0.0
ORD0094702,9.73,0.0
ORD0094703,18.48,0.0
ORD0094704,13.98,0.0
ORD0094705,23.55,1.0
ORD0094706,18.66,1.0
ORD0094707,13.28,1.0
ORD0094708,15.11,0.0216
ORD0094709,14.03,0.0
ORD0094710,37.13,0.0
ORD0094711,25.45,1.0
ORD0094712,15.89,0.0
ORD0094713,15.59,0.0
ORD0094714,12.49,0.0
ORD0094715,25.26,0.0
ORD0094716,20.31,0.0
ORD0094717,13.11,0.9921
ORD0094718,11.62,0.0
ORD0094719,16.25,0.981
ORD0094720,13.48,0.0096
ORD0094721,28.71,1.0
ORD0094722,20.15,1.0
ORD0094723,27.44,0.1791
ORD0094724,32.48,0.0
ORD0094725,37.52,0.0
ORD0094726,14.92,1.0
ORD0094727,16.3,0.9995
ORD0094728,14.54,0.0
ORD0094729,15.87,0.0
ORD0094730,25.01,0.0
ORD0094731,21.16,0.0
ORD0094732,16.02,0.0
ORD0094733,13.82,0.0
ORD0094734,26.66,0.291
ORD0094735,18.26,0.0
ORD0094736,15.14,0.9995
ORD0094737,13.16,0.0
ORD0094738,23.94,1.0
ORD0094739,17.4,0.8954
ORD0094740,10.26,0.0
ORD0094741,10.63,0.0
ORD0094742,14.21,0.0
ORD0094743,18.0,0.214
ORD0094744,30.87,0.0
ORD0094745,28.61,0.0
ORD0094746,17.66,0.9778
ORD0094747,18.73,0.0
ORD0094748,19.04,0.0
ORD0094749,15.85,0.0
ORD0094750,25.16,0.0
ORD0094751,24.72,0.0
ORD0094752,26.68,0.0
ORD0094753,17.26,0.0
ORD0094754,15.16,0.0
ORD0094755,16.49,0.0
ORD0094756,16.77,0.0
ORD0094757,13.81,0.0
ORD0094758,17.9,1.0
ORD0094759,13.52,0.9973
ORD0094760,18.32,1.0
ORD0094761,21.75,0.9264
ORD0094762,14.13,0.9415
ORD0094763,16.66,1.0
ORD0094764,13.07,1.0
ORD0094765,16.2,1.0
ORD0094766,13.41,1.0
ORD0094767,8.62,0.0
ORD0094768,12.87,0.0077
ORD0094769,15.0,0.214
ORD0094770,11.13,0.608
ORD0094771,12.37,0.9646
ORD0094772,10.25,0.0
ORD0094773,12.57,0.9646
ORD0094774,14.92,1.0
ORD0094775,12.16,0.0
ORD0094776,12.77,0.0
ORD0094777,13.06,1.0
ORD0094778,9.22,0.0
ORD0094779,10.19,0.0
ORD0094780,18.72,0.0
ORD0094781,11.6,0.0
ORD0094782,15.45,1.0
ORD0094783,10.95,0.0
ORD0094784,14.3,1.0
ORD0094785,12.89,0.2961
ORD0094786,15.87,0.0
ORD0094787,28.94,0.0
ORD0094788,14.38,0.7139
ORD0094789,15.96,0.0
ORD0094790,17.08,1.0
ORD0094791,13.61,0.0619
ORD0094792,23.19,0.0
ORD0094793,19.91,0.0
ORD0094794,23.66,0.241
ORD0094795,24.38,0.0
ORD0094796,26.39,1.0
ORD0094797,22.08,0.0227
ORD0094798,13.91,0.0
ORD0094799,12.14,0.0
ORD0094800,26.06,1.0
ORD0094801,21.73,0.9995
ORD0094802,17.74,0.0
ORD0094803,15.97,0.0
ORD0094804,25.54,0.608
ORD0094805,13.67,0.7139
ORD0094806,10.58,0.001
ORD0094807,9.7,0.0227
ORD0094808,14.17,0.8451
ORD0094809,15.07,0.9679
ORD0094810,24.88,1.0
ORD0094811,24.24,0.0227
ORD0094812,14.77,0.1
ORD0094813,36.16,0.0
ORD0094814,14.66,0.8087
ORD0094815,12.97,0.0619
ORD0094816,15.96,0.9973
ORD0094817,21.77,0.0463
ORD0094818,21.82,0.0007
ORD0094819,18.76,0.1791
ORD0094820,18.82,0.0619
ORD0094821,20.51,0.9661
ORD0094822,18.81,0.608
ORD0094823,45.32,1.0
ORD0094824,49.03,1.0
ORD0094825,23.11,1.0
ORD0094826,25.57,0.0
ORD0094827,10.48,0.0
ORD0094828,13.49,0.0
ORD0094829,14.58,0.0
ORD0094830,15.98,0.0
ORD0094831,27.34,0.0
ORD0094832,22.8,0.0
ORD0094833,26.41,0.0
ORD0094834,21.48,0.0
ORD0094835,12.84,0.0
ORD0094836,8.88,0.0
ORD0094837,12.4,0.0
ORD0094838,14.91,0.0
ORD0094839,13.3,0.0
ORD0094840,20.35,0.9415
ORD0094841,19.37,0.241
ORD0094842,12.88,0.0
ORD0094843,10.38,0.9581
ORD0094844,17.16,0.0
ORD0094845,17.94,0.0
ORD0094846,26.06,1.0
ORD0094847,11.68,0.0
ORD0094848,14.48,0.0
ORD0094849,12.98,0.0
ORD0094850,35.29,0.0
ORD0094851,18.74,0.0
ORD0094852,9.91,0.0
ORD0094853,14.47,0.0
ORD0094854,13.8,0.0
ORD0094855,17.91,0.0
ORD0094856,17.77,0.0
ORD0094857,15.75,0.8596
ORD0094858,14.0,0.0
ORD0094859,22.39,0.0
ORD0094860,12.37,1.0
ORD0094861,11.74,0.0033
ORD0094862,16.42,0.0
ORD0094863,23.47,0.0
ORD0094864,21.46,0.0
ORD0094865,14.45,0.0
ORD0094866,19.65,0.0463
ORD0094867,17.71,0.0
ORD0094868,17.22,0.0
ORD0094869,25.9,0.0
ORD0094870,14.87,0.9921
ORD0094871,11.64,0.0
ORD0094872,18.93,1.0
ORD0094873,16.54,0.0408
ORD0094874,9.93,0.0
ORD0094875,26.05,0.0
ORD0094876,21.67,0.0
ORD0094877,14.59,0.9921
ORD0094878,13.13,0.291
ORD0094879,17.34,1.0
ORD0094880,14.92,0.0463
ORD0094881,33.71,0.0619
ORD0094882,18.1,1.0
ORD0094883,16.94,0.8954
ORD0094884,32.94,0.8372
ORD0094885,25.46,0.214
ORD0094886,20.84,0.9973
ORD0094887,20.78,0.0
ORD0094888,24.01,0.9921
ORD0094889,12.55,0.0
ORD0094890,14.94,0.0
ORD0094891,14.24,0.481
ORD0094892,12.98,0.0
ORD0094893,14.89,0.9973
ORD0094894,10.93,0.0
ORD0094895,15.18,0.0
ORD0094896,14.45,0.9778
ORD0094897,11.56,0.0
ORD0094898,10.28,0.0
ORD0094899,11.15,0.0
ORD0094900,12.99,0.0
ORD0094901,8.06,0.0
ORD0094902,6.7,0.0
ORD0094903,17.54,0.0
ORD0094904,10.64,0.0
ORD0094905,10.9,0.0769
ORD0094906,10.08,0.3254
ORD0094907,12.94,0.0
ORD0094908,12.63,0.0
ORD0094909,11.28,0.0
ORD0094910,11.46,0.2198
ORD0094911,10.84,0.0
ORD0094912,8.89,0.0
ORD0094913,9.0,0.0
ORD0094914,11.79,0.9973
ORD0094915,10.79,1.0
ORD0094916,14.47,1.0
ORD0094917,10.36,0.0
ORD0094918,11.71,0.0
ORD0094919,15.43,0.9973
ORD0094920,18.48,0.9415
ORD0094921,25.89,0.7139
ORD0094922,13.52,1.0
ORD0094923,16.58,1.0
ORD0094924,17.0,1.0
ORD0094925,14.04,1.0
ORD0094926,22.45,0.0
ORD0094927,18.32,0.0007
ORD0094928,21.71,0.0
ORD0094929,21.47,0.0007
ORD0094930,22.22,0.7552
ORD0094931,13.29,0.0
ORD0094932,11.16,0.0
ORD0094933,22.04,0.9973
ORD0094934,16.45,0.0
ORD0094935,15.7,0.0
ORD0094936,93.56,0.0
ORD0094937,26.25,0.0
ORD0094938,18.28,1.0
ORD0094939,14.32,0.9973
ORD0094940,13.64,0.9581
ORD0094941,16.87,1.0
ORD0094942,28.32,1.0
ORD0094943,18.82,1.0
ORD0094944,15.57,0.9995
ORD0094945,12.11,0.0227
ORD0094946,13.74,0.7552
ORD0094947,12.57,0.3254
ORD0094948,10.49,0.0
ORD0094949,18.76,0.0227
ORD0094950,17.24,0.481
ORD0094951,13.99,0.9921
ORD0094952,35.79,0.0769
ORD0094953,19.86,0.0
ORD0094954,13.66,0.0
ORD0094955,15.3,0.0
ORD0094956,38.03,0.0
ORD0094957,28.74,0.0
ORD0094958,22.07,0.001
ORD0094959,24.68,0.0
ORD0094960,9.52,0.0
ORD0094961,9.94,0.001
ORD0094962,9.89,0.3444
ORD0094963,10.55,0.0096
ORD0094964,12.99,0.0033
ORD0094965,17.65,0.0
ORD0094966,10.94,0.0
ORD0094967,17.62,0.0096
ORD0094968,16.57,0.0
ORD0094969,22.94,0.0619
ORD0094970,95.35,0.0
ORD0094971,11.01,0.0
ORD0094972,11.54,0.0
ORD0094973,11.93,0.0
ORD0094974,39.91,0.0
ORD0094975,13.07,0.0033
ORD0094976,20.59,1.0
ORD0094977,14.04,0.0619
ORD0094978,15.15,1.0
ORD0094979,14.11,0.9973
ORD0094980,13.09,0.0
ORD0094981,17.36,0.0
ORD0094982,50.49,0.0
ORD0094983,46.39,0.0
ORD0094984,59.12,0.0
ORD0094985,11.03,0.0
ORD0094986,15.14,0.0
ORD0094987,11.89,0.0
ORD0094988,9.8,0.0
ORD0094989,20.34,0.0
ORD0094990,20.25,0.0
ORD0094991,11.64,0.0
ORD0094992,9.63,0.0
ORD0094993,14.35,0.214
ORD0094994,12.57,0.0
ORD0094995,21.19,0.9921
ORD0094996,19.97,0.1382
ORD0094997,15.16,1.0
ORD0094998,14.67,1.0
ORD0094999,24.2,0.0
ORD0095000,30.08,0.0
ORD0095001,11.65,1.0
ORD0095002,11.78,0.0
ORD0095003,13.17,0.0
ORD0095004,24.19,0.0
ORD0095005,18.92,0.0
ORD0095006,15.13,0.0
ORD0095007,12.67,0.0
ORD0095008,20.33,0.9415
ORD0095009,18.68,0.9646
ORD0095010,14.59,0.0
ORD0095011,14.69,0.0
ORD0095012,16.13,1.0
ORD0095013,12.31,1.0
ORD0095014,17.37,1.0
ORD0095015,20.68,1.0
ORD0095016,9.12,0.0
ORD0095017,8.47,0.0
ORD0095018,42.76,0.0
ORD0095019,11.89,0.0
ORD0095020,13.81,0.0
ORD0095021,15.44,0.0
ORD0095022,12.94,0.0
ORD0095023,26.74,0.0
ORD0095024,19.22,0.0
ORD0095025,13.86,0.3958
ORD0095026,17.87,0.0
ORD0095027,16.58,0.0
ORD0095028,13.53,0.0
ORD0095029,18.42,0.0
ORD0095030,18.15,0.0
ORD0095031,12.12,0.0
ORD0095032,15.9,0.0
ORD0095033,15.06,0.0
ORD0095034,12.04,0.0
ORD0095035,13.8,0.214
ORD0095036,9.82,0.0
ORD0095037,9.73,0.1382
ORD0095038,10.57,0.0
ORD0095039,14.41,0.0
ORD0095040,13.33,0.0
ORD0095041,12.78,0.0
ORD0095042,12.2,0.0
ORD0095043,9.48,0.0
ORD0095044,8.84,0.0
ORD0095045,11.05,0.9646
ORD0095046,9.92,0.481
ORD0095047,8.0,0.0227
ORD0095048,9.48,0.9921
ORD0095049,11.42,0.8256
ORD0095050,10.77,1.0
ORD0095051,11.94,1.0
ORD0095052,9.36,0.0
ORD0095053,15.51,0.0
ORD0095054,8.48,0.0
ORD0095055,8.79,0.0
ORD0095056,6.67,0.0
ORD0095057,6.06,0.0
ORD0095058,8.33,0.0
ORD0095059,33.76,0.0
ORD0095060,7.62,0.0
ORD0095061,8.37,0.0
ORD0095062,9.98,0.0
ORD0095063,8.87,0.0
ORD0095064,7.75,0.0
ORD0095065,10.77,0.0
ORD0095066,14.04,0.0
ORD0095067,17.96,0.0
ORD0095068,24.47,0.0
ORD0095069,9.1,0.0
ORD0095070,10.62,0.9778
ORD0095071,17.29,0.214
ORD0095072,17.47,0.0
ORD0095073,15.87,0.0
ORD0095074,19.07,0.0007
ORD0095075,18.51,0.3556
ORD0095076,17.24,0.8256
ORD0095077,10.54,0.0
ORD0095078,11.58,0.0
ORD0095079,16.44,1.0
ORD0095080,18.5,1.0
ORD0095081,12.28,0.0
ORD0095082,14.95,0.0033
ORD0095083,13.2,0.214
ORD0095084,11.27,0.0
ORD0095085,7.96,0.0213
ORD0095086,10.73,0.241
ORD0095087,10.16,0.608
ORD0095088,21.99,0.8451
ORD0095089,17.16,0.9995
ORD0095090,11.33,0.0
ORD0095091,10.26,0.0033
ORD0095092,11.04,0.0463
ORD0095093,10.39,0.214
ORD0095094,21.28,0.7552
ORD0095095,15.41,0.0463
ORD0095096,14.41,0.988
ORD0095097,12.83,0.214
ORD0095098,14.44,0.0
ORD0095099,12.27,1.0
ORD0095100,15.04,0.0227
ORD0095101,37.15,0.9921
ORD0095102,16.41,0.9995
ORD0095103,32.8,0.0
ORD0095104,9.71,0.0
ORD0095105,11.85,0.0
ORD0095106,15.56,0.0
ORD0095107,10.41,0.0
ORD0095108,15.88,0.0
ORD0095109,12.45,0.3963
ORD0095110,12.93,0.0
ORD0095111,12.78,0.0
ORD0095112,20.25,0.0
ORD0095113,25.99,0.481
ORD0095114,15.37,0.0
ORD0095115,14.98,0.0
ORD0095116,10.69,0.0
ORD0095117,19.98,0.0
ORD0095118,20.69,1.0
ORD0095119,16.01,0.8256
ORD0095120,14.37,1.0
ORD0095121,13.7,1.0
ORD0095122,15.77,0.0
ORD0095123,70.33,0.0
ORD0095124,16.18,0.0
ORD0095125,23.7,1.0
ORD0095126,13.1,0.0
ORD0095127,49.38,0.0
ORD0095128,14.85,0.0
ORD0095129,17.48,0.0
ORD0095130,15.76,0.0
ORD0095131,11.35,0.0
ORD0095132,12.2,0.0
ORD0095133,18.56,0.0227
ORD0095134,16.66,0.9415
ORD0095135,15.93,0.0
ORD0095136,25.69,0.0
ORD0095137,35.07,0.0
ORD0095138,13.86,1.0
ORD0095139,11.59,0.0
ORD0095140,13.61,0.0
ORD0095141,59.25,0.0
ORD0095142,40.17,0.0
ORD0095143,22.13,0.0
ORD0095144,23.98,0.0
ORD0095145,17.36,0.0
ORD0095146,20.98,0.0
ORD0095147,11.88,0.0
ORD0095148,23.75,0.0
ORD0095149,18.13,0.608
ORD0095150,16.54,0.0
ORD0095151,12.96,0.8954
ORD0095152,21.56,1.0
ORD0095153,9.61,0.0
ORD0095154,12.2,0.0
ORD0095155,12.66,0.0
ORD0095156,14.58,0.0345
ORD0095157,12.93,0.0
ORD0095158,31.52,0.0
ORD0095159,24.42,0.0
ORD0095160,16.15,0.8372
ORD0095161,14.86,0.0227
ORD0095162,20.15,0.0
ORD0095163,19.67,0.0
ORD0095164,19.52,0.0
ORD0095165,13.47,0.0
ORD0095166,19.47,0.0
ORD0095167,11.72,0.0
ORD0095168,18.3,0.0
ORD0095169,12.2,0.0
ORD0095170,13.98,0.0
ORD0095171,16.03,0.0
ORD0095172,14.51,0.9581
ORD0095173,12.2,0.0033
ORD0095174,13.5,0.0227
ORD0095175,10.4,0.2961
ORD0095176,14.35,0.481
ORD0095177,9.75,0.9921
ORD0095178,7.43,0.0
ORD0095179,8.13,0.1
ORD0095180,17.95,0.291
ORD0095181,10.77,0.9415
ORD0095182,10.52,0.9679
ORD0095183,12.28,0.0
ORD0095184,10.77,0.0
ORD0095185,26.32,0.0
ORD0095186,10.14,0.0
ORD0095187,8.53,0.0
ORD0095188,10.17,0.0
ORD0095189,41.74,0.0
ORD0095190,9.41,0.0
ORD0095191,10.17,0.0
ORD0095192,14.13,0.0
ORD0095193,10.04,0.0
ORD0095194,10.33,0.0
ORD0095195,10.27,0.0
ORD0095196,15.71,0.0
ORD0095197,16.03,0.9921
ORD0095198,27.36,0.0
ORD0095199,27.12,0.9415
ORD0095200,10.76,0.0
ORD0095201,17.36,0.0007
ORD0095202,14.34,1.0
ORD0095203,34.63,0.0
ORD0095204,119.18,0.0
ORD0095205,19.08,0.0
ORD0095206,20.19,0.0216
ORD0095207,17.46,0.0
ORD0095208,22.91,0.9921
ORD0095209,12.47,0.0
ORD0095210,12.98,0.0
ORD0095211,21.01,1.0
ORD0095212,20.41,0.9415
ORD0095213,15.3,0.0
ORD0095214,15.75,0.0
ORD0095215,16.89,0.3958
ORD0095216,15.43,0.1382
ORD0095217,11.55,0.0007
ORD0095218,9.67,0.001
ORD0095219,13.26,0.8723
ORD0095220,10.09,0.481
ORD0095221,25.7,0.9995
ORD0095222,15.76,0.9415
ORD0095223,14.8,0.0082
ORD0095224,13.55,0.481
ORD0095225,11.31,0.0
ORD0095226,12.93,0.9415
ORD0095227,11.24,0.0007
ORD0095228,18.22,0.214
ORD0095229,14.97,0.214
ORD0095230,15.77,0.481
ORD0095231,14.99,0.3958
ORD0095232,59.4,0.0033
ORD0095233,19.84,0.0
ORD0095234,16.39,1.0
ORD0095235,16.3,0.214
ORD0095236,22.83,1.0
ORD0095237,61.09,1.0
ORD0095238,25.57,1.0
ORD0095239,25.22,1.0
ORD0095240,30.29,0.0
ORD0095241,12.65,0.001
ORD0095242,12.61,0.0
ORD0095243,14.21,1.0
ORD0095244,11.81,0.0
ORD0095245,17.82,1.0
ORD0095246,15.86,0.0
ORD0095247,18.05,0.0
ORD0095248,15.89,0.9778
ORD0095249,21.4,0.9778
ORD0095250,13.64,0.0
ORD0095251,29.9,1.0
ORD0095252,23.67,1.0
ORD0095253,37.68,1.0
ORD0095254,16.14,0.0
ORD0095255,16.66,0.0
ORD0095256,19.3,1.0
ORD0095257,13.87,0.0619
ORD0095258,24.91,0.0
ORD0095259,17.11,0.0
ORD0095260,18.22,0.9995
ORD0095261,23.12,1.0
ORD0095262,18.04,1.0
ORD0095263,24.23,0.0
ORD0095264,15.87,0.0
ORD0095265,23.28,1.0
ORD0095266,25.96,1.0
ORD0095267,70.12,0.0
ORD0095268,81.74,1.0
ORD0095269,72.62,0.0
ORD0095270,56.68,0.0
ORD0095271,25.57,0.0
ORD0095272,42.27,0.0
ORD0095273,16.55,0.0
ORD0095274,14.59,0.0
ORD0095275,16.51,0.0
ORD0095276,17.47,0.0213
ORD0095277,26.2,0.0
ORD0095278,19.81,0.0
ORD0095279,11.66,0.0
ORD0095280,15.15,0.0
ORD0095281,27.3,0.481
ORD0095282,23.95,0.9646
ORD0095283,19.03,1.0
ORD0095284,31.75,0.0
ORD0095285,15.54,0.0007
ORD0095286,18.06,1.0
ORD0095287,17.34,0.0
ORD0095288,17.73,0.0
ORD0095289,37.04,0.9995
ORD0095290,17.65,0.0
ORD0095291,15.81,0.0
ORD0095292,33.49,1.0
ORD0095293,21.85,0.168
ORD0095294,20.03,0.0007
ORD0095295,21.44,0.0
ORD0095296,20.28,1.0
ORD0095297,26.57,1.0
ORD0095298,20.11,0.9995
ORD0095299,12.25,0.9921
ORD0095300,12.37,0.0
ORD0095301,18.28,0.8723
ORD0095302,15.76,0.0
ORD0095303,23.15,1.0
ORD0095304,16.14,0.0007
ORD0095305,32.25,0.0
ORD0095306,26.65,0.0
ORD0095307,24.32,1.0
ORD0095308,20.31,0.7552
ORD0095309,26.01,0.001
ORD0095310,18.75,0.0
ORD0095311,18.34,0.8451
ORD0095312,16.37,0.0
ORD0095313,26.57,0.0
ORD0095314,26.44,0.0
ORD0095315,14.98,0.0
ORD0095316,17.48,0.0
ORD0095317,22.13,0.0
ORD0095318,19.19,0.0
ORD0095319,15.84,0.0
ORD0095320,13.4,0.0
ORD0095321,13.27,0.0
ORD0095322,18.2,0.9921
ORD0095323,18.46,0.3556
ORD0095324,23.73,0.481
ORD0095325,16.47,0.0
ORD0095326,17.13,0.0
ORD0095327,12.75,0.0
ORD0095328,15.01,0.0227
ORD0095329,9.83,0.0
ORD0095330,9.31,0.0
ORD0095331,15.55,0.001
ORD0095332,13.93,0.0
ORD0095333,13.57,0.481
ORD0095334,13.27,0.0
ORD0095335,11.64,0.0
ORD0095336,12.52,0.0
ORD0095337,12.24,0.0
ORD0095338,11.87,0.0619
ORD0095339,11.93,0.0
ORD0095340,9.26,0.0
ORD0095341,9.96,0.0
ORD0095342,12.56,0.9973
ORD0095343,11.64,0.0
ORD0095344,13.36,1.0
ORD0095345,10.71,0.0007
ORD0095346,15.2,1.0
ORD0095347,12.37,0.3444
ORD0095348,11.29,0.0
ORD0095349,14.47,0.0
ORD0095350,17.38,0.0
ORD0095351,19.45,0.0
ORD0095352,11.41,0.0
ORD0095353,17.13,0.0
ORD0095354,12.92,0.0
ORD0095355,26.8,0.0
ORD0095356,56.68,0.0
ORD0095357,52.95,0.0
ORD0095358,62.95,0.0
ORD0095359,60.83,0.0
ORD0095360,98.52,0.1
ORD0095361,53.99,0.0
ORD0095362,23.0,0.0
ORD0095363,22.17,0.0
ORD0095364,20.44,0.0
ORD0095365,25.42,0.0
ORD0095366,24.06,0.0
ORD0095367,16.03,0.0
ORD0095368,23.49,0.9415
ORD0095369,19.19,0.0
ORD0095370,16.67,0.0
ORD0095371,20.27,0.608
ORD0095372,12.72,0.001
ORD0095373,15.69,0.8596
ORD0095374,17.29,0.8723
ORD0095375,25.65,1.0
ORD0095376,30.86,1.0
ORD0095377,15.37,0.1382
ORD0095378,16.91,0.2961
ORD0095379,15.16,0.481
ORD0095380,15.14,0.1
ORD0095381,15.84,0.9921
ORD0095382,13.84,0.7139
ORD0095383,25.43,0.241
ORD0095384,17.57,0.7552
ORD0095385,15.55,0.3958
ORD0095386,20.03,0.0
ORD0095387,17.91,0.0
ORD0095388,20.94,0.0
ORD0095389,48.33,0.0
ORD0095390,45.01,0.0
ORD0095391,26.55,0.9415
ORD0095392,28.03,0.0
ORD0095393,11.85,0.0
ORD0095394,12.2,0.0
ORD0095395,11.2,0.0
ORD0095396,9.95,0.0
ORD0095397,15.18,0.0
ORD0095398,14.75,0.0
ORD0095399,17.37,0.0
ORD0095401,20.85,0.0
ORD0095402,17.11,0.0
ORD0095403,29.85,0.0
ORD0095404,35.83,0.0
ORD0095405,26.94,0.9921
ORD0095406,21.67,0.0
ORD0095408,13.08,0.0
ORD0095409,14.56,0.0
ORD0095410,17.73,0.0
ORD0095411,21.59,0.0
ORD0095412,18.14,0.001
ORD0095413,22.26,0.0
ORD0095414,17.0,0.0
ORD0095415,27.55,0.9921
ORD0095416,94.43,0.0
ORD0095417,18.38,0.0
ORD0095418,15.4,0.0
ORD0095419,14.21,0.0
ORD0095420,25.91,0.0
ORD0095421,13.28,0.0
ORD0095422,10.8,0.0
ORD0095423,19.98,0.0
ORD0095424,16.27,0.0096
ORD0095425,18.61,0.0
ORD0095426,30.73,0.9778
ORD0095427,20.38,0.3889
ORD0095428,30.92,0.0
ORD0095429,36.68,0.0
ORD0095430,20.82,0.9995
ORD0095431,17.34,0.0
ORD0095432,20.96,0.0
ORD0095433,22.83,0.0
ORD0095434,22.03,0.0
ORD0095435,30.85,0.0096
ORD0095436,23.3,0.0
ORD0095437,21.24,0.0
ORD0095438,17.72,0.9921
ORD0095439,11.58,0.0
ORD0095440,24.11,1.0
ORD0095441,10.64,0.0
ORD0095442,13.61,0.0
ORD0095443,23.22,1.0
ORD0095444,23.71,1.0
ORD0095445,35.88,0.0619
ORD0095446,22.75,1.0
ORD0095447,20.54,1.0
ORD0095448,36.53,0.9679
ORD0095449,29.93,1.0
ORD0095450,30.95,1.0
ORD0095451,77.44,1.0
ORD0095452,59.53,0.0
ORD0095453,32.78,0.0227
ORD0095454,15.7,0.7552
ORD0095455,18.05,0.0
ORD0095456,19.85,0.0
ORD0095457,15.0,0.9921
ORD0095458,29.78,0.0
ORD0095459,46.46,0.0
ORD0095460,16.12,0.214
ORD0095461,13.46,0.3958
ORD0095462,17.45,0.0
ORD0095463,19.26,0.0
ORD0095464,17.41,0.0
ORD0095465,18.17,0.0
ORD0095466,12.77,0.0
ORD0095467,15.04,0.9921
ORD0095468,31.99,0.0
ORD0095469,55.41,0.0
ORD0095470,14.43,0.3958
ORD0095471,18.71,0.9921
ORD0095472,19.07,0.9778
ORD0095473,14.59,1.0
ORD0095474,11.86,0.0
ORD0095475,10.51,0.0
ORD0095476,12.21,0.0
ORD0095477,17.52,0.0
ORD0095478,11.13,0.0
ORD0095479,10.03,0.0
ORD0095480,11.73,0.0
ORD0095481,10.67,0.0
ORD0095482,11.73,0.0
ORD0095483,10.22,0.1382
ORD0095484,9.88,0.0
ORD0095485,9.45,0.0
ORD0095486,9.88,0.0
ORD0095487,17.92,0.0
ORD0095488,16.95,0.0
ORD0095489,28.18,0.0
ORD0095490,30.26,0.0
ORD0095491,9.67,0.0
ORD0095492,11.0,0.0
ORD0095493,18.78,0.0
ORD0095494,23.36,0.0
ORD0095495,19.82,0.0
ORD0095496,21.64,0.0227
ORD0095497,23.59,0.9679
ORD0095498,22.88,0.9921
ORD0095499,17.05,0.0
ORD0095500,23.64,1.0
ORD0095501,16.4,0.0
ORD0095502,18.62,0.0
ORD0095503,26.68,0.9973
ORD0095504,15.36,0.0
ORD0095505,15.44,0.2198
ORD0095506,18.8,1.0
ORD0095507,26.83,1.0
ORD0095508,17.26,0.0
ORD0095509,20.1,0.8661
ORD0095510,14.26,0.0227
ORD0095511,13.39,0.3958
ORD0095512,12.27,0.7552
ORD0095513,22.09,0.8596
ORD0095514,19.32,0.214
ORD0095515,15.34,0.9973
ORD0095516,21.27,0.0
ORD0095517,15.91,0.214
ORD0095518,23.85,0.9679
ORD0095519,19.19,1.0
ORD0095520,64.29,1.0
ORD0095521,58.57,1.0
ORD0095522,28.31,1.0
ORD0095523,26.88,1.0
ORD0095524,10.7,0.0
ORD0095525,11.95,0.0
ORD0095526,9.39,0.0
ORD0095527,14.79,0.0
ORD0095528,11.43,0.0
ORD0095529,15.53,0.0
ORD0095530,15.28,0.8087
ORD0095531,19.05,0.0
ORD0095532,11.94,0.0
ORD0095533,24.15,0.214
ORD0095534,31.3,0.9921
ORD0095535,29.25,1.0
ORD0095536,29.91,1.0
ORD0095537,15.86,0.0
ORD0095538,13.53,0.0
ORD0095540,15.47,0.0
ORD0095541,13.36,0.0
ORD0095542,19.06,0.9778
ORD0095543,17.67,1.0
ORD0095544,14.11,0.9995
ORD0095545,17.44,0.0
ORD0095546,16.03,0.0
ORD0095547,23.13,1.0
ORD0095548,20.33,1.0
ORD0095549,14.0,0.0
ORD0095550,14.33,0.0
ORD0095551,11.43,0.0
ORD0095552,26.34,0.0
ORD0095553,20.4,0.0
ORD0095554,11.2,0.0
ORD0095555,12.8,0.0
ORD0095556,13.72,0.0007
ORD0095557,18.19,0.0
ORD0095558,24.77,0.9995
ORD0095559,17.51,0.0033
ORD0095560,16.53,0.0
ORD0095561,33.59,0.0
ORD0095562,38.37,0.0
ORD0095563,14.5,0.9921
ORD0095564,12.02,0.0
ORD0095565,16.32,0.0
ORD0095566,13.82,0.0
ORD0095567,88.24,0.0
ORD0095568,35.0,0.0
ORD0095569,23.57,0.0
ORD0095570,35.28,0.0
ORD0095571,13.19,0.0
ORD0095572,34.45,0.1
ORD0095573,21.39,0.0
ORD0095574,16.22,0.9995
ORD0095575,11.05,0.0
ORD0095576,25.6,1.0
ORD0095577,18.62,0.9679
ORD0095578,11.11,0.0
ORD0095579,10.56,0.0
ORD0095580,14.89,0.1
ORD0095581,17.09,0.9415
ORD0095582,31.2,0.0
ORD0095583,26.75,0.0
ORD0095584,20.48,1.0
ORD0095585,22.42,0.0
ORD0095586,18.09,0.3556
ORD0095587,17.46,0.0
ORD0095588,32.6,0.0
ORD0095589,21.44,0.0
ORD0095590,14.44,0.0
ORD0095591,14.69,0.0
ORD0095592,15.83,0.0
ORD0095593,13.38,0.0
ORD0095594,14.13,0.0007
ORD0095595,13.09,0.0
ORD0095596,15.99,0.0227
ORD0095597,18.13,0.9921
ORD0095598,15.44,0.0
ORD0095599,15.38,0.0
ORD0095600,14.66,0.3444
ORD0095601,11.67,0.9801
ORD0095602,15.52,0.9921
ORD0095603,14.82,1.0
ORD0095604,28.7,0.0
ORD0095605,8.93,0.0
ORD0095606,16.17,0.1382
ORD0095607,12.0,0.0
ORD0095608,12.71,0.9415
ORD0095609,10.82,0.5931
ORD0095610,12.16,0.0
ORD0095611,10.99,0.0
ORD0095612,11.49,0.0
ORD0095613,19.81,0.0
ORD0095614,11.49,0.0
ORD0095615,11.02,0.0
ORD0095616,9.43,0.0
ORD0095617,9.48,0.0
ORD0095618,11.78,0.0
ORD0095619,10.36,0.9801
ORD0095620,10.79,0.0
ORD0095621,13.51,1.0
ORD0095622,12.5,1.0
ORD0095623,11.61,0.0
ORD0095624,16.14,0.8954
ORD0095625,26.26,0.214
ORD0095626,16.76,1.0
ORD0095627,13.29,0.0
ORD0095628,17.49,1.0
ORD0095629,11.91,0.0
ORD0095630,18.72,0.0
ORD0095631,14.28,0.0
ORD0095632,20.4,0.1382
ORD0095633,20.04,0.0
ORD0095634,22.68,1.0
ORD0095635,17.31,0.3963
ORD0095636,12.84,0.0
ORD0095637,44.21,0.0
ORD0095638,19.94,1.0
ORD0095639,22.44,0.9995
ORD0095640,14.73,0.0
ORD0095641,17.67,0.0
ORD0095642,24.11,0.0
ORD0095643,18.73,0.214
ORD0095644,16.39,0.8451
ORD0095645,11.52,0.0
ORD0095646,9.36,0.0227
ORD0095647,14.91,0.9264
ORD0095648,12.81,0.9921
ORD0095649,27.09,0.9995
ORD0095650,15.83,0.0096
ORD0095651,13.99,0.3958
ORD0095652,29.67,0.0
ORD0095653,17.58,0.0213
ORD0095654,13.27,0.7552
ORD0095655,15.3,0.7139
ORD0095656,23.27,0.3963
ORD0095657,18.84,0.291
ORD0095658,19.38,0.8661
ORD0095659,18.63,0.0
ORD0095660,18.38,0.0
ORD0095661,17.79,0.0
ORD0095662,59.12,0.5931
ORD0095663,42.54,0.0
ORD0095664,24.8,1.0
ORD0095665,9.64,0.0
ORD0095666,9.56,0.0
ORD0095667,12.72,0.0
ORD0095668,16.69,0.0
ORD0095669,16.99,0.0
ORD0095670,26.5,0.0096
ORD0095671,18.5,0.0
ORD0095672,28.5,0.9973
ORD0095673,20.98,0.0
ORD0095674,14.75,0.0
ORD0095675,10.97,0.0
ORD0095676,11.67,0.0
ORD0095677,16.02,0.0
ORD0095678,16.8,0.0
ORD0095679,23.37,1.0
ORD0095680,16.88,0.8087
ORD0095681,14.2,0.0
ORD0095682,14.95,1.0
ORD0095683,16.25,0.0
ORD0095684,20.15,0.001
ORD0095685,24.45,1.0
ORD0095686,11.86,0.0
ORD0095687,12.95,0.0
ORD0095688,11.86,0.0
ORD0095689,20.65,0.0
ORD0095690,20.02,0.0
ORD0095691,11.79,0.0
ORD0095692,15.37,0.0
ORD0095693,14.93,0.0
ORD0095694,20.94,0.2924
ORD0095695,20.03,0.0
ORD0095696,14.89,0.0227
ORD0095697,14.92,0.0
ORD0095698,33.37,0.0
ORD0095699,14.47,0.9973
ORD0095700,14.74,0.9415
ORD0095701,17.96,0.0
ORD0095702,28.88,0.0
ORD0095703,21.25,0.0
ORD0095704,21.98,0.0
ORD0095705,21.35,0.0227
ORD0095706,15.71,0.0
ORD0095707,16.32,0.0
ORD0095708,18.61,0.0
ORD0095709,15.87,0.8723
ORD0095710,13.83,0.8596
ORD0095711,19.71,1.0
ORD0095712,19.73,1.0
ORD0095713,9.5,0.0
ORD0095714,26.06,0.0
ORD0095715,23.7,0.0
ORD0095716,13.52,0.0007
ORD0095717,14.03,0.0
ORD0095718,17.37,0.5931
ORD0095719,13.38,0.0
ORD0095720,28.12,0.0
ORD0095721,19.26,0.9921
ORD0095722,15.37,0.001
ORD0095723,19.57,0.0
ORD0095724,20.76,0.0
ORD0095725,16.51,0.0007
ORD0095726,20.9,0.0
ORD0095727,18.76,0.0
ORD0095728,14.04,0.0
ORD0095729,12.77,0.0
ORD0095730,20.34,0.0
ORD0095731,12.32,0.0
ORD0095732,12.67,0.0
ORD0095733,12.03,0.0
ORD0095734,18.26,0.0
ORD0095735,14.54,0.0
ORD0095736,10.68,0.7552
ORD0095737,10.46,0.214
ORD0095738,12.65,1.0
ORD0095739,11.1,0.9921
ORD0095740,7.08,0.0
ORD0095741,7.6,0.0227
ORD0095742,11.8,0.3958
ORD0095743,12.02,0.7139
ORD0095744,10.45,0.9415
ORD0095745,11.37,0.9921
ORD0095746,11.43,0.0
ORD0095747,11.18,0.0
ORD0095748,11.14,0.0
ORD0095749,11.49,0.0
ORD0095750,10.34,0.0
ORD0095751,8.62,0.0
ORD0095752,9.87,0.0
ORD0095753,10.24,0.001
ORD0095754,10.16,0.9415
ORD0095755,12.4,0.9581
ORD0095756,9.93,0.0
ORD0095757,10.11,0.0
ORD0095758,16.76,0.0
ORD0095759,18.92,0.0
ORD0095760,24.35,0.0
ORD0095761,11.18,0.0
ORD0095762,12.59,0.0
ORD0095763,17.23,0.0
ORD0095764,11.66,0.0
ORD0095765,20.72,0.0
ORD0095766,16.73,0.0
ORD0095767,17.55,0.0
ORD0095768,20.28,0.0
ORD0095769,27.04,0.0
ORD0095770,22.12,0.0
ORD0095771,14.38,0.0
ORD0095772,18.31,0.2198
ORD0095773,15.65,0.0
ORD0095774,21.83,0.0
ORD0095775,63.49,0.0
ORD0095776,27.65,0.0
ORD0095777,17.87,1.0
ORD0095778,11.55,0.8954
ORD0095779,11.69,0.7139
ORD0095780,15.07,1.0
ORD0095781,24.05,1.0
ORD0095782,21.94,0.9995
ORD0095783,13.95,0.981
ORD0095784,12.89,0.0033
ORD0095785,12.18,0.1791
ORD0095786,12.67,0.0227
ORD0095787,11.73,0.7552
ORD0095788,20.97,0.7552
ORD0095789,15.82,0.9415
ORD0095790,12.87,0.3963
ORD0095791,38.2,0.0227
ORD0095792,17.98,0.0
ORD0095793,18.46,0.0
ORD0095794,15.61,0.0
ORD0095795,43.12,0.0
ORD0095796,30.09,0.0
ORD0095797,22.21,0.8197
ORD0095798,22.54,0.0
ORD0095799,8.5,0.0
ORD0095800,9.31,0.0
ORD0095801,8.92,0.0
ORD0095802,9.25,0.0
ORD0095803,12.47,0.0
ORD0095804,12.31,0.0
ORD0095805,11.43,0.0
ORD0095806,18.41,0.0
ORD0095807,21.46,0.0
ORD0095808,22.64,0.214
ORD0095809,13.12,0.0
ORD0095810,12.77,0.0
ORD0095811,10.01,0.0
ORD0095812,11.85,0.0
ORD0095813,16.64,0.0
ORD0095814,74.13,0.0
ORD0095815,19.78,1.0
ORD0095816,17.16,1.0
ORD0095817,14.75,1.0
ORD0095818,12.09,0.8087
ORD0095819,13.97,0.0
ORD0095820,15.32,0.608
ORD0095821,101.15,0.0
ORD0095822,38.47,0.0
ORD0095823,12.65,0.214
ORD0095824,13.07,0.0
ORD0095825,14.27,1.0
ORD0095826,10.81,0.0
ORD0095827,21.87,0.0
ORD0095828,59.74,0.0
ORD0095829,9.74,0.0
ORD0095830,9.26,0.0
ORD0095831,12.5,0.0
ORD0095832,13.07,0.0227
ORD0095833,17.07,0.0
ORD0095834,18.46,0.9415
ORD0095835,14.29,0.9415
ORD0095836,12.6,1.0
ORD0095837,18.89,0.0
ORD0095838,21.16,0.0
ORD0095839,11.3,1.0
ORD0095840,13.97,0.0
ORD0095841,9.51,0.0
ORD0095842,22.33,0.0
ORD0095843,17.2,0.0
ORD0095844,11.68,0.0
ORD0095845,10.98,0.0
ORD0095846,28.71,0.5931
ORD0095847,17.78,0.481
ORD0095848,14.76,0.0
ORD0095849,17.4,0.0
ORD0095850,12.94,1.0
ORD0095851,11.98,0.9995
ORD0095852,18.58,1.0
ORD0095853,19.05,1.0
ORD0095854,8.9,0.0
ORD0095855,8.5,0.0
ORD0095856,13.64,0.0
ORD0095857,13.26,0.0
ORD0095858,13.44,0.0
ORD0095859,13.07,0.0
ORD0095860,23.38,0.0
ORD0095861,21.74,0.0
ORD0095862,15.14,0.0082
ORD0095863,14.08,0.0
ORD0095864,15.19,0.0
ORD0095865,14.4,0.0
ORD0095866,20.36,0.0
ORD0095867,17.84,0.0
ORD0095868,12.06,0.0
ORD0095869,11.67,0.0
ORD0095870,13.82,0.0
ORD0095871,19.91,0.0
ORD0095872,10.89,0.0
ORD0095873,9.94,0.0
ORD0095874,23.83,0.0
ORD0095875,11.55,0.0
ORD0095876,10.76,0.0
ORD0095877,15.17,0.0
ORD0095878,14.38,0.0
ORD0095879,13.38,0.0
ORD0095880,12.48,0.0
ORD0095881,10.24,0.481
ORD0095882,12.72,0.481
ORD0095883,12.65,0.9801
ORD0095884,11.9,0.9921
ORD0095885,6.39,0.0
ORD0095886,6.34,0.0
ORD0095887,14.07,0.0
ORD0095888,9.0,0.0
ORD0095889,8.86,0.0
ORD0095890,9.51,0.0
ORD0095891,11.4,0.0
ORD0095892,8.57,0.0
ORD0095893,9.23,0.0
ORD0095894,6.62,0.0
ORD0095895,7.16,0.0
ORD0095896,8.54,0.0
ORD0095897,9.26,0.0
ORD0095898,7.98,0.0
ORD0095899,10.15,0.0
ORD0095900,10.18,0.3958
ORD0095901,8.53,0.0
ORD0095902,8.43,0.0
ORD0095903,16.87,0.0
ORD0095904,11.91,0.0
ORD0095905,21.87,0.0
ORD0095906,25.49,0.0
ORD0095907,9.38,0.0
ORD0095908,10.39,0.0
ORD0095909,11.59,0.0
ORD0095910,15.88,0.0
ORD0095911,14.37,0.0
ORD0095912,15.5,0.0
ORD0095913,16.41,0.0
ORD0095914,14.27,0.0
ORD0095915,10.26,0.0
ORD0095916,12.7,0.0
ORD0095917,13.17,0.7552
ORD0095918,15.19,0.0
ORD0095919,13.56,0.0
ORD0095920,13.9,0.214
ORD0095921,13.63,0.3958
ORD0095922,10.27,0.0
ORD0095923,8.38,0.0
ORD0095924,10.42,0.7552
ORD0095925,8.85,0.8087
ORD0095926,21.19,0.9921
ORD0095927,18.68,0.9995
ORD0095928,13.33,0.0033
ORD0095929,9.85,0.0096
ORD0095930,18.46,0.3556
ORD0095931,10.68,0.55
ORD0095932,18.34,0.3958
ORD0095933,14.8,0.608
ORD0095934,11.45,0.8087
ORD0095935,12.16,0.9679
ORD0095936,43.32,0.0
ORD0095937,11.22,0.0
ORD0095938,12.41,0.0
ORD0095939,30.08,0.0
ORD0095940,14.07,0.0
ORD0095941,9.28,0.0
ORD0095942,28.1,0.0
ORD0095943,9.7,0.0
ORD0095944,13.72,0.0
ORD0095945,10.84,0.0
ORD0095946,14.34,0.0
ORD0095947,13.13,0.0
ORD0095948,15.84,0.0
ORD0095949,13.07,0.0
ORD0095950,26.25,0.0
ORD0095951,28.7,0.8661
ORD0095952,16.74,0.0
ORD0095953,19.71,0.0
ORD0095954,10.38,0.0
ORD0095955,13.69,0.0
ORD0095956,24.69,1.0
ORD0095957,12.96,0.0
ORD0095958,12.27,0.0
ORD0095959,12.76,0.0
ORD0095960,17.5,0.0
ORD0095961,16.12,0.0
ORD0095962,13.93,0.0
ORD0095963,22.37,1.0
ORD0095964,12.07,0.0
ORD0095965,43.26,0.0
ORD0095966,12.86,0.0
ORD0095967,21.59,0.0
ORD0095968,10.2,0.0
ORD0095969,10.22,0.0
ORD0095970,14.79,0.0
ORD0095971,21.68,0.7139
ORD0095972,17.99,0.9995
ORD0095973,15.76,0.0
ORD0095974,24.95,0.0
ORD0095975,25.03,0.0
ORD0095976,11.87,0.0
ORD0095977,11.4,0.0
ORD0095978,13.58,0.0
ORD0095979,66.24,0.0
ORD0095980,94.75,0.0
ORD0095981,23.4,0.0
ORD0095982,19.97,0.0
ORD0095983,23.64,0.0
ORD0095984,12.91,0.0
ORD0095985,13.29,0.0
ORD0095986,21.39,0.0033
ORD0095987,19.22,0.0
ORD0095988,17.63,0.0
ORD0095989,11.92,0.9921
ORD0095990,18.0,1.0
ORD0095991,9.13,0.0
ORD0095992,50.95,0.0
ORD0095993,12.19,0.0
ORD0095994,12.85,0.0
ORD0095995,16.29,0.3481
ORD0095996,14.48,0.5931
ORD0095997,27.24,0.0
ORD0095998,27.84,0.0
ORD0095999,16.17,0.9415
ORD0096000,17.72,0.8256
ORD0096001,18.21,0.0
ORD0096002,19.48,0.0
ORD0096003,19.23,0.0
ORD0096004,14.22,0.0
ORD0096005,23.65,0.0
ORD0096006,15.85,0.0
ORD0096007,13.76,0.0
ORD0096008,10.69,0.0
ORD0096009,10.61,0.0
ORD0096010,15.75,0.0
ORD0096011,14.21,0.9995
ORD0096012,14.22,0.0
ORD0096013,9.18,0.0
ORD0096014,9.86,0.0
ORD0096015,11.2,0.0619
ORD0096016,9.02,0.0
ORD0096017,6.01,0.0
ORD0096018,7.02,0.0
ORD0096019,15.13,0.0
ORD0096020,9.28,0.0
ORD0096021,9.3,0.0
ORD0096022,12.1,0.0
ORD0096023,10.04,0.0
ORD0096024,11.71,0.0
ORD0096025,10.95,0.0
ORD0096026,9.0,0.0
ORD0096027,11.08,0.7552
ORD0096028,25.34,0.0
ORD0096029,10.49,0.9995
ORD0096030,10.36,0.0
ORD0096031,13.87,1.0
ORD0096032,10.22,0.0
ORD0096033,10.66,0.0
ORD0096034,9.15,0.0
ORD0096035,14.59,0.0
ORD0096036,15.1,0.9921
ORD0096037,18.26,0.0
ORD0096038,32.31,0.9581
ORD0096039,11.43,0.0
ORD0096040,12.7,0.0
ORD0096041,15.24,1.0
ORD0096042,20.84,0.0
ORD0096043,16.69,0.0
ORD0096044,15.81,0.0
ORD0096045,21.32,0.0
ORD0096046,12.53,0.0
ORD0096047,12.35,0.0
ORD0096048,18.65,0.9039
ORD0096049,16.76,0.0
ORD0096050,15.21,0.0
ORD0096051,15.99,0.0
ORD0096052,20.22,0.2961
ORD0096053,16.91,0.0619
ORD0096054,10.75,0.0
ORD0096055,11.17,0.0
ORD0096056,12.13,0.8661
ORD0096057,12.54,0.3963
ORD0096058,23.75,0.9921
ORD0096059,20.98,0.7552
ORD0096060,13.06,0.0619
ORD0096061,13.24,0.0463
ORD0096062,12.11,0.0408
ORD0096063,11.91,0.291
ORD0096064,12.0,0.214
ORD0096065,23.04,0.0007
ORD0096066,22.19,0.481
ORD0096067,14.65,0.0619
ORD0096068,13.45,0.608
ORD0096069,19.25,0.0
ORD0096070,12.64,0.0
ORD0096071,14.89,0.0
ORD0096072,12.94,0.0
ORD0096073,30.02,0.0
ORD0096074,21.28,0.0
ORD0096075,17.63,0.0
ORD0096076,36.33,0.0
ORD0096077,11.68,0.0
ORD0096078,13.63,0.0
ORD0096079,11.14,0.0
ORD0096080,14.06,0.9995
ORD0096081,15.63,0.0
ORD0096082,18.12,0.9973
ORD0096083,84.57,0.0
ORD0096084,13.76,0.0
ORD0096085,17.26,0.0
ORD0096086,13.85,0.0
ORD0096087,26.38,0.0
ORD0096088,31.47,0.1
ORD0096089,33.19,0.0408
ORD0096090,26.4,0.0
ORD0096091,44.59,0.0
ORD0096092,24.52,0.0
ORD0096093,12.88,0.0
ORD0096094,21.5,0.0
ORD0096095,22.9,0.0
ORD0096096,13.7,0.0
ORD0096097,22.44,0.9995
ORD0096098,17.42,0.0
ORD0096099,21.08,0.0
ORD0096100,15.49,0.0
ORD0096101,19.14,0.0
ORD0096102,25.13,1.0
ORD0096103,68.63,0.0
ORD0096104,59.99,0.0
ORD0096105,69.3,0.0
ORD0096106,70.04,0.0
ORD0096107,33.27,0.0
ORD0096108,69.5,0.0
ORD0096109,14.58,0.0
ORD0096110,14.25,0.0
ORD0096111,13.8,0.0
ORD0096112,14.12,0.0
ORD0096113,24.63,0.0
ORD0096114,20.01,0.0
ORD0096115,11.93,0.0
ORD0096116,15.73,0.0
ORD0096117,23.83,0.5931
ORD0096118,22.71,0.0
ORD0096119,21.38,1.0
ORD0096120,30.43,0.0
ORD0096121,17.47,1.0
ORD0096122,16.6,0.9921
ORD0096123,15.6,0.0
ORD0096124,18.59,0.0
ORD0096125,29.9,0.0
ORD0096126,14.69,0.0
ORD0096127,15.54,0.0
ORD0096128,27.65,0.9415
ORD0096129,22.24,0.0619
ORD0096130,21.44,0.0
ORD0096131,18.87,0.0
ORD0096132,18.83,1.0
ORD0096133,25.44,1.0
ORD0096134,21.55,0.9995
ORD0096135,12.17,0.0
ORD0096136,12.53,0.0033
ORD0096137,14.11,0.0
ORD0096138,16.11,0.0
ORD0096139,19.23,0.001
ORD0096140,16.77,0.1
ORD0096141,29.65,0.0
ORD0096142,25.43,0.0
ORD0096143,19.63,0.9039
ORD0096144,21.5,0.9778
ORD0096145,24.98,0.0
ORD0096146,20.65,0.0
ORD0096147,17.79,0.0
ORD0096148,18.26,0.0
ORD0096149,26.92,0.001
ORD0096150,30.63,0.0096
ORD0096151,16.88,0.3958
ORD0096152,19.89,0.1382
ORD0096153,20.76,0.0
ORD0096154,14.72,0.0
ORD0096155,16.99,0.9646
ORD0096156,15.04,0.8954
ORD0096157,17.87,0.0
ORD0096158,20.26,0.3958
ORD0096159,20.66,0.0
ORD0096160,23.05,0.0463
ORD0096161,15.93,0.0007
ORD0096162,14.41,0.0
ORD0096163,13.83,0.1382
ORD0096164,14.2,0.9415
ORD0096165,8.88,0.0
ORD0096166,9.05,0.0227
ORD0096167,15.16,0.0
ORD0096168,16.09,0.9778
ORD0096169,12.16,0.214
ORD0096170,12.46,0.0
ORD0096171,11.72,0.0
ORD0096172,12.44,0.0
ORD0096173,15.38,0.0
ORD0096174,11.22,0.0
ORD0096175,12.27,0.0
ORD0096176,9.03,0.0
ORD0096177,10.25,0.0
ORD0096178,11.49,0.0
ORD0096179,11.25,0.0
ORD0096180,10.82,0.481
ORD0096181,9.58,0.0
ORD0096182,13.01,0.9415
ORD0096183,11.51,0.0
ORD0096184,10.63,0.0
ORD0096185,20.16,0.0
ORD0096186,19.74,0.0
ORD0096187,26.99,0.0
ORD0096188,11.19,0.0
ORD0096189,18.35,0.0
ORD0096190,11.94,0.0
ORD0096191,27.54,0.0
ORD0096192,61.91,0.0
ORD0096193,57.41,0.9921
ORD0096194,64.28,0.0
ORD0096195,59.92,0.0
ORD0096196,79.04,0.0
ORD0096197,22.51,0.0
ORD0096198,19.13,0.0
ORD0096199,20.63,0.0
ORD0096200,22.47,0.0
ORD0096201,25.51,0.0
ORD0096202,15.07,0.0
ORD0096203,21.98,0.9921
ORD0096204,20.8,0.1
ORD0096205,17.99,0.0
ORD0096206,21.62,0.1382
ORD0096207,17.65,0.0
ORD0096208,15.28,0.481
ORD0096209,13.72,0.1382
ORD0096210,28.42,0.9415
ORD0096211,19.84,0.3958
ORD0096212,16.17,0.0007
ORD0096213,15.21,0.0007
ORD0096214,14.83,0.3963
ORD0096215,13.29,0.0096
ORD0096216,13.5,0.7552
ORD0096217,12.35,0.1382
ORD0096218,31.0,0.2961
ORD0096219,15.66,0.6546
ORD0096220,15.35,0.1382
ORD0096221,19.5,0.0
ORD0096222,16.01,0.0
ORD0096223,17.94,0.0
ORD0096224,39.68,0.0
ORD0096225,43.29,0.0
ORD0096226,26.29,0.0227
ORD0096227,25.04,0.0
ORD0096228,11.58,0.0
ORD0096229,11.61,0.0
ORD0096230,12.61,0.0
ORD0096231,10.87,0.0
ORD0096232,15.26,0.0
ORD0096233,14.71,0.0
ORD0096234,16.99,0.0
ORD0096235,15.27,0.0
ORD0096236,19.13,0.0
ORD0096237,16.8,0.0
ORD0096238,23.09,0.0
ORD0096239,36.65,0.7139
ORD0096240,32.23,0.0096
ORD0096241,16.0,0.0
ORD0096242,16.4,0.0
ORD0096243,14.09,0.0
ORD0096244,12.23,0.0
ORD0096245,17.1,0.0
ORD0096246,18.6,0.0
ORD0096247,21.15,1.0
ORD0096248,22.39,0.0
ORD0096249,17.59,0.0
ORD0096250,21.89,0.0
ORD0096251,102.31,0.0
ORD0096252,74.68,0.0
ORD0096253,54.99,0.0
ORD0096254,17.04,0.0
ORD0096255,20.89,0.0
ORD0096256,12.73,0.0
ORD0096257,25.66,0.0
ORD0096258,10.79,0.0
ORD0096259,10.3,0.0
ORD0096260,17.59,0.0227
ORD0096261,16.24,0.0033
ORD0096262,25.23,0.8661
ORD0096263,29.66,0.9415
ORD0096264,25.56,0.9973
ORD0096265,39.3,0.0
ORD0096266,41.22,0.0
ORD0096267,18.29,1.0
ORD0096268,17.5,0.0
ORD0096269,18.05,0.0
ORD0096270,34.54,0.0
ORD0096271,18.17,0.0
ORD0096272,37.74,0.9921
ORD0096273,21.34,0.0
ORD0096274,19.94,0.0
ORD0096275,20.82,1.0
ORD0096276,13.4,0.0
ORD0096277,26.9,1.0
ORD0096278,14.9,0.0
ORD0096279,14.16,0.0
ORD0096280,15.31,0.0
ORD0096281,18.31,0.0
ORD0096282,47.8,0.0
ORD0096283,18.93,0.0227
ORD0096284,20.14,0.0
ORD0096285,22.5,0.0
ORD0096286,35.76,0.0
ORD0096287,18.66,0.0
ORD0096288,53.12,0.0
ORD0096289,49.2,0.0
ORD0096290,36.14,0.9995
ORD0096291,19.47,1.0
ORD0096292,21.11,0.0
ORD0096293,23.48,0.9921
ORD0096294,20.14,1.0
ORD0096295,12.77,0.9039
ORD0096296,49.3,0.0
ORD0096297,29.58,0.0
ORD0096298,13.31,0.0
ORD0096299,17.58,0.608
ORD0096300,17.12,0.0
ORD0096301,21.82,0.0
ORD0096302,16.92,0.0
ORD0096303,17.25,0.0
ORD0096304,11.69,0.0007
ORD0096305,16.53,0.7552
ORD0096306,25.89,0.0
ORD0096307,46.53,0.0
ORD0096308,37.25,0.0
ORD0096309,10.16,0.0
ORD0096310,16.51,0.0
ORD0096311,17.9,0.0
ORD0096312,11.89,0.291
ORD0096313,11.07,0.0
ORD0096314,11.11,0.0
ORD0096315,11.39,0.0
ORD0096316,11.34,0.0
ORD0096317,10.02,0.0
ORD0096318,8.39,0.0
ORD0096319,10.56,0.0
ORD0096320,11.71,0.1382
ORD0096321,9.08,0.0
ORD0096322,11.85,0.0463
ORD0096323,11.84,0.981
ORD0096324,9.93,0.0
ORD0096325,10.08,0.0
ORD0096326,19.55,0.0
ORD0096327,16.77,0.0
ORD0096328,24.35,0.0
ORD0096329,27.11,0.0
ORD0096330,12.18,0.0
ORD0096331,11.01,0.0
ORD0096332,18.8,0.5931
ORD0096333,20.29,0.0
ORD0096334,19.73,0.0
ORD0096335,27.1,0.1382
ORD0096336,26.04,1.0
ORD0096337,20.13,0.0
ORD0096338,14.24,0.0
ORD0096339,19.43,1.0
ORD0096340,15.6,0.0
ORD0096341,18.69,0.0
ORD0096342,19.83,0.8087
ORD0096343,16.51,0.0
ORD0096344,11.58,0.0227
ORD0096345,14.42,0.9995
ORD0096346,22.68,1.0
ORD0096347,21.82,0.0
ORD0096348,15.8,0.291
ORD0096349,16.23,0.1
ORD0096350,15.04,0.481
ORD0096351,11.97,0.0463
ORD0096352,21.77,0.1382
ORD0096353,17.88,0.0227
ORD0096354,15.17,0.5931
ORD0096355,87.31,0.0077
ORD0096356,18.87,0.0
ORD0096357,14.18,0.0
ORD0096358,16.04,0.1382
ORD0096359,15.17,0.0077
ORD0096360,47.9,0.9995
ORD0096361,65.67,0.9415
ORD0096362,28.23,1.0
ORD0096363,29.11,1.0
ORD0096364,12.14,0.9661
ORD0096365,13.53,1.0
ORD0096366,10.76,0.0
ORD0096367,17.69,1.0
ORD0096368,11.51,0.0
ORD0096369,16.5,0.0
ORD0096371,18.83,0.0216
ORD0096373,25.75,1.0
ORD0096374,18.34,0.0
ORD0096375,37.92,1.0
ORD0096376,29.52,0.0
ORD0096377,16.09,0.0
ORD0096378,15.73,0.0
ORD0096380,15.67,0.0
ORD0096382,20.94,0.3958
ORD0096383,17.28,1.0
ORD0096385,19.02,0.0
ORD0096386,13.62,0.0
ORD0096387,19.88,1.0
ORD0096389,17.37,0.0
ORD0096390,11.45,0.0
ORD0096391,11.35,0.0
ORD0096392,29.37,0.0
ORD0096393,21.18,0.0
ORD0096394,11.47,0.0
ORD0096395,13.29,0.3963
ORD0096396,15.82,0.0
ORD0096397,14.71,0.0
ORD0096398,17.86,0.0
ORD0096399,16.98,0.0
ORD0096400,22.82,1.0
ORD0096401,33.66,0.0
ORD0096402,41.08,0.0
ORD0096403,14.54,0.3958
ORD0096404,13.47,0.0
ORD0096405,15.03,0.0
ORD0096406,15.81,0.0
ORD0096407,71.66,0.0
ORD0096408,25.82,0.0619
ORD0096409,25.94,0.9921
ORD0096410,18.45,0.0
ORD0096411,15.26,0.0
ORD0096412,34.77,0.9995
ORD0096413,17.98,0.0
ORD0096414,17.15,1.0
ORD0096415,12.95,1.0
ORD0096416,21.08,1.0
ORD0096417,22.89,1.0
ORD0096418,10.18,0.001
ORD0096419,11.94,0.7552
ORD0096420,13.78,0.481
ORD0096421,18.5,0.9921
ORD0096422,31.04,0.0
ORD0096423,27.16,0.0
ORD0096424,19.72,1.0
ORD0096425,21.69,0.0
ORD0096426,17.98,0.3958
ORD0096427,19.17,0.0619
ORD0096428,24.62,0.0
ORD0096429,27.89,1.0
ORD0096430,18.06,0.0
ORD0096431,18.35,1.0
ORD0096432,18.64,0.0
ORD0096433,15.39,0.9646
ORD0096434,14.64,0.214
ORD0096435,12.45,0.0096
ORD0096436,16.35,0.0
ORD0096437,18.82,0.0
ORD0096438,20.78,0.0
ORD0096439,15.66,0.0
ORD0096440,11.33,0.0
ORD0096441,11.08,0.0
ORD0096442,11.8,0.9039
ORD0096443,11.66,0.0
ORD0096444,31.51,0.0
ORD0096445,6.92,0.0
ORD0096446,14.9,0.0
ORD0096447,18.42,0.481
ORD0096448,11.03,0.1
ORD0096449,13.71,1.0
ORD0096450,13.73,0.0
ORD0096451,11.94,0.0345
ORD0096452,12.43,0.0
ORD0096453,12.11,0.0
ORD0096454,12.21,0.0
ORD0096455,13.25,0.988
ORD0096456,9.87,0.0
ORD0096457,10.03,0.0
ORD0096458,12.66,0.0
ORD0096459,11.67,0.0
ORD0096460,12.37,1.0
ORD0096461,11.44,0.1
ORD0096462,11.11,0.0
ORD0096463,12.54,0.0
ORD0096464,17.66,0.0
ORD0096465,25.12,0.0
ORD0096466,11.73,0.0
ORD0096467,15.76,1.0
ORD0096468,21.89,0.1382
ORD0096469,15.24,1.0
ORD0096470,21.27,0.0
ORD0096471,21.2,0.0
ORD0096472,19.97,0.214
ORD0096473,24.02,0.9415
ORD0096474,24.95,0.981
ORD0096475,27.67,1.0
ORD0096476,15.2,0.0
ORD0096477,12.84,0.0
ORD0096478,24.46,1.0
ORD0096479,25.14,1.0
ORD0096480,15.85,0.0
ORD0096481,17.46,0.0
ORD0096482,28.7,0.0
ORD0096483,18.44,0.3444
ORD0096484,17.65,0.8596
ORD0096485,10.87,0.0
ORD0096486,9.54,0.0227
ORD0096487,15.8,0.8954
ORD0096488,15.57,0.9973
ORD0096489,27.39,1.0
ORD0096490,14.84,0.0619
ORD0096491,13.95,0.291
ORD0096492,26.95,0.0
ORD0096493,16.08,0.0408
ORD0096494,15.64,0.9921
ORD0096495,14.45,0.481
ORD0096496,27.35,0.0619
ORD0096497,21.76,0.8087
ORD0096498,16.07,0.8372
ORD0096499,16.18,0.0
ORD0096500,21.8,0.0
ORD0096501,15.38,0.0
ORD0096502,53.92,0.0227
ORD0096503,39.5,0.0
ORD0096504,27.6,0.9921
ORD0096505,9.22,0.0
ORD0096506,9.84,0.0
ORD0096507,13.33,0.0
ORD0096508,15.52,0.0
ORD0096509,14.02,0.0
ORD0096510,22.31,0.0
ORD0096511,18.71,0.0
ORD0096512,32.39,0.1
ORD0096513,22.94,0.0216
ORD0096514,15.27,0.0
ORD0096515,12.62,0.0
ORD0096516,11.29,0.0
ORD0096517,14.63,0.0
ORD0096518,14.86,0.0
ORD0096519,16.42,0.0
ORD0096520,18.89,0.9995
ORD0096521,13.39,0.0
ORD0096522,17.04,1.0
ORD0096523,17.43,0.0
ORD0096524,15.53,0.214
ORD0096525,25.53,0.9801
ORD0096526,14.82,0.0
ORD0096527,13.08,0.0
ORD0096528,13.23,0.0
ORD0096529,21.88,0.0
ORD0096530,16.7,0.0
ORD0096531,10.11,0.0
ORD0096532,13.37,0.0
ORD0096533,14.11,0.0
ORD0096534,17.48,0.0
ORD0096535,20.11,0.0
ORD0096536,16.55,0.0033
ORD0096537,14.82,0.0
ORD0096538,29.09,0.0
ORD0096539,13.09,0.9679
ORD0096540,13.45,0.3444
ORD0096541,15.43,0.0
ORD0096542,29.65,0.0
ORD0096543,19.55,0.0
ORD0096544,17.04,0.0
ORD0096545,29.31,0.0408
ORD0096546,15.74,0.0033
ORD0096547,16.52,0.0
ORD0096548,20.19,0.0
ORD0096549,16.66,0.9801
ORD0096550,14.56,0.988
ORD0096551,18.37,1.0
ORD0096552,20.1,1.0
ORD0096553,10.32,0.0
ORD0096554,21.42,0.0
ORD0096555,24.84,0.0
ORD0096556,15.14,0.0
ORD0096557,13.33,0.0
ORD0096558,15.36,0.0
ORD0096559,13.46,0.0
ORD0096560,29.72,0.0
ORD0096561,15.98,0.291
ORD0096562,15.32,0.0
ORD0096563,21.58,0.0
ORD0096564,17.25,0.0
ORD0096565,16.15,0.0
ORD0096566,18.01,0.0007
ORD0096567,19.35,0.0
ORD0096568,14.59,0.214
ORD0096569,13.41,0.0
ORD0096570,13.12,0.0
ORD0096571,13.99,0.9679
ORD0096572,11.7,0.0
ORD0096573,11.56,0.0
ORD0096574,15.31,0.0
ORD0096575,12.68,0.1
ORD0096576,14.52,0.7139
ORD0096577,8.82,0.0
ORD0096578,14.23,0.9995
ORD0096579,32.88,0.0
ORD0096580,6.69,0.0
ORD0096581,8.61,0.0
ORD0096582,12.94,0.0
ORD0096583,11.69,0.1
ORD0096584,9.74,0.0619
ORD0096585,10.63,0.988
ORD0096586,12.54,0.7139
ORD0096587,11.74,0.0
ORD0096588,13.55,0.0
ORD0096589,11.45,0.9995
ORD0096590,11.0,0.0
ORD0096591,9.37,0.0
ORD0096592,9.77,0.0
ORD0096593,11.63,1.0
ORD0096594,10.66,1.0
ORD0096595,13.14,1.0
ORD0096596,10.15,0.0
ORD0096597,11.09,0.001
ORD0096598,14.97,0.0
ORD0096599,25.15,0.0
ORD0096600,28.22,0.3963
ORD0096601,12.29,0.0
ORD0096602,14.62,0.9995
ORD0096603,15.5,0.001
ORD0096604,13.62,1.0
ORD0096605,20.84,0.0
ORD0096606,19.75,0.0
ORD0096607,20.55,0.0
ORD0096608,22.71,0.0
ORD0096609,19.1,0.0
ORD0096610,27.89,0.0
ORD0096611,12.1,0.0
ORD0096612,18.88,0.7139
ORD0096613,18.03,0.0
ORD0096614,16.95,0.0
ORD0096615,68.1,0.0
ORD0096616,28.78,0.0
ORD0096617,21.95,0.9995
ORD0096618,12.02,0.9415
ORD0096619,11.47,0.9581
ORD0096620,14.8,1.0
ORD0096621,24.55,1.0
ORD0096622,16.6,0.9778
ORD0096623,14.49,0.9973
ORD0096624,16.48,0.0619
ORD0096625,13.94,0.9415
ORD0096626,13.31,0.3556
ORD0096627,12.58,0.0096
ORD0096628,22.79,0.214
ORD0096629,15.03,0.7139
ORD0096630,18.55,0.981
ORD0096631,40.68,0.0033
ORD0096632,34.9,0.0
ORD0096633,13.81,0.0
ORD0096634,15.63,0.0
ORD0096635,40.91,0.0
ORD0096636,39.1,0.0
ORD0096637,20.38,0.0
ORD0096638,21.67,0.0
ORD0096639,8.66,0.0
ORD0096640,33.53,0.0
ORD0096641,8.68,0.0
ORD0096642,28.75,0.0
ORD0096643,12.24,0.0
ORD0096644,12.83,0.0
ORD0096645,16.44,0.0
ORD0096646,19.01,0.0
ORD0096647,18.21,0.0
ORD0096648,29.4,0.608
ORD0096649,35.77,0.0
ORD0096650,14.17,0.0
ORD0096651,10.07,0.0
ORD0096652,11.87,0.0
ORD0096653,17.81,0.0
ORD0096654,22.41,0.0
ORD0096655,23.81,1.0
ORD0096656,16.86,1.0
ORD0096657,16.3,1.0
ORD0096658,16.87,1.0
ORD0096659,18.35,0.0
ORD0096660,17.48,0.0
ORD0096661,66.63,0.0
ORD0096662,70.44,0.0
ORD0096663,44.58,0.0
ORD0096664,11.14,0.0
ORD0096665,11.08,0.0
ORD0096666,11.11,0.0007
ORD0096667,10.31,0.0
ORD0096668,47.91,0.0
ORD0096669,16.09,0.0
ORD0096670,10.34,0.0
ORD0096671,9.95,0.0
ORD0096672,13.16,0.0
ORD0096673,12.6,0.0
ORD0096674,16.88,0.0
ORD0096675,21.29,0.5931
ORD0096676,13.99,0.9415
ORD0096677,18.63,0.9921
ORD0096678,19.0,0.0
ORD0096679,31.83,0.0
ORD0096680,11.74,1.0
ORD0096681,15.47,0.0
ORD0096682,13.88,0.0
ORD0096683,23.72,0.0
ORD0096684,22.06,0.0
ORD0096685,16.38,0.0
ORD0096686,11.38,0.0
ORD0096687,23.04,0.608
ORD0096688,19.32,0.9778
ORD0096689,15.25,0.0
ORD0096690,16.58,0.0
ORD0096691,18.09,1.0
ORD0096692,12.81,1.0
ORD0096693,17.15,1.0
ORD0096694,17.63,1.0
ORD0096695,9.07,0.0
ORD0096696,9.88,0.0
ORD0096697,50.12,0.0
ORD0096698,11.58,0.0
ORD0096699,12.12,0.0
ORD0096700,15.24,0.1
ORD0096701,11.24,0.0
ORD0096702,23.73,0.0
ORD0096703,17.71,0.0
ORD0096704,15.09,0.8451
ORD0096705,17.76,0.0
ORD0096706,14.92,0.0
ORD0096707,13.76,0.0
ORD0096708,18.76,0.0
ORD0096709,17.83,0.0
ORD0096710,11.15,0.0
ORD0096711,15.01,0.0
ORD0096712,16.76,0.0
ORD0096713,12.02,0.0
ORD0096714,10.54,0.0
ORD0096715,11.49,0.0
ORD0096716,24.34,0.0
ORD0096717,10.89,0.0
ORD0096718,10.11,0.0
ORD0096719,13.9,0.0
ORD0096720,13.87,0.0
ORD0096721,11.3,0.0
ORD0096722,15.64,0.0
ORD0096723,8.32,0.0
ORD0096724,8.97,0.0
ORD0096725,10.89,0.0007
ORD0096726,10.89,0.0
ORD0096727,8.11,0.0
ORD0096728,7.28,0.1
ORD0096729,12.59,0.0
ORD0096730,9.39,0.0
ORD0096731,10.53,0.8954
ORD0096732,9.46,0.0
ORD0096733,14.78,0.0
ORD0096734,8.22,0.0
ORD0096735,9.31,0.0
ORD0096736,6.33,0.0
ORD0096737,7.08,0.0
ORD0096738,8.5,0.0
ORD0096739,8.52,0.0
ORD0096740,7.3,0.0
ORD0096741,9.76,0.0
ORD0096742,9.77,0.0
ORD0096743,8.72,0.0
ORD0096744,7.95,0.0
ORD0096745,13.98,0.0
ORD0096746,10.9,0.0
ORD0096747,16.47,0.0
ORD0096748,23.18,0.0
ORD0096749,8.92,0.0
ORD0096750,9.79,0.0
ORD0096751,10.91,0.0
ORD0096752,18.2,0.0
ORD0096753,16.5,0.0
ORD0096754,14.86,0.0
ORD0096755,18.43,0.0
ORD0096756,13.39,0.0
ORD0096757,22.48,0.0
ORD0096758,12.96,0.0
ORD0096759,14.09,0.001
ORD0096760,14.42,0.0
ORD0096761,12.74,0.0
ORD0096762,13.81,0.0408
ORD0096763,14.21,0.0463
ORD0096764,8.31,0.0
ORD0096765,8.64,0.001
ORD0096766,12.65,0.481
ORD0096767,9.9,0.1382
ORD0096768,17.61,0.9778
ORD0096769,18.9,0.9921
ORD0096770,11.0,0.0082
ORD0096771,10.55,0.0033
ORD0096772,13.7,1.0
ORD0096773,12.69,1.0
ORD0096774,21.37,1.0
ORD0096775,18.08,1.0
ORD0096776,16.95,1.0
ORD0096777,12.07,1.0
ORD0096778,13.17,0.0
ORD0096779,13.67,0.9973
ORD0096780,11.88,0.0
ORD0096781,39.63,0.2961
ORD0096782,17.83,0.9973
ORD0096783,12.68,0.0
ORD0096784,13.5,0.0
ORD0096785,13.37,0.0
ORD0096786,17.34,0.0
ORD0096787,15.01,0.001
ORD0096788,23.38,0.0
ORD0096789,18.14,0.0007
ORD0096790,20.15,0.0
ORD0096791,21.46,0.0
ORD0096792,25.58,0.0
ORD0096793,37.12,0.0619
ORD0096794,30.01,0.0
ORD0096795,23.47,0.0
ORD0096796,14.42,0.0
ORD0096797,20.22,0.0
ORD0096798,20.68,0.0
ORD0096799,22.48,0.9778
ORD0096800,21.57,0.9921
ORD0096801,18.97,0.7552
ORD0096802,26.14,0.0
ORD0096803,20.5,0.0
ORD0096804,23.22,0.0
ORD0096805,28.79,0.9995
ORD0096806,17.25,0.0
ORD0096807,16.93,0.0
ORD0096808,16.93,0.0
ORD0096809,25.27,0.0
ORD0096810,18.2,0.0
ORD0096811,18.33,0.0
ORD0096812,20.88,0.0
ORD0096813,25.79,0.0096
ORD0096814,24.54,0.001
ORD0096815,28.05,0.0216
ORD0096816,41.51,0.0
ORD0096817,35.97,0.0
ORD0096818,20.85,0.9995
ORD0096819,19.4,1.0
ORD0096820,22.5,0.0
ORD0096821,100.22,0.0
ORD0096822,71.22,0.0619
ORD0096823,27.65,0.0
ORD0096824,43.14,0.0
ORD0096825,24.52,0.0
ORD0096826,19.81,0.0
ORD0096827,17.15,0.0
ORD0096828,31.3,0.7552
ORD0096829,23.46,0.0
ORD0096830,22.27,0.0
ORD0096831,19.47,1.0
ORD0096832,24.73,1.0
ORD0096833,13.55,0.0
ORD0096834,21.53,0.0
ORD0096835,16.6,0.0007
ORD0096836,20.69,0.1382
ORD0096837,20.89,0.1382
ORD0096838,40.56,0.0
ORD0096839,28.89,0.0
ORD0096840,22.24,0.9921
ORD0096841,25.26,0.9415
ORD0096842,24.13,0.0
ORD0096843,21.85,0.0
ORD0096844,21.12,0.0
ORD0096845,20.33,0.0
ORD0096846,27.5,0.0
ORD0096847,24.45,0.0
ORD0096848,21.21,0.0
ORD0096849,16.28,0.0216
ORD0096850,16.5,0.0
ORD0096851,21.46,0.0
ORD0096852,20.31,0.0
ORD0096853,19.6,0.214
ORD0096854,14.26,0.9921
ORD0096855,16.53,0.9921
ORD0096856,18.03,0.0033
ORD0096857,14.67,1.0
ORD0096858,12.76,0.9921
ORD0096859,15.99,1.0
ORD0096860,15.95,1.0
ORD0096861,14.87,1.0
ORD0096862,15.1,1.0
ORD0096863,15.56,0.0
ORD0096864,14.84,0.0
ORD0096865,16.87,0.0
ORD0096866,14.45,0.0
ORD0096867,12.36,0.0
ORD0096868,14.14,0.0
ORD0096869,15.84,0.0
ORD0096870,13.38,0.0
ORD0096871,19.05,0.291
ORD0096872,15.45,0.0
ORD0096873,15.67,0.8451
ORD0096874,12.95,0.0
ORD0096875,12.84,0.0
ORD0096876,17.49,0.0
ORD0096877,22.12,0.0
ORD0096878,23.29,0.0
ORD0096879,26.5,0.0
ORD0096880,13.76,0.0
ORD0096881,17.81,0.0
ORD0096882,16.06,0.9415
ORD0096883,42.89,0.0
ORD0096884,133.63,0.0
ORD0096885,24.22,0.0
ORD0096886,27.55,0.8661
ORD0096887,37.25,0.9646
ORD0096888,27.91,1.0
ORD0096889,20.73,0.0
ORD0096890,17.54,0.0
ORD0096891,29.37,1.0
ORD0096892,28.9,1.0
ORD0096893,22.82,0.0
ORD0096894,22.63,0.0
ORD0096895,26.74,1.0
ORD0096896,20.11,1.0
ORD0096897,14.45,0.9921
ORD0096898,13.38,1.0
ORD0096899,18.59,1.0
ORD0096900,15.75,1.0
ORD0096901,38.21,1.0
ORD0096902,21.69,1.0
ORD0096903,24.75,1.0
ORD0096904,16.11,0.1
ORD0096905,15.76,0.0077
ORD0096906,17.23,0.8596
ORD0096907,15.49,0.6546
ORD0096908,22.92,0.7139
ORD0096909,20.26,0.0463
ORD0096910,21.74,0.9415
ORD0096911,16.8,0.481
ORD0096912,104.37,0.2961
ORD0096913,20.82,0.0
ORD0096914,17.95,0.0
ORD0096915,20.1,0.0
ORD0096916,23.05,0.0
ORD0096917,49.19,0.0
ORD0096918,26.58,0.8087
ORD0096919,25.66,0.0
ORD0096920,38.75,0.0
ORD0096921,16.14,0.0
ORD0096922,14.98,0.9921
ORD0096923,11.27,0.0
ORD0096924,15.85,1.0
ORD0096925,16.59,0.0
ORD0096926,19.09,1.0
ORD0096927,18.04,0.0
ORD0096928,16.74,0.0
ORD0096929,18.53,0.0
ORD0096930,20.32,0.0
ORD0096931,24.51,0.0
ORD0096932,26.59,0.8087
ORD0096933,37.84,0.1382
ORD0096934,17.14,0.0
ORD0096935,14.75,0.0
ORD0096936,15.07,0.0
ORD0096937,13.79,0.001
ORD0096938,16.2,0.0
ORD0096939,18.92,0.0
ORD0096940,17.8,0.0
ORD0096941,23.57,1.0
ORD0096942,19.02,0.0619
ORD0096943,17.26,0.0
ORD0096944,17.69,0.0
ORD0096945,27.86,0.9995
ORD0096946,34.24,1.0
ORD0096947,55.83,0.0
ORD0096948,79.35,1.0
ORD0096949,66.37,0.0
ORD0096950,84.19,0.1382
ORD0096951,30.16,0.0
ORD0096952,77.44,0.0
ORD0096953,15.18,0.0
ORD0096954,14.14,0.0
ORD0096955,18.76,0.0
ORD0096956,14.49,0.0
ORD0096957,26.36,0.0
ORD0096958,24.26,0.0
ORD0096959,12.27,0.0
ORD0096960,17.88,0.0
ORD0096961,22.83,0.0
ORD0096962,23.07,0.0227
ORD0096963,19.62,0.0
ORD0096964,41.09,0.0
ORD0096965,14.24,0.3958
ORD0096966,14.86,0.9921
ORD0096967,20.98,0.0
ORD0096968,17.59,0.0
ORD0096969,46.59,1.0
ORD0096970,21.1,0.0
ORD0096971,17.69,0.0216
ORD0096972,53.64,1.0
ORD0096973,39.45,1.0
ORD0096974,27.17,1.0
ORD0096975,25.46,0.9995
ORD0096976,29.29,1.0
ORD0096977,25.24,1.0
ORD0096978,31.76,1.0
ORD0096979,16.35,0.9921
ORD0096980,15.75,1.0
ORD0096981,16.7,0.3958
ORD0096982,15.59,0.0
ORD0096983,21.51,0.981
ORD0096984,18.08,0.0
ORD0096985,40.17,0.0
ORD0096986,46.16,0.0
ORD0096987,26.23,1.0
ORD0096988,19.52,0.0619
ORD0096989,28.24,0.0
ORD0096990,30.98,0.0
ORD0096991,28.63,0.1382
ORD0096992,18.55,0.0
ORD0096993,27.97,0.0
ORD0096994,32.18,0.0
ORD0096995,17.09,0.0
ORD0096996,20.82,0.0
ORD0096997,21.23,0.0
ORD0096998,15.57,0.0
ORD0096999,15.07,0.0
ORD0097000,13.58,0.0
ORD0097001,14.37,0.0
ORD0097002,14.92,0.0
ORD0097003,20.55,0.0
ORD0097004,22.26,0.0
ORD0097005,16.02,0.0619
ORD0097006,16.68,0.0
ORD0097007,15.09,0.001
ORD0097008,16.43,0.8954
ORD0097009,10.13,0.0
ORD0097010,10.11,0.0619
ORD0097011,17.4,0.0
ORD0097012,16.8,0.8661
ORD0097013,12.18,0.0033
ORD0097014,14.51,0.0
ORD0097015,11.61,0.0
ORD0097016,23.63,0.0
ORD0097017,12.58,0.0
ORD0097018,12.31,0.0
ORD0097019,11.87,0.0
ORD0097020,11.69,0.0
ORD0097021,9.88,0.0
ORD0097022,25.55,0.0
ORD0097023,12.52,0.0
ORD0097024,10.64,0.0
ORD0097025,12.58,0.8596
ORD0097026,10.87,0.0
ORD0097027,11.64,0.0
ORD0097028,10.32,0.0
ORD0097029,15.02,0.0
ORD0097030,22.45,0.0619
ORD0097031,25.84,0.0
ORD0097032,11.51,0.0
ORD0097033,14.41,0.0
ORD0097034,14.18,0.9995
ORD0097035,28.24,0.0
ORD0097036,66.52,0.0
ORD0097037,41.66,0.0
ORD0097038,48.63,0.0
ORD0097039,63.03,0.0
ORD0097040,26.73,0.0
ORD0097041,19.82,0.0
ORD0097042,22.04,0.0
ORD0097043,22.9,0.1
ORD0097044,29.22,0.481
ORD0097045,21.73,0.0
ORD0097046,24.96,1.0
ORD0097047,21.91,1.0
ORD0097048,18.93,0.0
ORD0097049,25.6,1.0
ORD0097050,15.32,0.9921
ORD0097051,18.52,1.0
ORD0097052,12.84,0.9646
ORD0097053,30.2,1.0
ORD0097054,23.76,1.0
ORD0097055,21.7,1.0
ORD0097056,17.06,0.0619
ORD0097057,19.6,0.214
ORD0097058,14.31,0.0216
ORD0097059,15.59,0.6546
ORD0097060,13.19,0.7139
ORD0097061,25.56,0.7139
ORD0097062,16.34,0.8182
ORD0097063,14.23,0.608
ORD0097064,23.07,0.0
ORD0097065,26.2,0.0
ORD0097066,25.48,0.0
ORD0097067,58.95,0.0007
ORD0097068,42.4,0.0
ORD0097069,34.53,0.9581
ORD0097070,24.08,0.0
ORD0097071,12.32,0.0
ORD0097072,12.52,0.0
ORD0097073,13.57,0.0227
ORD0097074,13.28,0.291
ORD0097075,16.79,0.0
ORD0097076,15.33,0.0
ORD0097077,104.79,0.0
ORD0097078,20.09,1.0
ORD0097079,22.22,0.0
ORD0097080,24.35,0.9921
ORD0097081,35.31,0.0
ORD0097082,37.96,0.0
ORD0097083,38.41,1.0
ORD0097084,19.02,0.0
ORD0097085,15.69,0.0
ORD0097086,33.37,0.0
ORD0097087,15.73,1.0
ORD0097088,23.43,0.0
ORD0097089,25.68,0.291
ORD0097090,22.14,1.0
ORD0097091,29.9,0.0
ORD0097092,20.14,0.001
ORD0097093,32.43,1.0
ORD0097094,61.4,0.0
ORD0097095,66.83,0.0
ORD0097096,17.2,0.0
ORD0097097,18.38,0.0
ORD0097098,14.77,0.0
ORD0097099,28.74,0.0
ORD0097100,16.0,0.0
ORD0097101,14.92,0.0
ORD0097102,22.08,0.3958
ORD0097103,17.01,0.001
ORD0097104,32.55,0.9995
ORD0097105,29.97,0.9973
ORD0097106,19.16,0.0
ORD0097107,40.77,0.0
ORD0097108,50.94,0.0
ORD0097109,24.21,0.0
ORD0097110,18.67,0.0
ORD0097111,17.38,0.0
ORD0097112,116.82,0.0
ORD0097113,40.48,0.0007
ORD0097114,19.71,0.0
ORD0097115,35.37,0.9921
ORD0097116,25.51,0.0
ORD0097117,25.21,0.0
ORD0097118,26.28,1.0
ORD0097119,12.13,0.0
ORD0097120,27.99,1.0
ORD0097121,12.09,0.0
ORD0097122,13.77,0.0
ORD0097123,18.26,0.9646
ORD0097124,22.71,0.9995
ORD0097125,38.78,0.0
ORD0097126,28.54,1.0
ORD0097127,17.95,0.3958
ORD0097128,34.2,0.0
ORD0097129,28.43,0.214
ORD0097130,28.72,0.8661
ORD0097131,72.05,0.0345
ORD0097132,51.97,0.0
ORD0097133,39.56,0.3958
ORD0097134,20.34,0.981
ORD0097135,21.13,0.0033
ORD0097136,23.79,0.0082
ORD0097137,24.37,1.0
ORD0097138,18.96,0.8596
ORD0097139,51.02,0.0
ORD0097140,14.75,0.0
ORD0097141,14.28,0.0
ORD0097142,22.9,0.0
ORD0097143,24.14,0.0
ORD0097144,21.94,0.0
ORD0097145,19.87,0.0
ORD0097146,20.53,1.0
ORD0097147,16.15,0.6546
ORD0097148,25.15,0.0
ORD0097149,56.0,0.0
ORD0097150,11.08,0.0
ORD0097151,21.44,0.0
ORD0097152,17.39,0.0
ORD0097153,12.87,0.0
ORD0097154,12.13,0.0
ORD0097155,10.63,0.0
ORD0097156,11.59,0.0
ORD0097157,17.24,0.0
ORD0097158,13.24,0.0
ORD0097159,9.85,0.0
ORD0097160,12.68,0.0082
ORD0097161,10.73,0.0
ORD0097162,13.46,0.9921
ORD0097163,12.33,1.0
ORD0097164,9.53,0.0
ORD0097165,9.79,0.0
ORD0097166,9.37,0.0
ORD0097167,18.34,0.0
ORD0097168,19.76,0.0
ORD0097169,30.91,0.0
ORD0097170,34.28,0.0
ORD0097171,18.2,0.1382
ORD0097172,14.53,0.0
ORD0097173,23.41,0.9921
ORD0097174,21.11,0.0
ORD0097175,19.96,0.0
ORD0097176,26.53,0.0033
ORD0097177,27.55,0.8723
ORD0097178,21.87,0.0
ORD0097179,16.94,0.0
ORD0097180,23.95,1.0
ORD0097181,17.55,0.0
ORD0097182,19.55,0.0
ORD0097183,17.58,0.481
ORD0097184,20.31,0.0
ORD0097185,11.65,0.0
ORD0097186,16.97,0.8954
ORD0097187,26.27,1.0
ORD0097188,16.53,0.0
ORD0097189,16.45,0.0082
ORD0097190,17.37,0.3958
ORD0097191,13.8,0.8596
ORD0097192,13.41,0.9039
ORD0097193,28.66,0.9415
ORD0097194,22.15,0.7552
ORD0097195,18.79,0.9921
ORD0097196,16.99,0.0
ORD0097197,19.88,0.0
ORD0097198,19.03,0.0
ORD0097199,17.52,0.0
ORD0097200,50.46,0.0
ORD0097201,39.95,0.0
ORD0097202,27.94,0.8596
ORD0097203,25.01,0.0463
ORD0097204,10.78,0.0
ORD0097205,12.2,0.9995
ORD0097206,11.73,0.9778
ORD0097207,15.61,0.9921
ORD0097208,12.75,0.1
ORD0097209,15.28,0.0
ORD0097210,13.49,0.0619
ORD0097211,16.54,0.0
ORD0097212,14.38,0.0
ORD0097213,29.92,0.0
ORD0097214,25.34,0.0
ORD0097215,34.83,0.8954
ORD0097216,29.8,0.0007
ORD0097217,14.8,0.0
ORD0097218,10.76,0.0
ORD0097219,12.07,0.0
ORD0097220,15.14,0.0
ORD0097221,13.92,0.001
ORD0097222,14.39,0.0
ORD0097223,14.99,0.0
ORD0097224,13.98,0.9679
ORD0097225,20.41,0.0
ORD0097226,15.79,0.0
ORD0097227,19.67,0.7552
ORD0097228,27.63,1.0
ORD0097229,15.88,0.0
ORD0097230,13.93,0.0
ORD0097231,12.5,0.0
ORD0097232,24.63,0.0
ORD0097233,22.49,0.0
ORD0097234,11.84,0.0
ORD0097235,10.27,0.0
ORD0097236,16.49,0.0
ORD0097237,13.3,0.0
ORD0097238,20.17,0.0
ORD0097239,15.08,0.0
ORD0097240,24.07,0.0
ORD0097241,25.39,0.0
ORD0097242,45.67,0.0
ORD0097243,12.95,0.0
ORD0097244,18.71,0.0
ORD0097245,23.02,0.0
ORD0097246,18.51,0.0
ORD0097247,78.69,0.0
ORD0097248,68.29,0.0
ORD0097249,26.91,0.0007
ORD0097250,23.45,0.0
ORD0097251,17.67,0.0
ORD0097252,14.69,0.0
ORD0097253,36.3,0.9581
ORD0097254,17.75,0.0
ORD0097255,20.38,1.0
ORD0097256,11.2,0.0033
ORD0097257,21.49,1.0
ORD0097258,20.29,0.9679
ORD0097259,9.73,0.0
ORD0097260,12.28,0.0
ORD0097261,15.26,0.3254
ORD0097262,21.43,0.9778
ORD0097263,38.15,0.0
ORD0097264,22.63,0.214
ORD0097265,24.36,1.0
ORD0097266,29.04,0.0
ORD0097267,25.88,0.608
ORD0097268,21.2,0.9973
ORD0097269,26.58,0.9039
ORD0097270,26.51,0.8596
ORD0097271,19.86,0.9778
ORD0097272,21.07,0.988
ORD0097273,16.27,0.0463
ORD0097274,14.5,0.0619
ORD0097275,15.03,1.0
ORD0097276,12.19,0.0
ORD0097277,19.05,0.0
ORD0097278,15.8,0.0
ORD0097279,20.17,0.0
ORD0097280,13.55,0.0
ORD0097281,11.21,0.0
ORD0097282,10.48,0.0
ORD0097283,13.52,0.3963
ORD0097284,12.78,0.001
ORD0097285,47.45,0.0
ORD0097286,11.82,0.0
ORD0097287,17.39,0.0
ORD0097288,13.43,0.0
ORD0097289,12.3,0.1382
ORD0097290,11.31,0.3556
ORD0097291,11.94,0.0
ORD0097292,11.74,0.875
ORD0097293,10.88,0.0
ORD0097294,11.01,0.0
ORD0097295,11.03,0.0
ORD0097296,13.38,1.0
ORD0097297,8.45,0.0
ORD0097298,9.48,0.0
ORD0097299,10.92,0.1
ORD0097300,12.06,0.9646
ORD0097301,12.74,1.0
ORD0097302,12.66,1.0
ORD0097303,10.62,0.0
ORD0097304,12.39,0.0
ORD0097305,14.2,0.0
ORD0097306,21.0,0.0
ORD0097307,12.57,0.0
ORD0097308,14.13,0.0
ORD0097309,14.84,0.0
ORD0097310,12.65,0.0
ORD0097311,20.55,0.0
ORD0097312,22.64,0.0
ORD0097313,19.79,0.0007
ORD0097314,22.59,0.214
ORD0097315,22.19,0.9264
ORD0097316,22.92,0.981
ORD0097317,12.74,0.0
ORD0097318,10.82,0.0
ORD0097319,20.2,1.0
ORD0097320,23.62,1.0
ORD0097321,15.27,0.0
ORD0097322,16.39,0.0
ORD0097323,30.07,0.0
ORD0097324,22.8,0.9995
ORD0097325,19.61,0.9973
ORD0097326,13.23,0.7552
ORD0097327,9.93,0.291
ORD0097328,18.0,1.0
ORD0097329,15.31,1.0
ORD0097330,27.88,1.0
ORD0097331,18.39,0.8661
ORD0097332,15.47,0.6546
ORD0097333,30.5,0.0007
ORD0097334,13.98,0.9995
ORD0097335,18.33,1.0
ORD0097336,14.21,1.0
ORD0097337,25.47,1.0
ORD0097338,22.31,1.0
ORD0097339,22.84,1.0
ORD0097340,18.74,0.0
ORD0097341,22.13,0.9264
ORD0097342,22.36,0.0
ORD0097343,61.32,1.0
ORD0097344,34.46,0.0
ORD0097345,28.64,1.0
