tree
version=v4
num_class=1
num_tree_per_iteration=1
label_index=0
max_feature_idx=14
objective=regression
feature_names=depot_enc brand_enc iso_week paydays holidays monsoon_days operating_days avg_festival_ramp lag_1_total lag_2_total lag_3_total lag_4_total lag_8_total lag_52_total roll_4_total
feature_infos=[0:1] [0:2] [1:52] [0:2] [0:2] [0:7] [4:6] [0:0.6428571428571429] [2.8439999999999999:1351.0070000000001] [2.8439999999999999:1351.0070000000001] [2.8439999999999999:1351.0070000000001] [2.8439999999999999:1351.0070000000001] [2.8439999999999999:1351.0070000000001] [7.1109999999999998:1128.6199999999999] [9.9905000000000008:1069.97875]
tree_sizes=1881 1902 1899 1817 1825 1903 1905 1988 1898 1902 1982 1911 1745 1907 1828 1736 1820 1819 1890 1987 1742 1667 1748 1724 1663 1750 1647 1800 1904 1733 1660 1655 1740 1731 1662 1826 1749 1730 1654 1750 1734 1903 1658 1671 1662 1742 1666 1670 1672 1844 1664 1750 1592 1759 1521 1601 1519 1357 1528 1356 1275 1435 1442 1107 1520 1451 1367 1359 1362 1355 1277 1114 1035 1119 1372 1119 1117 1036 1276 1037 1357 1191 1125 876 1290 727 726 729 1027 722 726 955 726 727 954 880 723 883 724 726 800 726 719 880 968 728 723 719 877 971 877 724 804 725 805 724 802 797 805 726 805 806 962 725 719 799 1137 640 802 645 1375 718 645 1377 721 722 1301 643 725 975 643 722 728 645 647 800 1228 971 641 796 727 722 644 973 802 727 645 723 645 645 644 641 642 803 729 975 641 723 644 647 721 726 1054 726 724 962 886 805 643 644 725 727 645 725 643 1375 727 722 805 804 726 972 801 803 721 803 644 644 645 647

Tree=0
num_leaves=22
num_cat=0
split_feature=1 14 9 14 7 13 7 13 10 3 7 13 10 7 14 2 0 13 13 13 9
split_gain=6.57411e+07 1.16131e+07 834144 204816 175737 157752 80920.2 46515.2 21644.7 11054.4 9498.07 8744.31 7393.57 3519.85 3456.44 2596.53 1331.17 1212.71 660.028 415.103 328.275
threshold=1.0000000180025095e-35 556.43475000000012 57.995500000000007 110.07712500000001 0.28571428571428575 883.36800000000005 0.24285714285714285 442.69200000000006 922.73950000000002 1.0000000180025095e-35 0.24285714285714285 938.09950000000015 475.36000000000007 0.24285714285714285 25.553250000000002 10.500000000000002 1.0000000180025095e-35 25.452500000000004 79.309000000000012 12.404000000000002 15.410000000000002
decision_type=2 2 2 2 2 10 2 10 2 2 2 10 2 2 2 2 2 10 10 10 2
left_child=1 6 14 13 5 8 7 12 -3 -9 15 -7 -1 18 16 -5 20 19 -4 -16 -2
right_child=2 4 3 10 -6 11 -8 9 -10 -11 -12 -13 -14 -15 17 -17 -18 -19 -20 -21 -22
leaf_value=298.06398929906806 275.32810205828252 320.17952972429532 278.01636863139043 281.51510969646245 326.11289409948313 322.53200435949287 302.07017658544504 298.87842412878001 318.15830107964445 300.38073706619861 282.21977601952563 323.9928360143594 296.74951400404268 278.81923317448081 275.63643545015213 280.89237921344449 275.62309033414471 275.9030884634638 278.31867400670967 275.38085786494537 275.13395626140556
leaf_weight=20 33 26 65 22 20 20 20 25 27 24 21 21 23 21 47 70 23 37 25 24 64
leaf_count=20 33 26 65 22 20 20 20 25 27 24 21 21 23 21 47 70 23 37 25 24 64
internal_value=288.604 310.623 277.595 279.762 321.857 320.951 299.188 298.561 319.15 299.614 281.26 323.28 297.361 278.236 275.466 281.041 275.281 275.671 278.1 275.55 275.2
internal_weight=0 226 452 224 114 94 112 92 53 49 113 41 43 111 228 92 120 108 90 71 97
internal_count=678 226 452 224 114 94 112 92 53 49 113 41 43 111 228 92 120 108 90 71 97
is_linear=0
shrinkage=1


Tree=1
num_leaves=22
num_cat=0
split_feature=1 14 9 14 7 13 7 13 10 3 7 9 10 7 14 2 0 13 13 13 2
split_gain=5.93313e+07 1.04808e+07 752815 184846 158603 142371 73030.5 41980 19534.4 9976.61 8572.01 7943.63 6672.69 3176.67 3119.44 2343.37 1201.38 1094.47 595.675 374.63 308.768
threshold=1.0000000180025095e-35 556.43475000000012 57.995500000000007 110.07712500000001 0.28571428571428575 883.36800000000005 0.24285714285714285 442.69200000000006 922.73950000000002 1.0000000180025095e-35 0.24285714285714285 983.8475000000002 475.36000000000007 0.24285714285714285 25.553250000000002 10.500000000000002 1.0000000180025095e-35 25.452500000000004 79.309000000000012 12.404000000000002 37.500000000000007
decision_type=2 2 2 2 2 10 2 10 2 2 2 2 2 2 2 2 2 10 10 10 2
left_child=1 6 14 13 5 8 7 12 -3 -9 15 -7 -1 18 16 -5 20 19 -4 -16 -2
right_child=2 4 3 10 -6 11 -8 9 -10 -11 -12 -13 -14 -15 17 -17 -18 -19 -20 -21 -22
leaf_value=8.9869252777099611 -12.785008333807122 29.996690251277045 -10.058313809908354 -6.7345098668878736 35.633384284973147 33.621551658993681 12.792803230285646 9.7606389770507818 28.076520736129197 11.187835947672527 -6.0650768734159932 32.229207000732423 7.7381741648134978 -9.2955925351097477 -12.319250504514004 -7.3261039515904018 -12.331928485372792 -12.065930134541281 -9.7711237487792975 -12.56204907099406 -12.578277524312337
leaf_weight=20 73 26 65 22 20 21 20 25 27 24 21 20 23 21 47 70 23 37 25 24 24
leaf_count=20 73 26 65 22 20 21 20 25 27 24 21 20 23 21 47 70 23 37 25 24 24
internal_value=0 20.9176 -10.4588 -8.40013 31.5902 30.73 10.0544 9.45914 29.0185 10.4597 -6.97658 32.9424 8.31899 -9.84933 -12.4814 -7.18464 -12.6568 -12.2864 -9.97854 -12.4013 -12.7339
internal_weight=0 226 452 224 114 94 112 92 53 49 113 41 43 111 228 92 120 108 90 71 97
internal_count=678 226 452 224 114 94 112 92 53 49 113 41 43 111 228 92 120 108 90 71 97
is_linear=0
shrinkage=0.05


Tree=2
num_leaves=22
num_cat=0
split_feature=1 14 9 14 7 13 7 13 5 3 13 7 10 7 14 14 0 13 2 13 9
split_gain=5.35465e+07 9.45895e+06 679416 166824 143139 128490 65910 37886.9 18803.5 9003.9 7950.3 7736.23 6022.11 2866.94 2815.29 2123.93 1084.24 987.761 575.438 338.104 294.996
threshold=1.0000000180025095e-35 556.43475000000012 57.995500000000007 110.07712500000001 0.28571428571428575 883.36800000000005 0.24285714285714285 442.69200000000006 6.5000000000000009 1.0000000180025095e-35 938.09950000000015 0.24285714285714285 475.36000000000007 0.24285714285714285 25.553250000000002 148.85125000000002 1.0000000180025095e-35 25.452500000000004 10.500000000000002 12.404000000000002 15.410000000000002
decision_type=2 2 2 2 2 10 2 10 2 2 10 2 2 2 2 2 2 10 2 10 2
left_child=1 6 14 13 5 8 7 12 -3 -9 -7 15 -1 18 16 -5 20 19 -4 -16 -2
right_child=2 4 3 11 -6 10 -8 9 -10 -11 -12 -13 -14 -15 17 -17 -18 -19 -20 -21 -22
leaf_value=8.5375791168212896 -11.975735912900983 28.527292104867787 -9.2573367725719109 -6.6664995968341829 33.851716156005857 30.581789398193362 12.153163528442384 9.2726064453125012 26.64338650173611 10.628444163004559 31.97471865699405 -5.7618230320158466 7.3512654470360808 -8.8308128901890353 -11.7032880093189 -7.1886134828839987 -11.715331998078719 -11.462633617504224 -9.5515245549819046 -11.933946736653645 -12.159777891635896
leaf_weight=20 33 26 22 64 20 20 20 25 27 24 21 21 23 21 47 28 23 37 68 24 64
leaf_count=20 33 26 22 64 20 20 20 25 27 24 21 21 23 21 47 28 23 37 68 24 64
internal_value=0 19.8717 -9.93587 -7.98012 30.0107 29.1935 9.55171 8.98618 27.5676 9.93669 31.2952 -6.62775 7.90304 -9.35687 -11.8573 -6.8254 -12.024 -11.6721 -9.47961 -11.7813 -12.0972
internal_weight=0 226 452 224 114 94 112 92 53 49 41 113 43 111 228 92 120 108 90 71 97
internal_count=678 226 452 224 114 94 112 92 53 49 41 113 43 111 228 92 120 108 90 71 97
is_linear=0
shrinkage=0.05


Tree=3
num_leaves=21
num_cat=0
split_feature=1 9 9 7 14 13 7 13 5 3 7 10 7 14 2 0 13 14 13 3
split_gain=4.83257e+07 8.54904e+06 613173 204831 150559 136203 57234.2 33672.2 29709.4 8163.16 6981.95 5434.95 2587.42 2540.8 2037.03 978.53 891.455 523.539 305.3 281.916
threshold=1.0000000180025095e-35 618.14450000000011 57.995500000000007 0.24285714285714285 110.07712500000001 883.36800000000005 0.24285714285714285 442.69200000000006 6.5000000000000009 1.0000000180025095e-35 0.24285714285714285 475.36000000000007 0.24285714285714285 25.553250000000002 10.500000000000002 1.0000000180025095e-35 25.452500000000004 86.914875000000009 9.948500000000001 1.0000000180025095e-35
decision_type=2 2 2 2 2 10 2 10 2 2 2 2 2 2 2 2 10 2 10 2
left_child=1 6 13 5 12 8 7 11 -3 -9 14 -1 17 15 -6 19 18 -4 -15 -2
right_child=2 3 4 -5 10 -7 -8 9 -10 -11 -12 -13 -14 16 -16 -17 -18 -19 -20 -21
leaf_value=8.1107000160217293 -11.560715872554455 27.100927675687348 -8.9370381411384141 32.977256702241441 -6.0644596099853523 29.761578525641028 11.4199215843564 8.808976531982422 24.753739275251117 10.11420314622962 -5.4737321410860336 6.983701900813891 -8.3892723446800606 -11.11338375515408 -6.6160315023149767 -11.12956539651622 -10.889501891265045 -9.2176462000066586 -11.32859717149001 -11.386094223825555
leaf_weight=20 59 26 68 21 22 39 21 25 28 23 21 23 21 45 70 23 37 22 26 38
leaf_count=20 59 26 68 21 22 39 21 25 28 23 21 23 21 45 70 23 37 22 26 38
internal_value=0 18.8781 -9.43907 28.5171 -7.58112 27.51 9.06704 8.52407 25.8839 9.4344 -6.29636 7.50789 -8.88902 -11.2644 -6.48413 -11.4228 -11.0885 -9.00563 -11.1922 -11.4923
internal_weight=0 226 452 114 224 93 112 91 54 48 113 43 111 228 92 120 108 90 71 97
internal_count=678 226 452 114 224 93 112 91 54 48 113 43 111 228 92 120 108 90 71 97
is_linear=0
shrinkage=0.05


Tree=4
num_leaves=21
num_cat=0
split_feature=1 9 9 7 14 13 7 13 2 3 7 10 7 14 14 0 13 13 11 13
split_gain=4.3614e+07 7.71551e+06 553388 184860 135879 122923 51653.9 30389.1 27415.3 7367.26 6301.21 4905.05 2335.14 2293.07 1844.28 883.122 804.538 515.52 278.583 277.12
threshold=1.0000000180025095e-35 618.14450000000011 57.995500000000007 0.24285714285714285 110.07712500000001 883.36800000000005 0.24285714285714285 442.69200000000006 21.500000000000004 1.0000000180025095e-35 0.24285714285714285 475.36000000000007 0.24285714285714285 25.553250000000002 148.85125000000002 1.0000000180025095e-35 25.452500000000004 79.309000000000012 13.490000000000004 12.404000000000002
decision_type=2 2 2 2 2 10 2 10 2 2 2 2 2 2 2 2 10 10 2 10
left_child=1 6 13 5 12 8 7 11 -3 -9 14 -1 17 15 -6 18 19 -4 -2 -15
right_child=2 3 4 -5 10 -7 -8 9 -10 -11 -12 -13 -14 16 -16 -17 -18 -19 -20 -21
leaf_value=7.7051656150817882 -10.7564942859468 23.330095990498862 -8.6295635516826916 31.328395007905506 -6.0118533134460455 28.27350021753556 10.848925490606399 8.3685277557373041 25.597334899902346 9.6084933073624335 -5.2000454136303498 6.6345167388086743 -7.9698087783086864 -10.561996459960938 -6.4983813967023583 -10.573087211277175 -10.34502683072477 -8.3623937377929689 -10.962233443009227 -10.770819568634034
leaf_weight=20 21 24 65 21 64 39 21 25 30 23 21 23 21 47 28 23 37 25 76 24
leaf_count=20 21 24 65 21 64 39 21 25 30 23 21 23 21 47 28 23 37 25 76 24
internal_value=0 17.9342 -8.96712 27.0913 -7.20206 26.1345 8.61369 8.09787 24.5897 8.96268 -5.98154 7.13249 -8.44457 -10.7012 -6.15993 -10.8516 -10.5341 -8.55535 -10.9177 -10.6326
internal_weight=0 226 452 114 224 93 112 91 54 48 113 43 111 228 92 120 108 90 97 71
internal_count=678 226 452 114 224 93 112 91 54 48 113 43 111 228 92 120 108 90 97 71
is_linear=0
shrinkage=0.05


Tree=5
num_leaves=22
num_cat=0
split_feature=1 14 9 14 13 7 2 13 9 11 3 7 10 7 14 2 0 14 2 13 2
split_gain=3.93616e+07 6.97023e+06 499433 122631 107710 49457.7 46243.7 26907.8 21171.1 17429.7 5944.87 5686.84 4426.8 2107.47 2069.5 1770.77 797.018 770.026 488.484 387.391 280.187
threshold=1.0000000180025095e-35 556.43475000000012 57.995500000000007 110.07712500000001 883.36800000000005 0.24285714285714285 18.500000000000004 442.69200000000006 977.09250000000009 938.09950000000015 1.0000000180025095e-35 0.24285714285714285 475.36000000000007 0.24285714285714285 25.553250000000002 10.500000000000002 1.0000000180025095e-35 32.378750000000011 10.500000000000002 26.562500000000004 37.500000000000007
decision_type=2 2 2 2 10 2 2 10 2 2 2 2 2 2 2 2 2 2 2 8 2
left_child=1 5 14 13 6 7 -3 12 -6 -8 -9 15 -1 18 16 -5 20 19 -4 -16 -2
right_child=2 4 3 11 8 -7 9 10 -10 -11 -12 -13 -14 -15 17 -17 -18 -19 -20 -21 -22
leaf_value=7.3199071502685547 -10.420532477391909 22.679570293426515 -7.9227883425625896 -5.4606439417058779 28.638028352156933 10.432062797546386 24.362586746215822 7.9501012573242198 26.536048034667971 26.402036354758526 9.0518016815185547 -4.9400431712468471 6.3027913217959197 -7.5713181450253444 -10.278147960844494 -5.9749067061288024 -10.044432797639267 -9.8060934124570913 -8.1938390283023619 -10.025061628553603 -10.223602008819581
leaf_weight=20 73 24 22 22 23 20 20 25 25 22 24 21 23 21 21 70 23 33 68 54 24
leaf_count=20 73 24 22 22 23 20 20 25 25 22 24 21 23 21 21 70 23 33 68 54 24
internal_value=0 17.0375 -8.51876 -6.84196 25.7411 8.17857 24.4304 7.68868 27.5432 25.4309 8.48971 -5.68246 6.77587 -8.02234 -10.1662 -5.85193 -10.3091 -10.0074 -8.12758 -10.0959 -10.3718
internal_weight=0 226 452 224 114 112 66 92 48 42 49 113 43 111 228 92 120 108 90 75 97
internal_count=678 226 452 224 114 112 66 92 48 42 49 113 43 111 228 92 120 108 90 75 97
is_linear=0
shrinkage=0.05


Tree=6
num_leaves=22
num_cat=0
split_feature=1 9 1 7 14 13 7 5 13 3 7 2 7 0 14 13 13 14 2 9 12
split_gain=3.55239e+07 6.2931e+06 450845 163649 112461 99981.2 40847.7 25104 24806.9 6041.65 5132.38 4126.53 1964.19 1865.82 1601.41 540.431 483.164 425.824 280.214 261.345 232.894
threshold=1.0000000180025095e-35 618.14450000000011 1.5000000000000002 0.24285714285714285 110.07712500000001 883.36800000000005 0.24285714285714285 6.5000000000000009 442.69200000000006 1.0000000180025095e-35 0.24285714285714285 23.500000000000004 0.24285714285714285 1.0000000180025095e-35 148.85125000000002 25.452500000000004 79.309000000000012 25.553250000000002 25.500000000000004 15.410000000000002 29.298000000000005
decision_type=2 2 2 2 2 10 2 2 10 2 2 2 2 2 2 10 10 2 2 2 10
left_child=1 6 4 5 12 7 8 -3 11 -10 14 -1 16 17 -6 18 -2 19 -15 -4 -17
right_child=2 3 13 -5 10 -7 -8 -9 9 -11 -12 -13 -14 15 -16 20 -18 -19 -20 -21 -22
leaf_value=5.9118116199970245 -7.7986625785258283 23.280955564058743 -9.7389229051994572 28.442264811197919 -5.4213541924953468 25.484515772110377 9.7557152521042596 21.123345674787249 7.5525960693359382 8.6754786284073546 -4.693040900003342 6.893825365149457 -7.1927525656563907 -9.7079996894387648 -5.8747172083173487 -9.4956542968750011 -7.5410875091552745 -9.6095697576349437 -9.5034703572591148 -9.9121499538421638 -9.2543587112426771
leaf_weight=20 67 26 33 21 64 39 21 28 25 23 21 23 21 34 28 20 25 22 33 64 20
leaf_count=20 67 26 33 21 64 39 21 28 25 23 21 23 21 34 28 20 25 22 33 64 20
internal_value=0 16.1857 -8.09283 24.4556 -6.51371 23.5554 7.76799 22.1622 7.30929 8.09064 -5.39834 6.43707 -7.62907 -9.67194 -5.55933 -9.52044 -7.72867 -9.80817 -9.60726 -9.85322 -9.37501
internal_weight=0 226 452 114 226 93 112 54 91 48 113 43 113 226 92 107 92 119 67 97 40
internal_count=678 226 452 114 226 93 112 54 91 48 113 43 113 226 92 107 92 119 67 97 40
is_linear=0
shrinkage=0.05


Tree=7
num_leaves=23
num_cat=0
split_feature=1 14 1 14 7 3 7 13 13 13 7 3 10 10 0 2 13 2 2 12 12 12
split_gain=3.20603e+07 5.68439e+06 406888 101496 95224.7 73760.4 40789.5 21505.6 18287.4 17516.3 4631.97 4556.74 4021.72 1841.88 1683.9 1539.35 487.74 463.387 419.18 425.172 255.697 210.187
threshold=1.0000000180025095e-35 556.43475000000012 1.5000000000000002 110.07712500000001 0.28571428571428575 1.0000000180025095e-35 0.24285714285714285 442.69200000000006 598.69700000000012 928.24300000000005 0.24285714285714285 1.0000000180025095e-35 475.36000000000007 73.664000000000016 1.0000000180025095e-35 10.500000000000002 25.452500000000004 33.500000000000007 37.500000000000007 21.408000000000005 32.601000000000006 29.298000000000005
decision_type=2 2 2 2 2 2 2 10 10 10 2 2 2 2 2 2 10 2 2 10 8 10
left_child=1 6 3 13 5 8 7 12 -3 -7 15 -9 -1 -2 18 -5 20 -15 19 -4 -16 -18
right_child=2 4 14 10 -6 9 -8 11 -10 -11 -12 -13 -14 17 16 -17 21 -19 -20 -21 -22 -23
leaf_value=6.6337708282470702 -6.8783587382389957 20.335463523864746 -9.286146674965913 -4.9165441252968529 26.369082946777343 23.150705718994143 9.4226741218566907 7.1749662170410167 22.187189687093099 25.243331680297853 -4.4583889030274895 8.1395046075185142 5.664308450014695 -7.4459932361949575 -9.0466478919982904 -5.3960265432085315 -9.0208716201782231 -7.2066917419433594 -9.1630319595336918 -9.5126811756807221 -9.2457879525643811 -8.7916407012939466
leaf_weight=20 26 24 53 22 20 20 20 25 30 20 21 24 23 55 40 70 20 32 32 34 27 20
leaf_count=20 26 24 53 22 20 20 20 25 30 20 21 24 23 55 40 70 20 32 32 34 27 20
internal_value=0 15.3764 -7.68818 -6.18802 23.2362 22.5697 7.37616 6.93127 21.3642 24.197 -5.12842 7.64739 6.11522 -7.24762 -9.18835 -5.28137 -9.04442 -7.35797 -9.31776 -9.37468 -9.1269 -8.90626
internal_weight=0 226 452 226 114 94 112 92 54 40 113 49 43 113 226 92 107 87 119 87 67 40
internal_count=678 226 452 226 114 94 112 92 54 40 113 49 43 113 226 92 107 87 119 87 67 40
is_linear=0
shrinkage=0.05


Tree=8
num_leaves=22
num_cat=0
split_feature=9 10 9 7 14 3 7 12 13 13 13 14 10 14 9 14 13 14 8 12 13
split_gain=2.8936e+07 5.20381e+06 379051 126014 97289.8 68721.8 31463.7 19181.4 16819.1 15808.5 9689.72 3962.78 3206.39 2614.28 1686.65 1550.75 610.644 606.144 435.268 400.532 326.859
threshold=363.69750000000005 618.14450000000011 57.995500000000007 0.24285714285714285 110.07712500000001 1.0000000180025095e-35 0.17857142857142858 934.35350000000005 442.69200000000006 928.24300000000005 139.14100000000002 515.48812500000008 475.36000000000007 141.14350000000002 74.481500000000011 25.553250000000002 26.562500000000004 32.378750000000011 14.080500000000002 81.657000000000011 26.562500000000004
decision_type=2 2 2 2 2 2 2 10 10 10 10 2 2 2 2 2 10 2 2 8 8
left_child=2 6 15 5 14 7 8 -3 12 -7 13 -10 -2 -6 -4 16 18 20 -1 -16 -17
right_child=1 3 4 -5 10 9 -8 -9 11 -11 -12 -13 -14 -15 19 17 -18 -19 -20 -21 -22
leaf_value=-9.1005627059936529 6.3020822143554689 19.109137517755681 -6.5572068277994795 25.721611168271025 -4.7710702838897703 21.993170547485352 8.6672635119894288 21.052886606852216 6.7340802279385663 23.981165237426758 -3.8277875173659552 7.6458659392136799 5.4174855527423675 -5.3027719187182054 -7.0930661408797553 -8.825042215983073 -8.5953520275297617 -8.4005136200875956 -8.8394443946548655 -6.868616921561105 -8.5925682491726345
leaf_weight=20 20 22 30 21 50 20 23 30 22 20 21 26 21 43 46 21 21 33 79 35 54
leaf_count=20 20 22 30 21 50 20 23 30 22 20 21 26 21 43 46 21 21 33 79 35 54
internal_value=0 14.6566 -7.27975 22.2268 -5.8238 21.4291 7.01873 20.2305 6.59271 22.9872 -4.79786 7.22796 5.849 -5.01691 -6.87747 -8.71654 -8.84025 -8.57909 -8.8922 -6.99608 -8.65766
internal_weight=0 225 453 113 225 92 112 52 89 40 114 48 41 93 111 228 120 108 99 81 75
internal_count=678 225 453 113 225 92 112 52 89 40 114 48 41 93 111 228 120 108 99 81 75
is_linear=0
shrinkage=0.05


Tree=9
num_leaves=22
num_cat=0
split_feature=1 9 1 7 14 13 7 5 13 5 7 7 0 2 2 13 3 12 2 2 12
split_gain=2.61195e+07 4.63227e+06 331246 123889 82303.6 70502.5 28795 21414.4 17257.6 4189.61 4109.69 1693.51 1403.76 1304.36 451.4 412.139 394.914 323.255 239.92 217.503 190.046
threshold=1.0000000180025095e-35 618.14450000000011 1.5000000000000002 0.17857142857142858 110.07712500000001 883.36800000000005 0.17857142857142858 6.5000000000000009 462.05850000000004 6.5000000000000009 0.24285714285714285 0.24285714285714285 1.0000000180025095e-35 10.500000000000002 10.500000000000002 25.452500000000004 1.0000000180025095e-35 19.443500000000004 25.500000000000004 26.500000000000004 29.298000000000005
decision_type=2 2 2 2 2 10 2 2 10 2 2 2 2 2 2 10 2 10 2 2 10
left_child=1 6 4 5 11 7 8 -3 9 -1 13 14 16 -6 -2 18 17 -4 -14 -18 -17
right_child=2 3 12 -5 10 -7 -8 -9 -10 -11 -12 -13 15 -15 -16 20 19 -19 -20 -21 -22
leaf_value=6.0938282578079788 -6.4349387428977272 19.991182650052586 -8.3942810058593746 24.252714604916783 -4.439919619126754 21.789033829538447 8.2339002028755512 17.98073738945855 7.0746789777601098 5.1955593280792236 -4.0005497069585898 -6.1348745618547715 -8.3305840884937972 -4.8812884289877765 -6.6945862742832736 -8.1435326766967773 -8.3973475420916532 -8.6114016977945962 -8.1413302797259703 -8.1855567238547575 -7.9255612564086917
leaf_weight=27 22 26 40 23 22 38 23 27 37 25 21 21 34 70 70 20 27 30 33 22 20
leaf_count=27 22 26 40 23 22 38 23 27 37 25 21 21 34 70 70 20 27 30 33 22 20
internal_value=0 13.8788 -6.93941 20.9741 -5.58585 20.1454 6.65683 18.967 6.24927 5.66197 -4.63168 -6.54002 -8.29296 -4.77574 -6.6325 -8.16155 -8.41113 -8.48733 -8.23737 -8.30226 -8.03455
internal_weight=0 226 452 114 226 91 112 53 89 52 113 113 226 92 92 107 119 70 67 49 40
internal_count=678 226 452 114 226 91 112 53 89 52 113 113 226 92 92 107 119 70 67 49 40
is_linear=0
shrinkage=0.05


Tree=10
num_leaves=23
num_cat=0
split_feature=1 9 1 7 14 13 7 12 13 3 13 2 14 10 0 2 13 3 12 12 2 12
split_gain=2.35728e+07 4.18063e+06 298950 111963 74279 70430.8 26051.2 20349 16807 4722.97 3720.08 3330 2326.28 1598.29 1266.89 428.13 371.955 356.41 291.738 222.051 196.296 171.516
threshold=1.0000000180025095e-35 618.14450000000011 1.5000000000000002 0.24285714285714285 110.07712500000001 883.36800000000005 0.24285714285714285 916.68750000000011 442.69200000000006 1.0000000180025095e-35 139.14100000000002 23.500000000000004 141.14350000000002 73.664000000000016 1.0000000180025095e-35 33.500000000000007 25.452500000000004 1.0000000180025095e-35 19.443500000000004 35.401000000000003 26.500000000000004 29.298000000000005
decision_type=2 2 2 2 2 10 2 10 10 2 10 2 2 2 2 2 10 2 10 8 2 10
left_child=1 6 4 5 13 7 8 -3 11 -10 12 -1 -6 -2 17 -15 19 18 -4 -16 -19 -18
right_child=2 3 14 -5 10 -7 -8 -9 9 -11 -12 -13 -14 15 16 -17 21 20 -20 -21 -22 -23
leaf_value=4.7678868436813353 -5.8690389633178714 17.076132147652764 -7.9745669364929199 23.222894650413878 -4.301232031822205 20.799890606219954 7.9113893236432764 19.018686499962438 6.1250914916992194 7.1178972161334499 -3.7814635491371158 5.6500469041907273 -4.8027929261673332 -6.4004195889559661 -7.761856163872614 -6.1704018354415897 -7.7363560104370128 -7.9774801466200094 -8.180831604003906 -7.9556838642467156 -7.7762787558815702 -7.5292832946777342
leaf_weight=20 26 28 40 21 50 39 21 26 25 23 20 23 43 55 45 32 20 27 30 22 22 20
leaf_count=20 26 28 40 21 50 39 21 26 25 23 20 23 43 55 45 32 20 27 30 22 22 20
internal_value=0 13.1849 -6.59244 19.9254 -5.30656 19.1808 6.32399 18.0114 5.95767 6.60081 -4.4001 5.23974 -4.53314 -6.21302 -7.87831 -6.31582 -7.75347 -7.99057 -8.06297 -7.8255 -7.88714 -7.63282
internal_weight=0 226 452 114 226 93 112 54 91 48 113 43 93 113 226 87 107 119 70 67 49 40
internal_count=678 226 452 114 226 93 112 54 91 48 113 43 93 113 226 87 107 119 70 67 49 40
is_linear=0
shrinkage=0.05


Tree=11
num_leaves=22
num_cat=0
split_feature=1 14 1 14 13 12 7 13 14 7 10 3 13 10 0 2 2 12 13 2 12
split_gain=2.12745e+07 3.77681e+06 269802 67036.8 64764.5 38616.9 28358.4 13888.9 9933.42 3660.1 3224.2 3108.87 1560.33 1232.78 1143.37 678.448 336.123 363.456 335.689 211.214 154.794
threshold=1.0000000180025095e-35 556.43475000000012 1.5000000000000002 110.07712500000001 941.68150000000014 907.36200000000019 0.24285714285714285 442.69200000000006 966.13350000000014 0.24285714285714285 475.36000000000007 1.0000000180025095e-35 81.657000000000011 132.39400000000003 1.0000000180025095e-35 30.500000000000004 38.500000000000007 21.408000000000005 25.452500000000004 25.500000000000004 29.298000000000005
decision_type=2 2 2 2 10 10 2 10 2 2 2 2 10 2 2 2 2 10 10 2 10
left_child=1 6 3 12 5 -3 7 10 -7 13 -1 -9 15 -5 16 -2 17 -4 19 -16 -20
right_child=2 4 14 9 -6 8 -8 11 -10 -11 -12 -13 -14 -15 18 -17 -18 -19 20 -21 -22
leaf_value=5.4420494461059574 -6.0975313621654852 16.955731952551641 -7.5603848682750359 -4.6330617324165679 21.240156428019205 18.562093218635109 7.7109126663208007 5.8188369140625005 19.907499164083731 -3.5844831739153182 4.5740167161692744 6.6155353864034012 -5.5134799957275398 -4.2103746884111048 -7.5216865090762868 -5.8178582000732426 -7.4463034184773766 -7.768340166877298 -7.3495383071899418 -7.3441151936848961 -7.1528191184997558
leaf_weight=20 57 33 55 23 24 34 20 25 23 21 23 24 21 69 34 35 30 34 20 33 20
leaf_count=20 57 33 55 23 24 34 20 25 23 21 23 24 21 69 34 35 30 34 20 33 20
internal_value=0 12.5256 -6.26281 -5.04123 18.9323 18.3169 6.00451 5.63356 19.105 -4.18009 4.97775 6.20906 -5.90237 -4.31605 -7.4844 -5.99113 -7.59104 -7.63983 -7.3658 -7.43423 -7.25118
internal_weight=0 226 452 226 114 90 112 92 57 113 43 49 113 92 226 92 119 89 107 67 40
internal_count=678 226 452 226 114 90 112 92 57 113 43 49 113 92 226 92 119 89 107 67 40
is_linear=0
shrinkage=0.05


Tree=12
num_leaves=20
num_cat=0
split_feature=8 9 9 7 14 3 7 12 13 13 13 5 14 9 14 0 12 11 3
split_gain=1.92013e+07 3.46928e+06 251310 91899.1 64280.8 56695.4 20599.3 13275.2 12939.9 9263.04 7064.35 3528.33 2102.12 1472.77 1117.12 769.675 354.001 309.825 309.219
threshold=363.69750000000005 618.14450000000011 57.995500000000007 0.24285714285714285 110.07712500000001 1.0000000180025095e-35 0.17857142857142858 934.35350000000005 462.05850000000004 928.24300000000005 139.14100000000002 6.5000000000000009 141.14350000000002 74.481500000000011 32.378750000000011 1.0000000180025095e-35 81.657000000000011 22.420000000000005 1.0000000180025095e-35
decision_type=2 2 2 2 2 2 2 10 10 10 10 2 2 2 2 2 8 2 2
left_child=2 6 14 5 13 7 8 -3 11 -7 12 -2 -6 -4 15 18 -15 -17 -1
right_child=1 3 4 -5 10 9 -8 -9 -10 -11 -12 -13 -14 16 -16 17 -18 -19 -20
leaf_value=-7.2986873455901646 5.245996150264034 15.417631235989658 -5.3018022473653161 21.104900687081475 -3.8772609791755679 18.093496589660646 7.0368343767912496 17.034671834309897 6.0729653126484644 19.61525848388672 -3.0823787144252233 4.4216595001220709 -4.3540437343508698 -5.8030841578607983 -6.8309667182691172 -6.8862866034874548 -5.5920748574393144 -7.0951462405068542 -7.1303323331086537
leaf_weight=67 27 22 30 21 50 20 23 30 37 20 21 25 43 46 33 26 35 56 46
leaf_count=67 27 22 30 21 50 20 23 30 37 20 21 25 43 46 33 26 35 56 46
internal_value=0 11.9393 -5.9301 18.1204 -4.7446 17.4392 5.70295 16.3505 5.35824 18.8544 -3.91067 4.84968 -4.09771 -5.60107 -7.1 -7.14553 -5.71191 -7.02892 -7.23015
internal_weight=0 225 453 113 225 92 112 52 89 40 114 52 93 111 228 195 81 82 113
internal_count=678 225 453 113 225 92 112 52 89 40 114 52 93 111 228 195 81 82 113
is_linear=0
shrinkage=0.05


Tree=13
num_leaves=22
num_cat=0
split_feature=9 10 1 7 14 3 7 12 13 13 14 10 14 7 0 2 14 13 11 12 12
split_gain=1.73325e+07 3.12986e+06 226667 83389.6 58752.1 45894.4 18526.3 12032.3 9999.97 6221.31 3385.46 2581.68 1897.16 1446.54 925.166 405.021 311.215 287.619 263.462 193.987 133.122
threshold=363.69750000000005 618.14450000000011 1.5000000000000002 0.17857142857142858 110.07712500000001 1.0000000180025095e-35 0.17857142857142858 934.35350000000005 442.69200000000006 139.14100000000002 515.48812500000008 475.36000000000007 141.14350000000002 0.24285714285714285 1.0000000180025095e-35 10.500000000000002 25.553250000000002 25.452500000000004 13.490000000000004 32.601000000000006 29.298000000000005
decision_type=2 2 2 2 2 2 2 10 10 10 2 2 2 2 2 2 2 10 2 8 10
left_child=2 6 4 5 13 7 8 -3 11 12 -10 -2 -6 15 16 -1 18 19 -4 -16 -19
right_child=1 3 14 -5 9 -7 -8 -9 10 -11 -12 -13 -14 -15 17 -17 -18 20 -20 -21 -22
leaf_value=-5.2244417537342427 4.9261948204040529 14.622454606919062 -6.7327335176013765 19.901241667374322 -3.6833980308473109 17.818910256410259 6.6849926575370464 16.182938028971357 5.1264333031394269 -2.9400003228868758 5.9691886755136352 4.1324362618582589 -4.1363413965979294 -4.9516682942708341 -6.6418149471282959 -5.4703893280029305 -6.6812015533447271 -6.6334936714172361 -6.9328112351266968 -6.8152677747938375 -6.4510641479492197
leaf_weight=22 20 21 21 23 50 39 23 30 22 21 26 21 43 21 40 70 22 20 76 27 20
leaf_count=22 20 21 21 23 50 39 23 30 22 21 26 21 43 21 40 70 22 20 76 27 20
internal_value=0 11.3434 -5.63414 17.2144 -4.51816 16.5277 5.42 15.5404 5.0931 -3.7173 5.58293 4.51964 -3.89282 -5.32611 -6.75506 -5.41158 -6.85099 -6.64837 -6.8895 -6.71171 -6.54228
internal_weight=0 225 453 113 227 90 112 51 89 114 48 41 93 113 226 92 119 107 97 67 40
internal_count=678 225 453 113 227 90 112 51 89 114 48 41 93 113 226 92 119 107 97 67 40
is_linear=0
shrinkage=0.05


Tree=14
num_leaves=21
num_cat=0
split_feature=1 9 1 7 3 14 13 12 12 10 7 13 10 0 2 2 12 13 2 12
split_gain=1.56461e+07 2.78034e+06 197990 73747.4 55304.8 48891 23846.5 9331.23 7176.44 6721.35 3197.76 1388.99 1261 834.962 616.684 301.749 327.107 259.576 186.373 120.143
threshold=1.0000000180025095e-35 819.23700000000008 1.5000000000000002 0.24285714285714285 1.0000000180025095e-35 110.07712500000001 497.18500000000006 934.35350000000005 498.34850000000006 492.03150000000005 0.24285714285714285 81.657000000000011 132.39400000000003 1.0000000180025095e-35 30.500000000000004 37.500000000000007 21.408000000000005 25.452500000000004 25.500000000000004 29.298000000000005
decision_type=2 2 2 2 2 2 10 10 10 2 2 10 2 2 2 2 10 10 2 10
left_child=1 6 5 4 7 11 8 -3 9 -1 12 14 -7 15 -2 16 -4 18 -15 -19
right_child=2 3 13 -5 -6 10 -8 -9 -10 -11 -12 -13 -14 17 -16 -17 -18 19 -20 -21
leaf_value=5.0673849225044254 -5.2449919851202722 13.903629944541237 -6.4790727651344158 19.054593513125464 17.181370427058294 -4.0366784386012871 6.816495913550968 15.269200581517715 5.4832262792085347 3.9604765256245935 -3.0322571368444535 -4.6928863525390625 -3.6091816700023154 -6.4582844902487366 -4.9783528845650808 -6.3771563053131111 -6.6777723087983976 -6.3018189048767095 -6.2914822202740304 -6.1285109329223637
leaf_weight=32 57 22 53 21 39 23 21 29 38 24 21 21 69 34 35 32 34 20 33 20
leaf_count=32 57 22 53 21 39 23 21 29 38 24 21 21 69 34 35 32 34 20 33 20
internal_value=0 10.7417 -5.37085 16.3865 15.764 -4.32439 5.29319 14.6801 4.95288 4.593 -3.58898 -5.0598 -3.71606 -6.41731 -5.14355 -6.50844 -6.55673 -6.31595 -6.37613 -6.21516
internal_weight=0 226 452 111 90 226 115 51 94 56 113 113 92 226 92 119 87 107 67 40
internal_count=678 226 452 111 90 226 115 51 94 56 113 113 92 226 92 119 87 107 67 40
is_linear=0
shrinkage=0.05


Tree=15
num_leaves=20
num_cat=0
split_feature=8 9 8 7 3 9 9 7 13 12 8 5 7 13 0 10 3 13 2
split_gain=1.41214e+07 2.55447e+06 185350 67978.8 37000.8 25234.4 23102.4 16355.2 10674.5 10079.8 5559.16 2909.54 2325.06 1093.72 741.6 348.757 313.53 234.267 108.289
threshold=363.69750000000005 618.14450000000011 78.733500000000006 0.17857142857142858 1.0000000180025095e-35 120.26150000000001 57.995500000000007 0.24285714285714285 462.05850000000004 934.35350000000005 139.75750000000002 6.5000000000000009 0.092857142857142874 113.3105 1.0000000180025095e-35 81.657000000000011 1.0000000180025095e-35 25.452500000000004 29.500000000000004
decision_type=2 2 2 2 2 2 2 2 10 10 2 2 2 10 2 2 2 10 2
left_child=2 7 6 4 9 12 14 8 11 -3 13 -2 15 -7 16 -4 -1 -16 -8
right_child=1 3 5 -5 -6 10 18 -9 -10 -11 -12 -13 -14 -15 17 -17 -18 -19 -20
leaf_value=-6.2495070811680389 4.5023081037733297 13.196150325593493 -4.6659935431046922 17.968719847305962 16.08218458126753 -3.7924677530924478 -5.0067344992501397 6.1453294027419325 5.2368534037941386 14.624418945312499 -2.8201590259352494 3.7612510130955621 -4.1483658027648929 -3.4036042445153001 -6.0573217192692548 -4.9544828414916999 -6.0855741424560552 -5.9044066905975345 -4.8608886718750002
leaf_weight=70 27 21 22 23 39 33 35 21 38 30 36 26 20 40 67 20 50 40 20
leaf_count=70 27 21 22 23 39 33 35 21 38 30 36 26 20 40 67 20 50 40 20
internal_value=0 10.2389 -5.08553 15.5428 14.9229 -3.78673 -5.8731 4.88756 4.59731 14.0363 -3.32864 4.13877 -4.59208 -3.57939 -6.09586 -4.80337 -6.1812 -6.00016 -4.9537
internal_weight=0 225 453 113 90 171 282 112 91 51 109 53 62 73 227 42 120 107 55
internal_count=678 225 453 113 90 171 282 112 91 51 109 53 62 73 227 42 120 107 55
is_linear=0
shrinkage=0.05


Tree=16
num_leaves=21
num_cat=0
split_feature=1 9 10 7 13 14 5 7 13 14 14 7 2 10 14 0 13 10 11 11
split_gain=1.27469e+07 2.26711e+06 161089 66995.1 41214.2 39167 16582.3 14816.1 9121.82 3788.57 2973.49 6299.2 2522.37 1531.17 808.101 510.291 497.66 334.481 275.099 248.249
threshold=1.0000000180025095e-35 618.14450000000011 57.995500000000007 0.17857142857142858 883.36800000000005 110.07712500000001 6.5000000000000009 0.17857142857142858 442.69200000000006 515.48812500000008 145.19625000000002 0.028571428571428577 25.500000000000004 73.664000000000016 32.378750000000011 1.0000000180025095e-35 124.25800000000002 80.626000000000019 13.490000000000004 22.420000000000005
decision_type=2 2 2 2 10 2 2 2 10 2 2 2 2 2 2 2 10 2 2 2
left_child=1 7 14 4 6 13 -3 8 12 -10 11 -7 -1 -4 15 18 -12 -15 -2 -17
right_child=2 3 5 -5 -6 10 -8 -9 9 -11 16 -13 -14 17 -16 19 -18 -19 -20 -21
leaf_value=3.4089710068702703 -5.7323386105624117 14.050174595759467 -4.2089899857838953 17.070283640985902 15.306581758197986 -3.3366811330501847 12.281035370296904 5.7744375684986942 4.3508117415688252 5.2504648742675784 -3.75007811046782 -2.292532315850258 4.1848123377019713 -4.558616601853144 -5.5545588637843277 -5.5994761540339546 -3.4015775108337403 -4.7548100619845917 -5.9293637831132493 -5.7864323752267026
leaf_weight=20 22 26 24 23 38 52 27 23 22 25 21 20 22 42 33 26 20 45 91 56
leaf_count=20 22 26 24 23 38 52 27 23 22 25 21 20 22 42 33 26 20 45 91 56
internal_value=0 9.69556 -4.84778 14.6593 14.0499 -3.89547 13.1489 4.64319 4.35084 4.82935 -3.24019 -3.04664 3.81536 -4.56256 -5.78338 -5.8221 -3.58008 -4.6601 -5.891 -5.72715
internal_weight=0 226 452 114 91 224 53 112 89 47 113 72 42 111 228 195 41 87 113 82
internal_count=678 226 452 114 91 224 53 112 89 47 113 72 42 111 228 195 41 87 113 82
is_linear=0
shrinkage=0.05


Tree=17
num_leaves=21
num_cat=0
split_feature=8 9 8 7 3 9 9 7 12 13 13 8 5 14 13 0 11 3 7 9
split_gain=1.15073e+07 2.08248e+06 151104 55449.1 36497.5 20501 18653.7 13396.2 9047 8888.21 7027.75 4727.66 2520.67 2188.31 933.812 601.86 482.748 278.971 210.898 101.875
threshold=363.69750000000005 618.14450000000011 78.733500000000006 0.24285714285714285 1.0000000180025095e-35 120.26150000000001 57.995500000000007 0.24285714285714285 934.35350000000005 462.05850000000004 928.24300000000005 139.75750000000002 6.5000000000000009 80.407499999999999 119.88950000000001 1.0000000180025095e-35 80.626000000000019 1.0000000180025095e-35 0.17857142857142858 78.459500000000006
decision_type=2 2 2 2 2 2 2 2 10 10 10 2 2 2 10 2 2 2 2 2
left_child=2 7 6 4 8 13 15 9 -3 12 -6 14 -2 -4 -7 17 -15 -1 -17 -8
right_child=1 3 5 -5 10 11 19 -9 -10 -11 -12 -13 -14 16 -16 18 -18 -19 -20 -21
leaf_value=-5.6433369009835381 4.0682933383517792 11.858897450837222 -3.7434156331149016 16.349913642519997 13.975215950012208 -3.4227384349278043 -4.415830698320943 5.5493410519191197 13.193807373046875 4.7319218434785544 15.300710830688477 -2.536248740884993 3.3785338181715745 -4.5379551696777343 -3.0647778391838076 -5.4494645699687396 -4.1905547332763673 -5.4887024307250982 -5.2694019699096684 -4.5530447800954184
leaf_weight=70 27 22 22 21 20 35 31 21 30 38 20 36 26 20 38 87 20 50 20 24
leaf_count=70 27 22 22 21 20 35 31 21 30 38 20 36 26 20 38 87 20 50 20 24
internal_value=0 9.24272 -4.59075 14.0317 13.5025 -3.41806 -5.30186 4.41103 12.629 4.14834 14.638 -3.00516 3.72992 -4.14396 -3.2364 -5.50203 -4.36425 -5.57891 -5.41581 -4.47571
internal_weight=0 225 453 113 92 171 282 112 52 91 40 109 53 62 73 227 40 120 107 55
internal_count=678 225 453 113 92 171 282 112 52 91 40 109 53 62 73 227 40 120 107 55
is_linear=0
shrinkage=0.05


Tree=18
num_leaves=22
num_cat=0
split_feature=8 9 8 7 3 9 9 7 13 13 13 8 14 10 14 8 14 11 7 13 2
split_gain=1.03853e+07 1.87944e+06 136372 50042.8 32939 18502.2 16835 12146.3 8496.2 7555.89 6342.55 4266.71 3408.94 2428.88 1974.95 854.537 552.608 435.68 390.089 370.875 93.9782
threshold=363.69750000000005 618.14450000000011 78.733500000000006 0.24285714285714285 1.0000000180025095e-35 120.26150000000001 57.995500000000007 0.17857142857142858 938.09950000000015 442.69200000000006 928.24300000000005 139.75750000000002 515.48812500000008 475.36000000000007 80.407499999999999 136.91500000000002 25.553250000000002 80.626000000000019 0.17857142857142858 26.562500000000004 29.500000000000004
decision_type=2 2 2 2 2 2 2 2 8 10 10 2 2 2 2 2 2 2 2 10 2
left_child=2 7 6 4 8 14 16 9 -3 13 -6 15 -11 -2 -4 -7 19 -16 -18 -1 -8
right_child=1 3 5 -5 10 11 20 -9 -10 12 -12 -13 -14 -15 17 -17 18 -19 -20 -21 -22
leaf_value=-5.3410759241894041 3.8372157382965089 12.661776329040528 -3.5562448414889247 15.532417878650485 13.276455078125 -2.9694951381323476 -4.3013270241873611 5.214744791777238 11.382594779685691 3.9073515805331143 14.535676040649415 -2.4094363338417479 4.7607407531738284 3.0758883357048035 -4.3110574150085448 -3.3530645275115969 -5.1942653428940551 -3.9810270023345953 -4.9618631611699646 -5.1097378867013115 -4.1654594326019287
leaf_weight=99 20 25 22 21 20 53 35 23 27 22 20 36 25 22 20 20 84 20 23 21 20
leaf_count=99 20 25 22 21 20 53 35 23 27 22 20 36 25 22 20 20 84 20 23 21 20
internal_value=0 8.78058 -4.36122 13.3301 12.8274 -3.24715 -5.03677 4.19048 11.9976 3.92578 13.9061 -2.8549 4.36128 3.43843 -3.93676 -3.07458 -5.22693 -4.14604 -5.14431 -5.30059 -4.25192
internal_weight=0 225 453 113 92 171 282 112 52 89 40 109 47 42 62 73 227 40 107 120 55
internal_count=678 225 453 113 92 171 282 112 52 89 40 109 47 42 62 73 227 40 107 120 55
is_linear=0
shrinkage=0.05


Tree=19
num_leaves=23
num_cat=0
split_feature=1 0 1 7 7 14 3 13 3 8 14 7 5 13 0 2 13 2 12 13 12 12
split_gain=9.37459e+06 1.67407e+06 118204 50987 42581.7 29361.5 27610 15430.3 12377.2 2911.27 2889.85 5839.87 2445.88 1144.74 514.885 457.566 385.49 262.807 310.367 190.036 167.004 103.271
threshold=1.0000000180025095e-35 1.0000000180025095e-35 1.5000000000000002 0.28571428571428575 0.092857142857142874 110.07712500000001 1.0000000180025095e-35 938.09950000000015 1.0000000180025095e-35 495.32250000000005 145.19625000000002 0.028571428571428577 6.5000000000000009 81.657000000000011 1.0000000180025095e-35 30.500000000000004 124.25800000000002 38.500000000000007 25.522500000000004 25.452500000000004 32.601000000000006 29.298000000000005
decision_type=2 2 2 2 2 2 2 8 2 2 2 2 2 10 2 2 10 2 8 10 8 10
left_child=1 3 5 8 6 13 7 -3 12 -10 11 -7 -1 15 17 -2 -12 18 -4 20 -16 -21
right_child=2 4 14 -5 -6 10 -8 -9 9 -11 16 -13 -14 -15 19 -17 -18 -19 -20 21 -22 -23
leaf_value=3.5872240137170865 -4.0820969598335131 12.472465083910073 -5.0255016153508976 6.407329567995939 14.707812277475993 -2.867329269189101 13.384490443638393 10.677962890625 3.99065182371573 4.8241599464416502 -3.2635654812767392 -1.8619699108600618 2.9202510731560842 -3.5855907803490048 -4.8729590320587164 -3.8524188831874309 -2.9568444347381595 -4.9094987360636395 -5.2387896828029472 -4.8804294204711915 -5.033897315131294 -4.7197506141662604
leaf_weight=27 57 23 66 22 24 52 35 25 22 20 21 20 28 21 40 35 20 30 23 20 27 20
leaf_count=27 57 23 66 22 24 52 35 25 22 20 21 20 28 21 40 35 20 30 23 20 27 20
internal_value=0 8.3147 -4.15735 4.23412 12.8529 -3.34878 12.3165 11.5378 3.74123 4.38756 -2.77887 -2.58806 3.24767 -3.91869 -4.96592 -3.99472 -3.11395 -5.03748 -5.08062 -4.88633 -4.93781 -4.80009
internal_weight=0 226 452 119 107 226 83 48 97 42 113 72 55 113 226 92 41 119 89 107 67 40
internal_count=678 226 452 119 107 226 83 48 97 42 113 72 55 113 226 92 41 119 89 107 67 40
is_linear=0
shrinkage=0.05


Tree=20
num_leaves=20
num_cat=0
split_feature=9 10 8 7 13 9 9 10 7 3 7 13 14 2 14 7 11 13 9
split_gain=8.46185e+06 1.5377e+06 111190 42882.9 27655.8 15092.9 13582.1 13399.6 9055.6 6215.83 4515.67 3638.33 1843.94 1015.48 464.702 349.486 331.914 317.591 96.5413
threshold=363.69750000000005 618.14450000000011 78.733500000000006 0.24285714285714285 883.36800000000005 120.26150000000001 57.995500000000007 922.73950000000002 0.17857142857142858 1.0000000180025095e-35 0.028571428571428577 442.69200000000006 80.407499999999999 10.500000000000002 25.553250000000002 0.17857142857142858 80.626000000000019 26.562500000000004 78.459500000000006
decision_type=2 2 2 2 10 2 2 2 2 2 2 10 2 2 2 2 2 10 2
left_child=2 8 6 4 7 12 14 -3 9 11 13 -2 -4 -7 17 -16 -14 -1 -8
right_child=1 3 5 -5 -6 10 18 -9 -10 -11 -12 -13 16 -15 15 -17 -18 -19 -20
leaf_value=-4.8224946802312685 2.7706156290494484 11.642139552189754 -3.1858807130293414 14.079695710681733 12.586206543751253 -2.4757376670837403 -3.7834333296745051 10.051819497567637 4.6583746702774711 4.0294975556433199 -2.0290735679013387 3.6154067459106445 -3.899809913635254 -2.8737640348531435 -4.6890021006266274 -4.4690271792204488 -3.6117500782012941 -4.6084187825520839 -3.917007191975912
leaf_weight=99 26 26 22 21 39 22 31 27 23 38 28 25 20 59 84 23 20 21 24
leaf_count=99 26 26 22 21 39 22 31 27 23 38 28 25 20 59 84 23 20 21 24
internal_value=0 7.92584 -3.93668 12.041 11.5756 -2.93072 -4.54667 10.832 3.77397 3.54542 -2.57644 3.18473 -3.55356 -2.76566 -4.71748 -4.64172 -3.75578 -4.78503 -3.84172
internal_weight=0 225 453 113 92 171 282 53 112 89 109 51 62 81 227 107 40 120 55
internal_count=678 225 453 113 92 171 282 53 112 89 109 51 62 81 227 107 40 120 55
is_linear=0
shrinkage=0.05


Tree=21
num_leaves=19
num_cat=0
split_feature=8 9 8 7 3 9 9 12 14 12 13 13 7 14 2 0 10 10
split_gain=7.63754e+06 1.38752e+06 100287 38840.9 22832.8 13599.6 12257.9 9580.47 7293.82 6390.37 4599.18 3604.39 1711.73 1551.97 452.548 428.976 244.937 88.1002
threshold=363.69750000000005 618.14450000000011 78.733500000000006 0.17857142857142858 1.0000000180025095e-35 120.26150000000001 57.995500000000007 487.77000000000004 499.78300000000007 934.35350000000005 475.36000000000007 139.14100000000002 0.092857142857142874 141.14350000000002 47.500000000000007 1.0000000180025095e-35 81.657000000000011 80.626000000000019
decision_type=2 2 2 2 2 2 2 10 2 10 10 10 2 2 2 2 2 2
left_child=2 7 6 4 9 12 14 8 -2 -3 -9 13 16 -7 15 -1 -4 -8
right_child=1 3 5 -5 -6 11 17 10 -10 -11 -12 -13 -14 -15 -16 -17 -18 -19
leaf_value=-4.5724624951680504 3.5766422763947521 9.6049262273879279 -3.4420466683127664 13.272646298615829 11.881024169921876 -2.3927028633495597 -3.5999008066513962 3.6590723011228778 2.369777641693751 10.742154591878256 4.5526435136795049 -1.8597847368035998 -2.9951634407043457 -2.8136355795511387 -4.2544821929931649 -4.428369641544843 -3.683812580108643 -3.7301546732584634
leaf_weight=108 31 21 22 23 39 47 34 36 21 30 24 21 20 41 20 99 20 21
leaf_count=108 31 21 22 23 39 47 34 36 21 30 24 21 20 41 20 99 20 21
internal_value=0 7.52991 -3.74002 11.4389 10.9703 -2.78466 -4.31934 3.58599 3.08925 10.2739 4.0165 -2.44836 -3.37588 -2.58882 -4.4816 -4.50355 -3.55717 -3.64963
internal_weight=0 225 453 113 90 171 282 112 52 51 60 109 62 88 227 207 42 55
internal_count=678 225 453 113 90 171 282 112 52 51 60 109 62 88 227 207 42 55
is_linear=0
shrinkage=0.05


Tree=22
num_leaves=20
num_cat=0
split_feature=1 0 8 7 7 3 14 13 3 9 13 8 5 8 9 8 2 0 11
split_gain=6.89436e+06 1.24141e+06 86930.9 40155.1 32329.3 21687.1 14688 12932.8 9861.75 7438.4 2514.75 6457.94 2242.97 2145.55 1577.36 875.548 408.424 387.151 377.276
threshold=1.0000000180025095e-35 1.0000000180025095e-35 75.488500000000016 0.28571428571428575 0.092857142857142874 1.0000000180025095e-35 110.07712500000001 938.09950000000015 1.0000000180025095e-35 57.995500000000007 145.94150000000005 139.37150000000003 6.5000000000000009 495.32250000000005 75.355500000000021 136.91500000000002 47.500000000000007 1.0000000180025095e-35 79.26700000000001
decision_type=2 2 2 2 2 2 2 8 2 2 8 2 2 2 2 2 2 2 2
left_child=1 3 9 8 5 7 14 -3 12 16 15 -12 -1 -10 -4 -8 17 -2 -16
right_child=2 4 6 -5 -6 -7 10 -9 13 -11 11 -13 -14 -15 18 -17 -18 -19 -20
leaf_value=3.0637212188155565 -4.3438393734119556 10.736616449770722 -2.9057557320594789 5.5451295722614642 12.654711357752483 11.517601405552455 -2.428699761960242 9.0937447204589841 3.4153070525689557 -3.4929879265862542 -2.5324286240797775 -1.4273431390896441 2.4250128303255356 4.1308528900146486 -3.5528753212520052 -2.8313639958699546 -4.0417581081390379 -4.206951162550185 -3.2909242630004885
leaf_weight=27 108 23 20 22 24 35 27 25 22 37 39 20 28 20 28 27 20 99 27
leaf_count=27 108 23 20 22 24 35 27 25 22 37 39 20 28 20 28 27 20 99 27
internal_value=0 7.13045 -3.56523 3.61653 11.0385 10.5711 -2.74353 9.88095 3.17912 -4.15037 -2.38348 -2.15782 2.73856 3.75604 -3.28601 -2.63003 -4.25752 -4.27837 -3.42428
internal_weight=0 226 452 119 107 83 188 48 97 264 113 59 55 42 75 54 227 207 55
internal_count=678 226 452 119 107 83 188 48 97 264 113 59 55 42 75 54 227 207 55
is_linear=0
shrinkage=0.05


Tree=23
num_leaves=20
num_cat=0
split_feature=9 10 8 7 13 10 14 9 12 10 13 8 13 14 2 3 10 12 9
split_gain=6.22277e+06 1.135e+06 81647.6 33348.6 22253.4 11126 11040.5 9928.38 7506.45 6302.47 3237.88 7335.79 3204.45 1740.23 840.752 397.091 401.68 320.829 80.0236
threshold=363.69750000000005 618.14450000000011 78.733500000000006 0.24285714285714285 883.36800000000005 922.73950000000002 124.72300000000003 57.995500000000007 487.77000000000004 475.36000000000007 145.94150000000005 139.37150000000003 475.36000000000007 80.407499999999999 25.500000000000004 1.0000000180025095e-35 23.386000000000003 19.6035 78.459500000000006
decision_type=2 2 2 2 10 2 2 2 10 2 8 2 10 2 2 2 2 10 2
left_child=2 8 7 4 5 -3 13 15 9 -2 14 -12 -10 -4 -8 16 -1 -17 -9
right_child=1 3 6 -5 -6 -7 10 18 12 -11 11 -13 -14 -15 -16 17 -18 -19 -20
leaf_value=-4.1954525629679358 3.3953784486521847 9.9930694873516384 -2.7064291282133626 12.130125518072219 10.828422429011418 8.5439326674849898 -2.6687552636669531 -3.24282659099948 3.3020595630009972 2.2783418127468655 -2.3839816686269399 -1.2139515547525317 4.0389292373657231 -3.2652161598205569 -2.2645985988053408 -4.1406920814514159 -4.0223924235293742 -3.913975549080003 -3.3644378582636514
leaf_weight=60 23 26 22 21 39 27 31 31 36 28 37 21 25 38 22 20 76 71 24
leaf_count=60 23 26 22 21 39 27 31 31 36 28 37 21 25 38 22 20 76 71 24
internal_value=0 6.79681 -3.3759 10.3323 9.9219 9.25483 -2.51387 -3.89861 3.22977 2.7821 -2.21849 -1.96035 3.60406 -3.06033 -2.50099 -4.04465 -4.09874 -3.9638 -3.29589
internal_weight=0 225 453 113 92 53 171 282 112 51 111 58 61 60 53 227 136 91 55
internal_count=678 225 453 113 92 53 171 282 112 51 111 58 61 60 53 227 136 91 55
is_linear=0
shrinkage=0.05


Tree=24
num_leaves=19
num_cat=0
split_feature=8 9 8 7 3 14 9 12 14 5 11 13 13 14 14 2 0 10
split_gain=5.6168e+06 1.02408e+06 73623.9 30097.1 21160.1 9974.58 8960.36 7672.27 6037.28 5696.11 4723.61 3627.73 3009.35 1882.21 1387.27 366.624 336.718 79.1799
threshold=363.69750000000005 618.14450000000011 78.733500000000006 0.24285714285714285 1.0000000180025095e-35 110.07712500000001 57.995500000000007 487.77000000000004 502.22912500000007 6.5000000000000009 977.55300000000011 475.36000000000007 139.14100000000002 82.527750000000012 141.14350000000002 47.500000000000007 1.0000000180025095e-35 80.626000000000019
decision_type=2 2 2 2 2 2 2 10 2 2 2 10 10 2 2 2 2 2
left_child=2 7 6 4 9 13 15 8 -2 -3 -6 -9 14 -4 -7 16 -1 -8
right_child=1 3 5 -5 10 12 17 11 -10 -11 -12 -13 -14 -15 -16 -17 -18 -19
leaf_value=-3.9232222663031688 3.0505392163991929 9.2840453808124259 -2.6150606797291687 11.523619497390023 9.7470382881164568 -2.0617075862884522 -3.0839503176072065 3.1369565645853683 1.9431445789337158 8.2374292740455051 10.83373188018799 3.9305646419525146 -1.5781065441313245 -3.1919246365947109 -2.4490295010943748 -3.6379888248443608 -3.7955611122979058 -3.2074340638660246
leaf_weight=108 32 26 26 21 20 50 34 36 20 26 20 24 21 31 43 20 99 21
leaf_count=108 32 26 26 21 20 50 34 36 20 26 20 24 21 31 43 20 99 21
internal_value=0 6.4574 -3.20732 9.81566 9.4258 -2.38874 -3.70368 3.06914 2.62462 8.76074 10.2904 3.4544 -2.11872 -2.92879 -2.24079 -3.84242 -3.86217 -3.1311
internal_weight=0 225 453 113 92 171 282 112 52 52 40 60 114 57 93 227 207 55
internal_count=678 225 453 113 92 171 282 112 52 52 40 60 114 57 93 227 207 55
is_linear=0
shrinkage=0.05


Tree=25
num_leaves=20
num_cat=0
split_feature=1 0 8 7 7 3 13 14 3 9 14 7 2 8 13 3 10 13 13
split_gain=5.07014e+06 921208 63810.6 33079.4 24619.1 16984.2 11200 10749.3 8058.59 5433.49 2291.39 5000.4 2087.29 1527.06 1313.59 358.851 354.063 306.188 287.622
threshold=1.0000000180025095e-35 1.0000000180025095e-35 75.488500000000016 0.28571428571428575 0.092857142857142874 1.0000000180025095e-35 938.09950000000015 110.07712500000001 1.0000000180025095e-35 57.995500000000007 145.19625000000002 0.028571428571428577 19.500000000000004 495.32250000000005 85.544000000000011 1.0000000180025095e-35 23.386000000000003 124.25800000000002 26.562500000000004
decision_type=2 2 2 2 2 2 8 2 2 2 2 2 2 2 8 2 2 10 10
left_child=1 3 9 8 5 6 -3 14 12 15 11 -9 -1 -10 -4 16 -2 -12 -17
right_child=2 4 7 -5 -6 -7 -8 10 13 -11 17 -13 -14 -15 -16 18 -18 -19 -20
leaf_value=1.9291843124057939 -3.7925158468882247 9.2589427118716028 -3.0352627860175243 4.8382169008255005 10.891669464111329 9.9110271780831471 7.730087585449219 -2.1338836156404937 2.9248165065591989 -2.9968671953355948 -2.4770878110613146 -1.2035861229896545 2.5536438643932344 3.5284822511672971 -2.6164240549772213 -3.6296613693237307 -3.6300367204766526 -2.2037301111221317 -3.4328915816086991
leaf_weight=23 60 23 36 22 24 35 25 52 22 37 21 20 32 20 39 65 76 20 26
leaf_count=23 60 23 36 22 24 35 25 52 22 37 21 20 32 20 39 65 76 20 26
internal_value=0 6.11477 -3.05739 3.08777 9.48125 9.07342 8.46266 -2.35339 2.69076 -3.55872 -2.04537 -1.87547 2.29251 3.21228 -2.81747 -3.65029 -3.70172 -2.34374 -3.57344
internal_weight=0 226 452 119 107 83 48 188 97 264 113 72 55 42 75 227 136 41 91
internal_count=678 226 452 119 107 83 48 188 97 264 113 72 55 42 75 227 136 41 91
is_linear=0
shrinkage=0.05


Tree=26
num_leaves=19
num_cat=0
split_feature=9 10 8 7 13 10 9 9 12 10 7 13 14 10 2 0 11 2
split_gain=4.57612e+06 837527 59952.9 25772.8 17672.1 9177.6 8275.83 7260.07 6079.33 5358.69 3051.16 2532.35 1350.39 960.414 329.295 292.839 185.429 74.2517
threshold=363.69750000000005 618.14450000000011 78.733500000000006 0.24285714285714285 883.36800000000005 922.73950000000002 120.26150000000001 57.995500000000007 487.77000000000004 472.108 0.028571428571428577 475.36000000000007 80.407499999999999 132.78950000000003 47.500000000000007 1.0000000180025095e-35 80.626000000000019 29.500000000000004
decision_type=2 2 2 2 10 2 2 2 10 2 2 10 2 2 2 2 2 2
left_child=2 8 7 4 5 -3 12 14 9 -2 13 -10 -4 -8 15 -1 -14 -9
right_child=1 3 6 -5 -6 -7 10 17 11 -11 -12 -13 16 -15 -16 -17 -18 -19
leaf_value=-3.5434372831273961 2.9996425008773806 8.5808619132408719 -2.3028700898994101 10.446093913487026 9.3126617627266128 7.2647160141556357 -2.3148380637168886 -2.8714149202619281 2.8327934715482925 1.9498863973925191 -1.4440348548548563 3.487845401763916 -2.8982257843017578 -1.9377883049479703 -3.2740398979187013 -3.4243842693290327 -2.6829183244705201 -2.750645890235901
leaf_weight=108 20 26 22 21 39 27 24 35 36 31 28 25 20 57 20 99 20 20
leaf_count=108 20 26 22 21 39 27 24 35 36 31 28 25 20 57 20 99 20 20
internal_value=0 5.82857 -2.89498 8.86559 8.50482 7.91037 -2.15631 -3.3429 2.76443 2.36156 -1.89397 3.10126 -2.61752 -2.04951 -3.46778 -3.4865 -2.79057 -2.8275
internal_weight=0 225 453 113 92 53 171 282 112 51 109 61 62 81 227 207 40 55
internal_count=678 225 453 113 92 53 171 282 112 51 109 61 62 81 227 207 40 55
is_linear=0
shrinkage=0.05


Tree=27
num_leaves=21
num_cat=0
split_feature=8 9 8 7 3 9 9 12 14 5 11 13 8 7 8 3 10 12 2 10
split_gain=4.13086e+06 755550 54030.8 23260 16906 7441.74 6552.21 6166.34 5091.88 4907.32 4015.68 2855.88 2670.06 1291.68 839.271 324.285 312.135 275.6 237.881 73.5122
threshold=363.69750000000005 618.14450000000011 78.733500000000006 0.24285714285714285 1.0000000180025095e-35 120.26150000000001 57.995500000000007 487.77000000000004 502.22912500000007 6.5000000000000009 977.55300000000011 475.36000000000007 139.75750000000002 0.092857142857142874 136.91500000000002 1.0000000180025095e-35 23.386000000000003 19.6035 15.500000000000002 80.626000000000019
decision_type=2 2 2 2 2 2 2 10 2 2 2 10 2 2 2 2 2 10 2 2
left_child=2 7 6 4 9 13 15 8 -2 -3 -6 -9 14 18 -7 16 -1 -17 -4 -8
right_child=1 3 5 -5 10 12 19 11 -10 -11 -12 -13 -14 -15 -16 17 -18 -19 -20 -21
leaf_value=-3.4285272789001469 2.6200617522001268 7.9708422440748947 -2.5251324880690804 9.9237892332531175 8.3514031982421866 -1.8701652202966077 -2.6406944387099323 2.6911537819438514 1.603062038421631 6.999391893240122 9.3533612251281735 3.3952931404113773 -1.4481338765886096 -2.1559204813838004 -2.2502929210662841 -3.385279655456543 -3.2759716084128936 -3.1751505999497969 -2.7631204786754791 -2.7596765972319108
leaf_weight=60 32 26 21 21 20 53 34 36 20 26 20 24 36 20 20 20 76 71 21 21
leaf_count=60 32 26 21 21 20 53 34 36 20 26 20 24 36 20 20 20 76 71 21 21
internal_value=0 5.53775 -2.75054 8.42231 8.07958 -2.04929 -3.17576 2.62743 2.22891 7.48512 8.85238 2.97281 -1.80053 -2.48664 -1.97431 -3.29439 -3.34328 -3.22133 -2.64413 -2.68612
internal_weight=0 225 453 113 92 171 282 112 52 52 40 60 109 62 73 227 136 91 42 55
internal_count=678 225 453 113 92 171 282 112 52 52 40 60 109 62 73 227 136 91 42 55
is_linear=0
shrinkage=0.05


Tree=28
num_leaves=22
num_cat=0
split_feature=1 0 8 7 8 7 14 3 3 8 14 8 2 13 8 10 13 5 8 8 13
split_gain=3.72875e+06 683946 46825.3 27405.2 18836.1 26162.6 7930.41 7320.93 6578.37 3974.91 2360.54 4246.15 2042.92 1272.57 1088.75 783.025 284.859 413.259 331.481 279.151 143.829
threshold=1.0000000180025095e-35 1.0000000180025095e-35 75.488500000000016 0.28571428571428575 894.69850000000008 0.028571428571428577 124.72300000000003 1.0000000180025095e-35 1.0000000180025095e-35 42.520500000000006 145.19625000000002 139.14100000000002 19.500000000000004 85.544000000000011 495.32250000000005 78.733500000000006 25.452500000000004 6.5000000000000009 14.080500000000002 139.14100000000002 82.291500000000013
decision_type=2 2 2 2 2 2 2 2 2 2 2 2 2 8 2 2 10 2 2 2 8
left_child=1 3 9 8 -3 7 13 -6 12 16 11 -8 -1 -4 -10 -15 18 -18 -2 -12 -11
right_child=2 4 6 -5 5 -7 10 -9 14 20 19 -13 -14 15 -16 -17 17 -19 -20 -21 -22
leaf_value=1.5550268815911334 -3.3631009864807129 6.9736809510451101 -2.6226565096113421 4.2289094393903559 7.5338134765625 10.089804306030274 -1.8263053844372434 8.6414504711444575 2.5027569467371165 -2.5397706667582196 -1.9122025775909426 -0.97386863345191588 2.1728126823902132 -2.0116943800991236 3.0124772930145265 -2.4439653444290164 -2.9110927910640321 -3.1856146739079403 -3.1458684404691062 -2.1732125282287598 -2.7189487548101519
leaf_weight=23 20 26 36 22 35 20 48 26 22 24 20 21 32 22 20 20 29 26 144 21 21
leaf_count=23 20 26 36 22 35 20 48 26 22 24 20 21 32 22 20 20 29 26 144 21 21
internal_value=0 5.24387 -2.62194 2.63565 8.14461 8.52046 -2.01887 8.00592 2.27429 -3.05139 -1.74541 -1.56687 1.91447 -2.40452 2.74548 -2.21754 -3.13934 -3.04087 -3.17236 -2.04589 -2.62339
internal_weight=0 226 452 119 107 81 188 61 97 264 110 69 55 78 42 42 219 55 164 41 45
internal_count=678 226 452 119 107 81 188 61 97 264 110 69 55 78 42 42 219 55 164 41 45
is_linear=0
shrinkage=0.05


Tree=29
num_leaves=20
num_cat=0
split_feature=1 0 8 7 7 3 13 7 0 3 9 5 14 8 14 3 8 12 9
split_gain=3.3652e+06 617261 42292.9 24733.2 17180.7 12475.9 9574.04 6213 6640.78 5936.98 5390.77 1984.79 1282.46 982.595 528.045 291.877 267.9 243.172 67.7838
threshold=1.0000000180025095e-35 1.0000000180025095e-35 78.733500000000006 0.28571428571428575 0.092857142857142874 1.0000000180025095e-35 938.09950000000015 0.3928571428571429 1.0000000180025095e-35 1.0000000180025095e-35 57.995500000000007 6.5000000000000009 134.12287500000002 495.32250000000005 87.934375000000017 1.0000000180025095e-35 21.408000000000005 19.6035 78.459500000000006
decision_type=2 2 2 2 2 2 8 2 2 2 2 2 2 2 2 2 2 10 2
left_child=1 3 10 9 5 6 -3 8 14 11 15 -1 -10 -11 -4 16 -2 -17 -12
right_child=2 4 7 -5 -6 -7 -8 -9 12 13 18 -13 -14 -15 -16 17 -18 -19 -20
leaf_value=2.1246167836365877 -3.118503118597943 7.609437295664911 -2.3157513916492465 4.0174639718099074 8.9156131982803348 8.1145659637451182 6.1959096527099611 -1.1037434370621391 -2.0159871232920681 2.3776190692728219 -2.3733976210317307 1.5237924814224244 -1.6170705347350152 2.8618534851074222 -2.6432557678222661 -3.0586551094055174 -2.9701742659674752 -2.8612748696770467 -2.4853227694829307
leaf_weight=27 46 23 32 22 24 35 25 23 29 22 31 28 66 20 20 20 90 71 24
leaf_count=27 46 23 32 22 24 35 25 23 29 22 31 28 66 20 20 20 90 71 24
internal_value=0 4.98168 -2.49084 2.50386 7.73738 7.39668 6.87322 -1.86791 -1.98748 2.16057 -2.86636 1.81874 -1.73885 2.60821 -2.44171 -2.97397 -3.02034 -2.90466 -2.42224
internal_weight=0 226 452 119 107 83 48 170 147 97 282 55 95 42 52 227 136 91 55
internal_count=678 226 452 119 107 83 48 170 147 97 282 55 95 42 52 227 136 91 55
is_linear=0
shrinkage=0.05


Tree=30
num_leaves=19
num_cat=0
split_feature=9 10 8 12 7 14 9 9 13 9 10 12 2 13 11 2 0 2
split_gain=3.03753e+06 559860 39684.8 21098.9 27639.3 8253.36 5652.39 4865.17 4853.03 5287.1 4063.14 3458.64 1728.09 1626.53 608.143 289.492 227.627 64.6404
threshold=363.69750000000005 618.14450000000011 78.733500000000006 907.36200000000019 1.0000000180025095e-35 966.13350000000014 125.52350000000003 57.995500000000007 442.69200000000006 521.65400000000011 467.51450000000006 138.54050000000004 26.500000000000004 81.657000000000011 81.657000000000011 47.500000000000007 1.0000000180025095e-35 29.500000000000004
decision_type=2 2 2 10 2 2 2 2 10 2 2 10 2 10 2 2 2 2
left_child=2 8 7 -3 5 -5 13 15 10 -10 -2 12 -8 14 -4 16 -1 -9
right_child=1 3 6 4 -6 -7 11 17 9 -11 -12 -13 -14 -15 -16 -17 -18 -19
leaf_value=-2.893019367147375 2.4391182231903077 6.2325455135769321 -2.4006684439522878 6.5254746982029506 9.2981429290771498 7.7289714418608568 -2.0213904298585037 -2.3421010589599613 2.9065409610145974 1.9460621315500011 1.5250263021838282 -1.1345312862019792 -1.4801126718521118 -1.7376970353333847 -2.0536799534507422 -2.6436142826080324 -2.7880560152458425 -2.229419093132019
leaf_weight=108 20 36 28 28 20 29 29 35 38 23 31 38 30 23 23 20 99 20
leaf_count=108 20 36 28 28 20 29 29 35 38 23 31 38 30 23 23 20 99 20
internal_value=0 4.74869 -2.35862 7.23175 7.69891 7.13778 -1.75764 -2.72304 2.24345 2.54439 1.88349 -1.50656 -1.74616 -2.08676 -2.24418 -2.82527 -2.84282 -2.30113
internal_weight=0 225 453 113 77 57 171 282 112 61 51 97 59 74 51 227 207 55
internal_count=678 225 453 113 77 57 171 282 112 61 51 97 59 74 51 227 207 55
is_linear=0
shrinkage=0.05


Tree=31
num_leaves=19
num_cat=0
split_feature=8 9 8 13 8 14 7 10 12 14 9 13 14 3 10 13 14 10
split_gain=2.74185e+06 505106 35775.2 19677.8 9034.96 9665.81 5357.01 5719.81 5237.64 4498.42 4390.82 2223.09 776.145 263.756 257.868 221.761 219.679 63.9517
threshold=363.69750000000005 618.14450000000011 78.733500000000006 947.53150000000016 894.69850000000008 933.00525000000005 0.3928571428571429 124.73600000000002 487.77000000000004 502.22912500000007 57.995500000000007 475.36000000000007 141.14350000000002 1.0000000180025095e-35 23.386000000000003 26.562500000000004 83.392750000000021 80.626000000000019
decision_type=2 2 2 10 2 2 2 2 10 2 2 10 2 2 2 10 2 2
left_child=2 8 10 4 -3 -6 7 16 9 -2 13 -10 -9 14 -1 -15 -4 -12
right_child=1 3 6 -5 5 -7 -8 12 11 -11 17 -13 -14 15 -16 -17 -18 -19
leaf_value=-2.8055790710449222 2.1324329219758513 5.7208870410919195 -2.051978115240733 8.2511942727225165 7.7411100478399364 6.4508272130438629 -0.96036914016889485 -1.3775573763736459 2.2018769039048087 1.1765341138839722 -2.14369693924399 2.8231286148230237 -1.6715114076086817 -2.6674821941669169 -2.6669176641263461 -2.4947036889883187 -2.2495538795695587 -2.2546727271307083
leaf_weight=60 32 24 24 21 21 47 23 43 36 20 34 24 47 65 76 26 34 21
leaf_count=60 32 24 24 21 21 47 23 43 36 20 34 24 47 65 76 26 34 21
internal_value=0 4.51164 -2.24088 6.87016 6.55493 6.8493 -1.67027 -1.7806 2.13206 1.76478 -2.58689 2.45038 -1.53107 -2.684 -2.72809 -2.61812 -2.1678 -2.18607
internal_weight=0 225 453 113 92 68 171 148 112 52 282 60 90 227 136 91 58 55
internal_count=678 225 453 113 92 68 171 148 112 52 282 60 90 227 136 91 58 55
is_linear=0
shrinkage=0.05


Tree=32
num_leaves=20
num_cat=0
split_feature=14 0 8 7 8 7 3 3 7 10 8 2 8 8 12 2 13 8 12
split_gain=2.4753e+06 454152 32220.9 22699.1 14909.8 20563.1 5543.08 4931.79 4847.52 5170.61 4003.2 2004.67 858.018 702.47 504.851 266.499 220.963 331.66 87.8982
threshold=450.04725000000002 1.0000000180025095e-35 78.733500000000006 0.28571428571428575 894.69850000000008 0.028571428571428577 1.0000000180025095e-35 1.0000000180025095e-35 0.3928571428571429 131.51400000000004 42.520500000000006 19.500000000000004 139.75750000000002 495.32250000000005 120.57550000000002 30.500000000000004 28.880500000000001 21.176000000000005 75.560500000000019
decision_type=2 2 2 2 2 2 2 2 2 2 2 2 2 2 10 2 10 2 8
left_child=2 3 10 7 -3 6 -6 11 9 14 16 -2 -11 -9 -4 18 17 -1 -12
right_child=1 4 8 -5 5 -7 -8 13 -10 12 15 -13 -14 -15 -16 -17 -18 -19 -20
leaf_value=-2.6701058900178367 1.1573661970055622 5.6039799763606153 -2.0954726020495098 3.6380657173338395 6.1131701442173556 8.3714403629302989 7.0769764826847963 2.0379915540868585 -0.91235067248344426 -1.5198687965219673 -2.2548878002166748 1.7693408101797106 -1.1561880982440451 2.4474238300323488 -1.8062257896770131 -1.9608752227964859 -2.4506885968721832 -2.5297030482671961 -2.1100578958337959
leaf_weight=67 23 26 48 21 35 20 26 22 23 55 20 32 23 20 22 21 39 113 22
leaf_count=67 23 26 48 21 35 20 26 22 23 55 20 32 23 20 22 21 39 113 22
internal_value=0 4.28674 -2.12918 2.14764 6.64574 6.98014 6.52397 1.82498 -1.58765 -1.6926 -2.45755 1.51342 -1.41263 2.23296 -2.00457 -2.10631 -2.55859 -2.58196 -2.17902
internal_weight=0 225 453 118 107 81 61 97 171 148 282 55 78 42 70 63 219 180 42
internal_count=678 225 453 118 107 81 61 97 171 148 282 55 78 42 70 63 219 180 42
is_linear=0
shrinkage=0.05


Tree=33
num_leaves=20
num_cat=0
split_feature=9 10 8 12 7 14 9 12 10 8 12 8 2 13 11 2 14 4 5
split_gain=2.23436e+06 412640 29045.8 18211.5 23633.1 7133.58 4491.88 4182.23 4055.33 3612.88 2989.14 1750.57 1577.19 1352.02 462.157 240.515 204.455 376.852 86.2293
threshold=363.69750000000005 618.14450000000011 78.733500000000006 907.36200000000019 1.0000000180025095e-35 966.13350000000014 125.52350000000003 487.77000000000004 472.108 42.520500000000006 138.54050000000004 495.32250000000005 26.500000000000004 81.657000000000011 81.657000000000011 30.500000000000004 32.378750000000011 1.0000000180025095e-35 6.5000000000000009
decision_type=2 2 2 10 2 2 2 10 2 2 10 2 2 10 2 2 2 2 2
left_child=2 7 9 -3 5 -5 13 8 -2 16 12 -9 -8 14 -4 18 17 -1 -11
right_child=1 3 6 4 -6 -7 10 11 -10 15 -12 -13 -14 -15 -16 -17 -18 -19 -20
leaf_value=-2.4221213271401147 2.1429297137260437 5.2761845111846926 -2.0820841108049666 5.5503964151654932 8.1173168182373043 6.669275888903389 -1.7706061470097509 1.8905931995465206 1.2297164363245812 -2.1452129268646241 -0.93906520816840622 2.4322249344417028 -1.2535009129842123 -1.4838954562726228 -1.7795970356982687 -1.8628314585912797 -2.3069982265603954 -2.6304362640380861 -2.0017645272341644
leaf_weight=165 20 36 28 28 20 29 29 26 31 20 38 35 30 23 23 21 29 25 22
leaf_count=165 20 36 28 28 20 29 29 26 31 20 38 35 30 23 23 21 29 25 22
internal_value=0 4.07277 -2.0229 6.20451 6.63853 6.11965 -1.50875 1.92199 1.58784 -2.33467 -1.28492 2.20137 -1.50767 -1.80214 -1.94567 -2.00099 -2.43066 -2.44953 -2.07007
internal_weight=0 225 453 113 77 57 171 112 51 282 97 61 59 74 51 63 219 190 42
internal_count=678 225 453 113 77 57 171 112 51 282 97 61 59 74 51 63 219 190 42
is_linear=0
shrinkage=0.05


Tree=34
num_leaves=19
num_cat=0
split_feature=8 9 8 12 7 3 9 13 9 14 13 12 9 13 10 8 2 3
split_gain=2.01682e+06 372298 26193.5 16435.9 21328.8 6855.36 5029.03 4407.06 4156.21 3699.22 2818.21 4247.5 2213.33 1223.35 692.282 682.045 249.955 177.995
threshold=363.69750000000005 618.14450000000011 75.488500000000016 907.36200000000019 1.0000000180025095e-35 1.0000000180025095e-35 125.52350000000003 442.69200000000006 521.65400000000011 479.88237500000008 187.01750000000001 137.22900000000001 57.995500000000007 85.544000000000011 79.603500000000011 138.54050000000004 47.500000000000007 1.0000000180025095e-35
decision_type=2 2 2 10 2 2 2 10 2 2 8 10 2 8 2 2 2 2
left_child=2 7 12 -3 5 -5 13 9 -9 -2 15 -12 16 -4 -15 -8 17 -1
right_child=1 3 6 4 -6 -7 10 8 -10 -11 11 -13 -14 14 -16 -17 -18 -19
leaf_value=-2.356287424025997 1.9113028948123638 5.0123752911885582 -1.9700567027500697 5.3626729179831116 7.7114509296417246 6.4803572364475421 -1.3289168976247312 2.4351132436018244 1.5715562977404758 1.0678642621407144 -1.3860467831293741 -0.41234144742290185 -1.8850023166553396 -1.3901797473430635 -1.7431079720005844 -1.7011269569396974 -2.1332513666152955 -2.2616834479642201
leaf_weight=124 26 36 35 34 20 23 32 38 22 26 24 21 37 24 33 20 20 83
leaf_count=124 26 36 35 34 20 23 32 38 22 26 24 21 37 24 33 20 20 83
internal_value=0 3.86942 -1.9219 5.89428 6.3066 5.81367 -1.47255 1.82649 2.11848 1.48958 -1.22136 -0.931651 -2.2436 -1.73738 -1.59451 -1.47207 -2.30205 -2.31835
internal_weight=0 225 453 113 77 57 189 112 60 52 97 45 264 92 57 52 227 207
internal_count=678 225 453 113 77 57 189 112 60 52 97 45 264 92 57 52 227 207
is_linear=0
shrinkage=0.05


Tree=35
num_leaves=21
num_cat=0
split_feature=14 0 8 7 8 7 11 7 10 3 8 2 14 8 5 2 12 10 4 2
split_gain=1.82051e+06 337079 23650.6 18751.5 12962.2 16280.5 4794.49 4323.82 4169.42 4148.08 2958.81 2033.59 865.313 474.321 343.009 212.215 188.978 395.456 246.975 79.1824
threshold=450.04725000000002 1.0000000180025095e-35 78.733500000000006 0.28571428571428575 894.69850000000008 0.028571428571428577 977.55300000000011 0.3928571428571429 131.51400000000004 1.0000000180025095e-35 42.520500000000006 19.500000000000004 141.14350000000002 495.32250000000005 1.0000000180025095e-35 30.500000000000004 34.409000000000006 28.031500000000005 1.0000000180025095e-35 19.500000000000004
decision_type=2 2 2 2 2 2 2 2 2 2 2 2 2 2 2 2 10 2 2 2
left_child=2 3 10 9 -3 6 -6 8 14 11 16 -2 -10 -11 -4 19 18 -18 -1 -12
right_child=1 4 7 -5 5 -7 -8 -9 12 13 15 -13 -14 -15 -16 -17 17 -19 -20 -21
leaf_value=-2.1926533942129098 0.89580283864684729 4.7372739498431873 -1.8618925571441651 3.1880554267338344 5.2815854488274994 7.2583836364746093 6.2047148097645159 -0.72424293544305407 -1.0344250688681731 1.7541045752438631 -1.8015745208376932 1.5121768504381181 -1.367936798421348 2.090542197227478 -1.6397124761029294 -1.6755599634987968 -2.2565115308761601 -1.9458508854820615 -2.3621616096496583 -1.9388805571056549
leaf_weight=153 23 26 32 21 39 20 22 23 37 22 21 32 41 20 38 21 20 21 25 21
leaf_count=153 23 26 32 21 39 20 22 23 37 22 21 32 41 20 38 21 20 21 25 21
internal_value=0 3.67629 -1.82597 1.83342 5.70862 6.02041 5.61452 -1.36203 -1.46114 1.54015 -2.1073 1.25442 -1.20973 1.91431 -1.74128 -1.80534 -2.19417 -2.09739 -2.21646 -1.87023
internal_weight=0 225 453 118 107 81 61 171 148 97 282 55 78 42 70 63 219 41 178 42
internal_count=678 225 453 118 107 81 61 171 148 97 282 55 78 42 70 63 219 41 178 42
is_linear=0
shrinkage=0.05


Tree=36
num_leaves=20
num_cat=0
split_feature=1 0 8 7 8 7 14 3 3 14 8 2 13 8 14 14 13 4 11
split_gain=1.64346e+06 306497 20571 15551.1 11698.4 14693.2 5224.51 4407.6 3743.64 2048.33 3412.42 1835.32 733.058 574.283 432.307 333.017 260.511 240.114 280.522
threshold=1.0000000180025095e-35 1.0000000180025095e-35 66.582500000000024 0.28571428571428575 894.69850000000008 0.028571428571428577 124.72300000000003 1.0000000180025095e-35 1.0000000180025095e-35 145.19625000000002 139.14100000000002 19.500000000000004 81.657000000000011 84.683500000000024 503.61275000000006 32.378750000000011 139.14100000000002 1.0000000180025095e-35 13.490000000000004
decision_type=2 2 2 2 2 2 2 2 2 2 2 2 10 2 2 2 8 2 2
left_child=1 3 15 8 -3 7 12 -6 11 10 -8 -1 13 -4 -10 17 -11 18 -2
right_child=2 4 6 -5 5 -7 9 -9 14 16 -12 -13 -14 -15 -16 -17 -18 -19 -20
leaf_value=0.85101266905017514 -1.9036275409516834 4.5004102340111372 -1.6323891433647704 2.9355429736050693 4.9674730082920622 6.8954644298553465 -1.217873032639424 5.8269125058100784 1.6656487638300117 -1.308519554705847 -0.45369278362819127 1.4365680098533631 -1.3718282168819791 -1.9361909341812134 1.9868407130241394 -1.9308871905008953 -1.5606643724441529 -2.2378585265232966 -2.0989067193624136
leaf_weight=23 21 26 70 22 35 20 48 26 22 21 21 32 21 20 20 36 20 26 148
leaf_count=23 21 26 70 22 35 20 48 26 22 21 21 32 21 20 20 36 20 26 148
internal_value=0 3.48136 -1.74068 1.73535 5.42319 5.71939 -1.39582 5.33379 1.46314 -1.15162 -0.985296 1.1917 -1.63783 -1.6999 1.8186 -2.07061 -1.43152 -2.0964 -2.07464
internal_weight=0 226 452 119 107 81 221 61 97 110 69 55 111 90 42 231 41 195 169
internal_count=678 226 452 119 107 81 221 61 97 110 69 55 111 90 42 231 41 195 169
is_linear=0
shrinkage=0.05


Tree=37
num_leaves=20
num_cat=0
split_feature=9 10 14 13 10 12 8 12 14 13 8 9 9 8 13 8 3 13 8
split_gain=1.48343e+06 275385 19363.8 14186.5 8050.52 17463.8 4898.59 3513.99 3710.99 2179.03 4345 1639.63 3942.73 704.165 638.018 542.401 186.012 218.098 180.292
threshold=363.69750000000005 618.14450000000011 93.723000000000013 947.53150000000016 889.71600000000012 916.68750000000011 42.520500000000006 487.77000000000004 499.78300000000007 145.94150000000005 139.37150000000003 488.98400000000009 519.43650000000014 137.51700000000002 80.626000000000019 83.699500000000015 1.0000000180025095e-35 26.562500000000004 21.408000000000005
decision_type=2 2 2 10 2 10 2 10 2 8 2 2 2 2 10 2 2 8 2
left_child=2 7 6 4 -3 -6 16 8 -2 13 -11 -9 -13 -4 15 -8 18 -18 -1
right_child=1 3 9 -5 5 -7 14 11 -10 10 -12 12 -14 -15 -16 -17 17 -19 -20
leaf_value=-2.0982305713321856 1.5977946317964986 5.6523762475876582 -1.1603525602491573 6.2326274508521671 3.3279875698543737 5.0461865844726566 -1.5725321148698397 1.4464380253106357 0.7242113327980042 -1.1962109649792696 -0.30414174454552789 2.5010684859752654 1.520143296605065 -1.514512680053711 -1.3373591039668431 -1.86044857388451 -2.0460563549628623 -1.873530157150761 -1.9753435544406668
leaf_weight=46 31 21 32 21 21 50 74 20 20 39 21 20 21 25 22 21 26 62 85
leaf_count=46 31 21 32 21 21 50 74 20 20 39 21 20 21 25 22 21 26 62 85
internal_value=0 3.31854 -1.64828 5.06002 4.79236 4.53799 -1.84118 1.56151 1.25521 -1.0943 -0.883987 1.81759 1.99864 -1.31569 -1.57999 -1.63618 -1.98073 -1.9245 -2.01849
internal_weight=0 225 453 113 92 71 336 112 51 117 60 61 41 57 117 95 219 88 131
internal_count=678 225 453 113 92 71 336 112 51 117 60 61 41 57 117 95 219 88 131
is_linear=0
shrinkage=0.05


Tree=38
num_leaves=19
num_cat=0
split_feature=8 0 8 7 8 7 11 7 3 10 9 5 14 13 5 2 0 9
split_gain=1.33905e+06 248446 17577 13187.3 10418.2 13332.3 4025.8 3874.96 3520.32 3233.12 2134.89 1765.24 728.556 384.605 316.807 219.072 156.919 65.5348
threshold=363.69750000000005 1.0000000180025095e-35 78.733500000000006 0.28571428571428575 894.69850000000008 0.028571428571428577 977.55300000000011 0.3928571428571429 1.0000000180025095e-35 131.51400000000004 57.995500000000007 6.5000000000000009 141.14350000000002 532.78850000000011 1.5000000000000002 47.500000000000007 1.0000000180025095e-35 78.459500000000006
decision_type=2 2 2 2 2 2 2 2 2 2 2 2 2 8 2 2 2 2
left_child=2 3 10 8 -3 6 -6 9 11 14 15 -2 -11 -10 -4 16 -1 -12
right_child=1 4 7 -5 5 -7 -8 -9 13 12 17 -13 -14 -15 -16 -17 -18 -19
leaf_value=-1.933211284213596 1.344776017356802 4.0268780485941811 -1.6192023306181937 2.674927283417095 4.5048400781093498 6.2975163459777832 5.3507368781349882 -0.56228105318125177 1.8253370714187622 -0.87763648589418564 -1.481033621295806 0.77815533216510513 -1.1836608529090882 1.518968271073841 -1.406114429195185 -1.7182403755187989 -1.8460621482194073 -1.5910863518714906
leaf_weight=108 27 26 33 22 39 20 22 23 20 37 31 28 41 21 37 20 99 24
leaf_count=108 27 26 33 22 39 20 22 23 20 37 31 28 41 21 37 20 99 24
internal_value=0 3.15291 -1.56602 1.57077 4.8977 5.17723 4.80992 -1.16605 1.31773 -1.25988 -1.80855 1.05631 -1.0385 1.66842 -1.50657 -1.87626 -1.89153 -1.52906
internal_weight=0 225 453 118 107 81 61 171 96 148 282 55 78 41 70 227 207 55
internal_count=678 225 453 118 107 81 61 171 96 148 282 55 78 41 70 227 207 55
is_linear=0
shrinkage=0.05


Tree=39
num_leaves=20
num_cat=0
split_feature=14 14 7 14 3 5 13 8 14 5 7 11 10 14 13 8 3 13 7
split_gain=1.20908e+06 224937 19063.7 15825.8 10537.3 5356.72 4617.23 4086.84 3748.81 2695.84 2566.98 1646.72 866.133 974.761 574.201 496.926 167.591 192.675 166.174
threshold=450.04725000000002 875.50312500000007 0.24285714285714285 110.07712500000001 1.0000000180025095e-35 6.5000000000000009 442.69200000000006 42.520500000000006 479.88237500000008 1.0000000180025095e-35 0.28571428571428575 977.55300000000011 132.39400000000003 141.14350000000002 81.657000000000011 84.149500000000003 1.0000000180025095e-35 26.562500000000004 0.3928571428571429
decision_type=2 2 2 2 2 2 10 2 2 2 2 2 2 2 10 2 2 8 2
left_child=3 6 4 7 5 -3 8 16 -2 -8 12 -6 -5 -14 15 -9 18 -18 -1
right_child=1 2 -4 10 11 -7 9 14 -10 -11 -12 -13 13 -15 -16 -17 17 -19 -20
leaf_value=-1.849113636279325 1.5297515937909485 4.3169290762681234 5.9958493709564209 -1.3470963944991432 4.5776660346984865 3.2918719635009768 1.4082023255527021 -1.4181115554459394 0.68004935450024073 2.0679488507906596 -0.46407830297946928 5.2192891216278081 -0.78974542463979414 -1.1653707978052972 -1.1803618425130844 -1.696759386062622 -1.8488471342967108 -1.6866879024813253 -1.6984659281643955
leaf_weight=109 25 26 20 24 20 25 32 80 27 30 20 20 31 39 20 20 26 62 22
leaf_count=109 25 26 20 24 20 25 32 80 27 30 20 20 31 39 20 20 26 62 22
internal_value=0 2.996 4.59814 -1.48808 4.29095 3.81445 1.43602 -1.65946 1.08856 1.72743 -0.978451 4.89848 -1.08789 -0.999022 -1.42493 -1.47384 -1.78796 -1.7346 -1.82381
internal_weight=0 225 111 453 91 51 114 339 52 62 114 40 94 70 120 100 219 88 131
internal_count=678 225 111 453 91 51 114 339 52 62 114 40 94 70 120 100 219 88 131
is_linear=0
shrinkage=0.05


Tree=40
num_leaves=20
num_cat=0
split_feature=14 0 8 7 8 7 11 7 3 10 2 9 11 2 5 3 10 12 10
split_gain=1.0912e+06 204082 14388.2 12697.4 9214.15 11255.1 3368.97 3330.8 2867 2625.54 1726.78 1719.03 703.476 373.821 295.937 186.436 216.3 183.648 49.2526
threshold=450.04725000000002 1.0000000180025095e-35 78.733500000000006 0.28571428571428575 894.69850000000008 0.028571428571428577 977.55300000000011 0.3928571428571429 1.0000000180025095e-35 128.51400000000004 19.500000000000004 47.897000000000006 129.13450000000003 21.500000000000004 6.5000000000000009 1.0000000180025095e-35 23.386000000000003 20.034500000000005 80.626000000000019
decision_type=2 2 2 2 2 2 2 2 2 2 2 2 2 2 2 2 2 10 2
left_child=2 3 11 8 -3 6 -6 9 10 14 -2 15 -11 -10 -4 16 -1 -17 -13
right_child=1 4 7 -5 5 -7 -8 -9 13 12 -12 18 -14 -15 -16 17 -18 -19 -20
leaf_value=-1.8049276271108856 0.60292297653529958 3.6085953286060923 -1.4644188993855529 2.5269657288278857 4.0738620171180138 5.7197546768188481 4.8476819731972434 -0.49203049359114276 1.3397653178735214 -1.1844194736169731 1.1708997886627912 -1.3557885925512059 -0.85842394869206329 1.6384410524368285 -1.250193471142224 -1.765831535512751 -1.6769618206024171 -1.5996362111147713 -1.4516598065694175
leaf_weight=59 23 26 38 21 39 20 22 23 22 23 32 37 59 20 28 22 75 68 21
leaf_count=59 23 26 38 21 39 20 22 23 22 23 32 37 59 20 28 22 75 68 21
internal_value=0 2.8462 -1.41367 1.41225 4.42755 4.69043 4.35294 -1.05181 1.17092 -1.1388 0.933382 -1.6331 -0.949862 1.48199 -1.37354 -1.69592 -1.7333 -1.64026 -1.3905
internal_weight=0 225 453 118 107 81 61 171 97 148 55 282 82 42 66 224 134 90 58
internal_count=678 225 453 118 107 81 61 171 97 148 55 282 82 42 66 224 134 90 58
is_linear=0
shrinkage=0.05


Tree=41
num_leaves=22
num_cat=0
split_feature=9 12 7 12 3 13 12 14 14 14 13 8 13 8 13 14 8 2 2 13 9
split_gain=985084 186406 13747.8 12995.2 5770.11 7037.56 4586.91 6117.14 3879.58 3539.62 2554.55 3289.82 1564.72 819.061 547.566 513.144 399.987 208.684 166.733 229.8 228.639
threshold=363.69750000000005 855.84850000000017 0.092857142857142874 66.582500000000024 1.0000000180025095e-35 938.09950000000015 487.77000000000004 521.93312500000013 499.78300000000007 129.12175000000002 187.01750000000001 137.94900000000004 451.18700000000007 136.91500000000002 101.42250000000003 82.527750000000012 42.520500000000006 18.500000000000004 37.500000000000007 28.880500000000001 27.485000000000003
decision_type=2 10 2 10 2 8 8 2 2 2 8 2 10 2 8 2 2 2 2 10 2
left_child=3 6 4 16 5 -3 8 12 -2 14 13 -12 -8 -11 17 -16 18 -5 19 -1 -20
right_child=1 2 -4 9 -6 -7 7 -9 -10 10 11 -13 -14 -15 15 -17 -18 -19 20 -21 -22
leaf_value=-1.6689980362079764 1.4071539216571385 4.2026033401489258 5.3437698960304267 -1.4588753121239799 4.4730051011750191 2.9366031283424014 0.99311110973358163 2.2325531056949073 0.48836839012801647 -0.87311792118208753 -0.97199220242707618 -0.10640897977919805 1.5611702769994737 -1.2522473491471391 -1.0054527474987891 -1.3099145660400391 -1.3934389938007703 -1.2675053037446122 -1.458210209644202 -1.5010899782180787 -1.6586723785400392
leaf_weight=135 27 23 24 28 33 21 22 28 20 28 23 21 27 29 31 25 22 29 33 24 25
leaf_count=135 27 23 24 28 33 21 22 28 20 28 23 21 27 29 31 25 22 29 33 24 25
internal_value=0 2.70427 4.29889 -1.34318 3.97322 3.59838 1.40542 1.64301 1.01618 -1.06017 -0.845078 -0.558873 1.30612 -1.06601 -1.25242 -1.14137 -1.59659 -1.36151 -1.61718 -1.64365 -1.54462
internal_weight=0 225 101 453 77 44 124 77 47 214 101 44 49 57 113 56 239 57 217 159 58
internal_count=678 225 101 453 77 44 124 77 47 214 101 44 49 57 113 56 239 57 217 159 58
is_linear=0
shrinkage=0.05


Tree=42
num_leaves=19
num_cat=0
split_feature=8 0 8 7 13 8 2 7 3 10 5 9 14 5 13 10 10 9
split_gain=889253 168187 11764.4 10084.3 8422.32 6762.11 4218.3 2913.52 2661.97 2237.24 1660.08 1372.68 716.726 362.043 361.192 179.093 524.919 41.9362
threshold=363.69750000000005 1.0000000180025095e-35 78.733500000000006 0.28571428571428575 947.53150000000016 894.69850000000008 13.500000000000002 0.3928571428571429 1.0000000180025095e-35 132.39400000000003 6.5000000000000009 47.897000000000006 141.14350000000002 1.0000000180025095e-35 532.78850000000011 14.080500000000002 20.192500000000006 78.459500000000006
decision_type=2 2 2 2 10 2 2 2 2 2 2 2 2 2 8 2 2 2
left_child=2 3 11 8 5 -3 -7 9 10 13 -2 15 -11 -4 -10 -1 -17 -13
right_child=1 4 7 -5 -6 6 -8 -9 14 12 -12 17 -14 -15 -16 16 -18 -19
leaf_value=-1.4099607485312005 1.098758304560626 3.078048493464788 -1.3499574401161887 2.2331732822412795 4.930140073299409 3.4857097744941714 4.353619736716861 -0.42542234607364826 1.5033629044890404 -0.66879683154470781 0.54927379595381876 -1.2220801151850644 -0.97928545940213096 -1.1262273600697517 1.2064654168628512 -1.6994713414799083 -1.5035070031296973 -1.3084045251210532
leaf_weight=27 27 24 33 22 20 21 42 23 20 34 28 34 41 40 21 44 153 24
leaf_count=27 27 24 33 22 20 21 42 23 20 34 28 34 41 40 21 44 153 24
internal_value=0 2.56936 -1.27617 1.26762 4.00493 3.79224 4.06432 -0.94896 1.04635 -1.03032 0.819021 -1.47459 -0.838531 -1.22737 1.35129 -1.53072 -1.54728 -1.2578
internal_weight=0 225 453 118 107 87 63 171 96 148 55 282 75 73 41 224 197 58
internal_count=678 225 453 118 107 87 63 171 96 148 55 282 75 73 41 224 197 58
is_linear=0
shrinkage=0.05


Tree=43
num_leaves=19
num_cat=0
split_feature=14 12 7 14 3 13 12 14 14 8 13 12 12 8 13 8 4 13
split_gain=802787 153918 12631.3 10649.4 5116.11 6332.88 3831.74 4858.57 3854.98 2749.48 1743.4 3267.61 1549.58 661.647 532.527 501.039 145.402 276.197
threshold=450.04725000000002 855.84850000000017 0.092857142857142874 124.72300000000003 1.0000000180025095e-35 938.09950000000015 487.77000000000004 521.93312500000013 502.22912500000007 42.520500000000006 145.94150000000005 138.54050000000004 517.26400000000012 137.51700000000002 81.657000000000011 84.683500000000024 1.0000000180025095e-35 25.452500000000004
decision_type=2 10 2 2 2 8 8 2 2 2 8 10 8 2 10 2 2 8
left_child=3 6 4 9 5 -3 8 12 -2 16 13 -12 -8 -5 15 -11 17 -1
right_child=1 2 -4 10 -6 -7 7 -9 -10 14 11 -13 -14 -15 -16 -17 -18 -19
leaf_value=-1.5286516580425324 1.2949805290610703 3.7983195926832121 4.8918262362480167 -0.83358823862569098 4.0487140597719131 2.5973740759350008 1.5165047872066499 2.0035663871094584 0.37911158680915835 -1.1539636386603844 -0.91289664016050454 -0.15089876254399617 0.94441826816262875 -1.1884968330462775 -0.93219951618285413 -1.4330791139602663 -1.561184597015381 -1.3995306791261186
leaf_weight=61 27 23 24 29 33 21 20 28 20 82 34 24 29 24 21 20 29 129
leaf_count=61 27 23 24 29 33 21 20 28 20 82 34 24 29 24 21 20 29 129
internal_value=0 2.44126 3.89027 -1.21254 3.5781 3.22514 1.26101 1.47816 0.905249 -1.35066 -0.787009 -0.597587 1.17792 -0.994302 -1.16149 -1.20869 -1.4569 -1.44099
internal_weight=0 225 101 453 77 44 124 77 47 342 111 58 49 53 123 102 219 190
internal_count=678 225 101 453 77 44 124 77 47 342 111 58 49 53 123 102 219 190
is_linear=0
shrinkage=0.05


Tree=44
num_leaves=19
num_cat=0
split_feature=9 12 7 8 3 13 12 14 14 7 14 14 9 9 2 8 4 13
split_gain=724516 138911 11399.8 9651.62 4617.29 5730.9 3458.11 4384.86 3129.56 2635.23 1926.52 1690.59 1476.29 1104.2 176.989 173.921 128.395 63.1803
threshold=363.69750000000005 855.84850000000017 0.092857142857142874 78.733500000000006 1.0000000180025095e-35 928.24300000000005 487.77000000000004 521.93312500000013 499.78300000000007 0.3928571428571429 134.12287500000002 141.14350000000002 494.94850000000002 57.995500000000007 47.500000000000007 129.13450000000003 1.0000000180025095e-35 81.657000000000011
decision_type=2 10 2 2 2 8 8 2 2 2 2 2 2 2 2 2 2 8
left_child=3 6 4 13 5 -3 8 12 -2 10 15 -12 -8 14 16 -5 -1 -15
right_child=1 2 -4 9 -6 -7 7 -9 -10 -11 11 -13 -14 17 -16 -17 -18 -19
leaf_value=-1.378165940689237 1.2111421348872009 3.6345145659013229 4.6472349564234419 -1.0616278491522138 3.8462783437786685 2.4932534044439141 0.85012520414590842 1.9033880795751299 0.38593308866024018 -0.35763090330621472 -0.39258667748907339 -0.91394168784221019 1.3991326496005059 -1.0650007898157294 -1.2383003735542299 -1.2329997241497042 -1.4916202249198125 -1.1743898438684868
leaf_weight=178 27 22 24 57 33 22 25 28 20 23 23 48 24 22 20 20 29 33
leaf_count=178 27 22 24 57 33 22 25 28 20 23 23 48 24 22 20 20 29 33
internal_value=0 2.31919 3.69576 -1.15192 3.3992 3.06388 1.19796 1.40425 0.859989 -0.855538 -0.932915 -0.745052 1.11903 -1.33164 -1.38034 -1.10614 -1.39406 -1.13063
internal_weight=0 225 101 453 77 44 124 77 47 171 148 71 49 282 227 77 207 55
internal_count=678 225 101 453 77 44 124 77 47 171 148 71 49 282 227 77 207 55
is_linear=0
shrinkage=0.05


Tree=45
num_leaves=20
num_cat=0
split_feature=14 0 7 14 13 8 2 12 3 2 13 12 8 9 5 10 3 12 10
split_gain=654155 126752 9478.28 8766.43 7266 5864.18 3715.44 2218.94 2206.42 1766.38 1563.64 2898.94 601.009 517.137 429.156 278.672 193.655 189.683 140.962
threshold=450.04725000000002 1.0000000180025095e-35 0.28571428571428575 124.72300000000003 947.53150000000016 894.69850000000008 13.500000000000002 46.723000000000006 1.0000000180025095e-35 19.500000000000004 145.94150000000005 137.94900000000004 137.51700000000002 74.481500000000011 4.0000000000000009 76.293000000000021 1.0000000180025095e-35 19.204000000000004 23.386000000000003
decision_type=2 2 2 2 10 2 2 10 2 2 8 10 2 2 2 2 2 10 2
left_child=3 2 8 7 5 -3 -7 16 9 -2 12 -12 -5 -9 -10 -15 18 -18 -1
right_child=1 4 -4 10 -6 6 -8 13 14 -11 11 -13 -14 15 -16 -17 17 -19 -20
leaf_value=-1.4044630479812623 0.32251103235327683 2.5873155365387603 2.0367277419726766 -0.75161239941572333 4.309305457770825 2.9627446571985883 3.7772822573071441 -0.8788807828085764 1.2978414702983132 0.89696335718035702 -0.83675104704770176 -0.12295116806030273 -1.0898670668403307 -1.2659133139110748 0.97818558329627625 -1.052845888637137 -1.3852305117107573 -1.2141740728432024 -1.30223724873035
leaf_weight=60 23 24 21 29 20 21 42 35 21 32 33 25 24 21 21 57 21 71 77
leaf_count=60 23 24 21 29 20 21 42 35 21 32 33 25 24 21 21 57 21 71 77
internal_value=0 2.2037 1.07363 -1.09456 3.44995 3.2524 3.50577 -1.21986 0.865125 0.656738 -0.70847 -0.529079 -0.904784 -1.03856 1.13801 -1.11021 -1.30933 -1.25322 -1.34701
internal_weight=0 225 118 453 107 87 63 342 97 55 111 58 53 113 42 78 229 92 137
internal_count=678 225 118 453 107 87 63 342 97 55 111 58 53 113 42 78 229 92 137
is_linear=0
shrinkage=0.05


Tree=46
num_leaves=19
num_cat=0
split_feature=8 12 7 12 3 13 12 9 8 14 8 13 14 13 14 4 11 12
split_gain=590471 114610 10451.7 7909.7 4086.66 5166.64 3115.19 3728.48 3481.76 2991.63 2549.6 2098.74 941.302 432.947 266.775 221.398 261.415 211.101
threshold=363.69750000000005 855.84850000000017 0.092857142857142874 68.07350000000001 1.0000000180025095e-35 938.09950000000015 487.77000000000004 499.23700000000002 521.65400000000011 502.22912500000007 139.75750000000002 101.42250000000003 134.53462500000003 75.663500000000013 31.884250000000005 1.0000000180025095e-35 13.490000000000004 31.539500000000004
decision_type=2 10 2 10 2 8 8 2 2 2 2 10 2 10 2 2 2 8
left_child=3 6 4 14 5 -3 9 -8 -9 -2 11 13 -13 -5 15 16 -1 -16
right_child=1 2 -4 10 -6 -7 7 8 -10 -11 -12 12 -14 -15 17 -17 -18 -19
leaf_value=-1.0764810312361945 1.0935054074440684 3.2623597020688266 4.2551146253943442 -0.9438809448546106 3.4807071176442239 2.1776171003069198 0.85246408793234052 1.0949056659426009 1.9764829138914746 0.29284138917922975 -0.43924929870141521 -0.35087197393178943 -0.80344269099058929 -1.1487221201260887 -1.2528605824425108 -1.4038463696837427 -1.2650723476799168 -1.0447032431076313
leaf_weight=21 28 23 24 91 33 21 31 21 24 20 37 20 27 36 21 24 147 29
leaf_count=21 28 23 24 91 33 21 31 21 24 20 37 20 27 36 21 24 147 29
internal_value=0 2.09369 3.34406 -1.03991 3.0601 2.74464 1.07524 1.27441 1.56508 0.759895 -0.81616 -0.896308 -0.610859 -1.00195 -1.235 -1.26179 -1.2415 -1.13213
internal_weight=0 225 101 453 77 44 124 76 45 48 211 174 47 127 242 192 168 50
internal_count=678 225 101 453 77 44 124 76 45 48 211 174 47 127 242 192 168 50
is_linear=0
shrinkage=0.05


Tree=47
num_leaves=19
num_cat=0
split_feature=14 0 7 11 13 8 2 9 8 11 13 8 8 13 8 2 9 13
split_gain=532992 104315 8240.58 7149.08 6418.27 5187.85 3330.13 2206.92 1881.97 1718.77 1508.6 3201.73 560.702 469.034 450.657 143.287 206.106 202.785
threshold=450.04725000000002 1.0000000180025095e-35 0.28571428571428575 119.88950000000001 947.53150000000016 894.69850000000008 13.500000000000002 521.65400000000011 42.520500000000006 514.55550000000005 145.94150000000005 139.37150000000003 137.51700000000002 81.657000000000011 83.699500000000015 37.500000000000007 27.485000000000003 28.880500000000001
decision_type=2 2 2 2 10 2 2 2 2 2 8 2 2 10 2 2 2 10
left_child=3 2 7 8 5 -3 -7 9 15 -2 12 -12 -5 14 -10 17 -17 -1
right_child=1 4 -4 10 -6 6 -8 -9 13 -11 11 -13 -14 -15 -16 16 -18 -19
leaf_value=-1.2382508221489412 0.7201870710441941 2.3085235092439689 1.8620070633434116 -0.68461880008379616 3.9274190984666348 2.6582939210392182 3.4294401571864173 0.42966902665793899 -0.93250778225752029 1.2419362425804139 -0.73544243783564189 0.049763865470886237 -1.0088588282465936 -0.73625621253793894 -1.1802728454271951 -1.040256403612368 -1.2305842361450197 -1.0832224216461181
leaf_weight=135 38 24 21 30 20 21 42 32 78 27 37 20 24 22 24 33 25 25
leaf_count=135 38 24 21 30 20 21 42 32 78 27 37 20 24 22 24 33 25 25
internal_value=0 1.98918 0.963991 -0.988001 3.11975 2.93408 3.17239 0.769575 -1.10116 0.936914 -0.639345 -0.459931 -0.828725 -0.945643 -0.990805 -1.18962 -1.12229 -1.21403
internal_weight=0 225 118 453 107 87 63 97 342 65 111 57 54 124 102 218 58 160
internal_count=678 225 118 453 107 87 63 97 342 65 111 57 54 124 102 218 58 160
is_linear=0
shrinkage=0.05


Tree=48
num_leaves=19
num_cat=0
split_feature=14 12 7 12 3 13 12 9 8 14 7 10 8 14 10 10 2 12
split_gain=481025 94691.8 9555.29 6507.36 3628.57 4650.03 2438.17 3148.31 3553.85 2811.47 2262.08 2022.34 729.418 212.135 213.841 298.226 199.687 169.999
threshold=450.04725000000002 855.84850000000017 0.092857142857142874 68.07350000000001 1.0000000180025095e-35 938.09950000000015 487.77000000000004 487.52650000000006 521.65400000000011 502.22912500000007 0.3928571428571429 132.39400000000003 139.75750000000002 31.884250000000005 14.080500000000002 20.192500000000006 11.500000000000002 31.539500000000004
decision_type=2 10 2 10 2 8 8 2 2 2 2 2 2 2 2 2 2 8
left_child=3 6 4 13 5 -3 9 -8 -9 -2 11 16 -13 14 -1 -16 -5 -15
right_child=1 2 -4 10 -6 -7 7 8 -10 -11 -12 12 -14 17 15 -17 -18 -19
leaf_value=-1.0089985922530846 1.0130312141444948 2.9486469600511636 3.8973635941743852 -0.8166367154696893 3.1510786352735582 1.9195629619416736 0.63169050487605016 0.97251069118579236 1.7796903901100158 0.23088415741920471 -0.3082750938556813 -0.69310339921712882 -0.34195342929590322 -1.1321612221854074 -1.2705587641398113 -1.1196245519320172 -0.96881234745184575 -0.94536421042064145
leaf_weight=27 27 23 24 29 33 21 22 30 25 20 27 50 21 21 45 120 84 29
leaf_count=27 27 23 24 29 33 21 22 30 25 20 27 50 21 21 45 120 84 29
internal_value=0 1.88972 3.02626 -0.938601 2.75474 2.45749 0.963986 1.1372 1.33941 0.680203 -0.735651 -0.798364 -0.589242 -1.11555 -1.13944 -1.16079 -0.929758 -1.02382
internal_weight=0 225 101 453 77 44 124 77 55 47 211 184 71 242 192 165 113 50
internal_count=678 225 101 453 77 44 124 77 55 47 211 184 71 242 192 165 113 50
is_linear=0
shrinkage=0.05


Tree=49
num_leaves=21
num_cat=0
split_feature=8 0 7 14 8 3 2 13 9 11 8 14 8 9 13 8 13 2 13 12
split_gain=434225 85867.2 6546.85 5906.68 5777.94 6019.26 5564.68 2294.69 2323.23 1793.69 1454.94 1389.51 2358.19 408.706 380.956 473.316 379.656 125.893 217.12 191.538
threshold=363.69750000000005 1.0000000180025095e-35 0.28571428571428575 124.72300000000003 996.98100000000011 1.0000000180025095e-35 26.500000000000004 542.66100000000017 481.99300000000011 500.38850000000008 42.520500000000006 145.19625000000002 139.14100000000002 135.25400000000002 81.657000000000011 84.683500000000024 124.25800000000002 37.500000000000007 28.880500000000001 23.161500000000004
decision_type=2 2 2 2 2 2 2 8 2 2 2 2 2 2 10 2 10 2 10 10
left_child=3 2 7 10 5 6 -3 9 -9 -2 17 12 13 -5 15 -12 -13 18 -1 -19
right_child=1 4 -4 11 -6 -7 -8 8 -10 -11 14 16 -14 -15 -16 -17 -18 19 -20 -21
leaf_value=-1.1201551086372799 0.55509493961220702 1.7502153787612915 1.6432901365851817 -0.45754831528291107 3.5044664998849235 3.1477329325495345 2.8051728959083562 0.78459180051630195 0.057951364869421179 1.1535818845995012 -0.84375662440206944 -0.95193196868612662 0.0050838947296142582 -0.75348707533308446 -0.66309248890195582 -1.1150404477119447 -0.65127568216550924 -1.1169065554936728 -0.96236523664914653 -0.93241953008315148
leaf_weight=135 21 25 22 20 24 33 25 22 22 31 82 21 21 28 21 20 21 24 26 34
leaf_count=135 21 25 22 20 24 33 25 22 22 31 82 21 21 28 21 20 21 24 26 34
internal_value=0 1.79544 0.865308 -0.891774 2.82119 2.62361 2.27769 0.687021 0.421272 0.911885 -0.994632 -0.574858 -0.436838 -0.630179 -0.857023 -0.89695 -0.801604 -1.07192 -1.09467 -1.00876
internal_weight=0 225 118 453 107 83 50 96 44 52 342 111 69 48 123 102 42 219 161 58
internal_count=678 225 118 453 107 83 50 96 44 52 342 111 69 48 123 102 42 219 161 58
is_linear=0
shrinkage=0.05


Tree=50
num_leaves=19
num_cat=0
split_feature=14 12 10 2 14 8 7 12 9 8 14 10 9 9 2 10 10 10
split_gain=392027 78138.8 8840.38 8204.42 6143.07 5352.34 2101.5 1996.4 2723.88 2805.42 2571.56 1248.55 556.893 529.101 331.168 156.465 405.622 47.4053
threshold=450.04725000000002 855.84850000000017 946.54950000000008 21.500000000000004 981.38625000000013 78.733500000000006 0.3928571428571429 487.77000000000004 487.52650000000006 521.65400000000011 502.22912500000007 132.39400000000003 47.897000000000006 134.08400000000003 11.500000000000002 14.080500000000002 20.192500000000006 80.626000000000019
decision_type=2 10 2 2 2 2 2 8 2 2 2 2 2 2 2 2 2 2
left_child=5 7 3 -3 -4 12 11 10 -9 -10 -2 14 15 -13 -7 -1 -17 -14
right_child=1 2 4 -5 -6 6 -8 8 9 -11 -12 13 17 -15 -16 16 -18 -19
leaf_value=-0.90404628780153073 0.92655586567189963 3.9673705873035248 2.7139500800520184 2.6599857130220959 1.5968951392173769 -0.69974245715599803 -0.18199240435724673 0.55157158997925848 0.88387570818265271 1.601041750907898 0.17852373950183392 -0.71970893501721589 -0.80903137728974639 -0.44700460433959965 -0.92213503274511788 -1.1661817225542934 -0.993918772715637 -0.90308743147622972
leaf_weight=27 27 21 32 28 20 26 23 22 30 25 20 29 37 46 47 44 153 21
leaf_count=27 27 21 32 28 20 26 23 22 30 25 20 29 37 46 47 44 153 21
internal_value=0 1.70597 2.7384 3.22029 2.28431 -0.847336 -0.626627 0.865035 1.02178 1.20986 0.608244 -0.695726 -0.98117 -0.55245 -0.842927 -1.01692 -1.03239 -0.843086
internal_weight=0 225 101 49 52 453 171 124 77 55 47 148 282 75 73 224 197 58
internal_count=678 225 101 49 52 453 171 124 77 55 47 148 282 75 73 224 197 58
is_linear=0
shrinkage=0.05


Tree=51
num_leaves=20
num_cat=0
split_feature=9 12 7 11 5 12 9 8 10 13 12 9 8 8 9 12 3 13 9
split_gain=353812 70517.7 8817.84 4873.48 3411.75 1800.98 2458.3 2531.89 2352.24 1378.02 2862.92 1374.25 1206.09 577.312 391.027 274.984 133.776 158.042 133.687
threshold=363.69750000000005 855.84850000000017 0.092857142857142874 119.88950000000001 5.5000000000000009 487.77000000000004 487.52650000000006 521.65400000000011 475.36000000000007 145.94150000000005 138.54050000000004 977.09250000000009 42.520500000000006 137.51700000000002 74.481500000000011 81.657000000000011 1.0000000180025095e-35 26.562500000000004 38.475500000000004
decision_type=2 10 2 2 2 8 2 2 2 8 10 2 2 2 2 8 2 8 2
left_child=3 5 4 12 11 8 -7 -8 -2 13 -11 -3 16 -5 -14 -16 18 -18 -1
right_child=1 2 -4 9 -6 6 7 -9 -10 10 -12 -13 14 -15 15 -17 17 -19 -20
leaf_value=-0.97982924829829821 0.97150148621627275 2.9350251379467194 3.4382989694674815 -0.5518842293818792 1.9854724672105577 0.52399302097884093 0.83968190461397174 1.5209896645545962 0.26001989345711013 -0.62657789451735368 0.10131406364115803 2.3559020709991456 -0.64282862681608943 -0.8808917513738076 -0.91884131855434836 -0.73866520488634713 -1.025090294617873 -0.8782263779832471 -1.1203609323501587
leaf_weight=110 21 21 24 30 36 22 30 25 26 35 22 20 39 24 45 40 26 62 20
leaf_count=110 21 21 24 30 36 22 30 25 26 35 22 20 39 24 45 40 26 62 20
internal_value=0 1.62069 2.60148 -0.804978 2.34066 0.821815 0.970689 1.14937 0.577916 -0.51711 -0.345637 2.65253 -0.898408 -0.69811 -0.77391 -0.834053 -0.969224 -0.921618 -1.00145
internal_weight=0 225 101 453 77 124 77 55 47 111 57 41 342 54 124 85 218 88 130
internal_count=678 225 101 453 77 124 77 55 47 111 57 41 342 54 124 85 218 88 130
is_linear=0
shrinkage=0.05


Tree=52
num_leaves=18
num_cat=0
split_feature=8 0 7 8 7 12 9 12 7 14 14 11 8 2 2 9 10
split_gain=319373 64091 5530.18 5528.98 6635.36 4428.09 2273.29 2058.38 1813.02 1476.62 1470.41 1424.62 252.571 171.101 142.499 184.231 153.204
threshold=363.69750000000005 1.0000000180025095e-35 0.28571428571428575 894.69850000000008 0.028571428571428577 68.07350000000001 521.65400000000011 946.54950000000008 0.3928571428571429 134.12287500000002 141.14350000000002 514.55550000000005 129.13450000000003 47.500000000000007 7.5000000000000009 32.601000000000006 29.520500000000002
decision_type=2 2 2 2 2 10 2 8 2 2 2 2 2 2 2 2 2
left_child=5 2 6 -3 7 13 11 -5 9 12 -11 -2 -7 14 15 -1 -16
right_child=1 3 -4 4 -6 8 -8 -9 -10 10 -12 -13 -14 -15 16 -17 -18
leaf_value=-0.94820845484733585 0.54307151009377674 1.791591710310716 1.4512421862645584 2.7190247764587401 3.4199455571174626 -0.72735460486608683 0.220033900031159 2.1284483353296917 -0.21477173103226557 -0.11967587343284064 -0.62461424916982655 1.018081365029017 -0.92249799832701695 -0.77437991187686017 -0.90904006374697399 -0.73616793723333451 -1.005751507244413
leaf_weight=20 38 26 22 25 20 97 31 36 27 21 46 27 20 21 117 21 63
leaf_count=20 38 26 22 25 20 97 31 36 27 21 46 27 20 21 117 21 63
internal_value=0 1.53979 0.736214 2.42598 2.62961 -0.764798 0.572354 2.37049 -0.597382 -0.653526 -0.46635 0.740383 -0.760712 -0.910767 -0.923727 -0.839602 -0.942889
internal_weight=0 225 118 107 81 453 96 61 211 184 67 65 117 242 221 41 180
internal_count=678 225 118 107 81 453 96 61 211 184 67 65 117 242 221 41 180
is_linear=0
shrinkage=0.05


Tree=53
num_leaves=20
num_cat=0
split_feature=14 12 10 2 14 9 2 13 2 12 13 12 2 12 11 13 3 12 7
split_gain=288368 58394 8040.14 7547.49 5602.2 4043.06 1817.94 2123.74 1626.68 1457.19 3194.05 1367.21 1292.42 1083.39 499.246 452.831 161.581 169.653 142.56
threshold=450.04725000000002 855.84850000000017 946.54950000000008 21.500000000000004 981.38625000000013 125.52350000000003 8.5000000000000018 442.69200000000006 25.500000000000004 137.94900000000004 151.83000000000001 517.26400000000012 26.500000000000004 46.723000000000006 72.442000000000021 109.03850000000001 1.0000000180025095e-35 19.204000000000004 0.3928571428571429
decision_type=2 10 2 2 2 2 2 10 2 10 8 10 2 10 2 8 2 10 2
left_child=5 6 3 -3 -4 13 -2 8 -8 12 -11 -9 -7 16 -15 -16 18 -18 -1
right_child=1 2 4 -5 -6 9 7 11 -10 10 -12 -13 -14 14 15 -17 17 -19 -20
leaf_value=-0.92707108559815787 0.36449481930870276 3.5317592904681252 2.3328902393579485 2.2778080991336278 1.2661446356773378 -0.83229603131612151 0.28713644377209924 1.3647248317572205 0.85729564348685339 -0.65808897927403454 0.23550668895244598 0.82427549099922182 -0.36419573762807356 -0.47111647833477371 -0.83937049131183061 -0.62968425240654213 -0.94393902279081809 -0.78216613849074079 -0.78814976865595043
leaf_weight=115 26 21 32 28 20 30 22 22 29 20 20 25 29 22 51 52 21 71 22
leaf_count=115 26 21 32 28 20 30 22 22 29 20 20 25 29 22 51 52 21 71 22
internal_value=0 1.46314 2.35565 2.81522 1.9226 -0.726727 0.73618 0.83479 0.611345 -0.444265 -0.211291 1.07725 -0.602213 -0.80572 -0.687328 -0.733509 -0.870345 -0.819093 -0.904763
internal_weight=0 225 101 49 52 453 124 98 51 99 40 47 59 354 125 103 229 92 137
internal_count=678 225 101 49 52 453 124 98 51 99 40 47 59 354 125 103 229 92 137
is_linear=0
shrinkage=0.05


Tree=54
num_leaves=17
num_cat=0
split_feature=14 0 13 7 8 11 2 9 13 13 12 11 14 8 2 4
split_gain=260252 53110.3 5480.68 5296.08 4248.71 3739.05 2737.02 2135.11 1756.22 1427.1 1411.41 1239.61 518.351 516.198 257.149 204.628
threshold=450.04725000000002 1.0000000180025095e-35 947.53150000000016 0.28571428571428575 894.69850000000008 129.13450000000003 25.500000000000004 521.65400000000011 187.01750000000001 85.544000000000011 137.22900000000001 514.55550000000005 31.884250000000005 137.22900000000001 41.500000000000007 1.0000000180025095e-35
decision_type=2 2 10 2 2 2 2 2 8 10 10 2 2 2 2 2
left_child=5 3 4 7 -3 9 -6 11 13 12 -10 -2 15 -7 -14 -1
right_child=1 2 -4 -5 6 8 -8 -9 10 -11 -12 -13 14 -15 -16 -17
leaf_value=-0.82138205846505508 0.48315883690589356 1.4590080718199412 2.9430407309532165 1.3783957160654523 1.9059473488600025 -0.43879679322242737 2.5651573881506922 0.16828964063897731 -0.45196492999792098 -0.36183649471827917 0.14204981088638308 0.92625323081458066 -0.75160933254111528 -0.76010584902763378 -0.59357263919982051 -0.97746065557003026
leaf_weight=168 38 24 20 21 31 25 32 32 20 21 20 27 117 25 33 24
leaf_count=168 38 24 20 21 31 25 32 32 20 21 20 27 117 25 33 24
internal_value=0 1.38999 2.1967 0.658478 2.02512 -0.69039 2.24078 0.50262 -0.401899 -0.761917 -0.154958 0.667213 -0.786484 -0.599451 -0.716841 -0.840892
internal_weight=0 225 107 118 87 453 63 97 90 363 40 65 342 50 150 192
internal_count=678 225 107 118 87 453 63 97 90 363 40 65 342 50 150 192
is_linear=0
shrinkage=0.05


Tree=55
num_leaves=18
num_cat=0
split_feature=9 12 7 11 3 13 2 13 13 2 12 13 8 14 8 2 10
split_gain=234903 48214.4 7838.13 3370.96 2888.03 4163.73 1692.75 1916.02 1581.96 1442.17 1298.46 1287.96 1272.53 468.589 465.868 268.798 174.705
threshold=363.69750000000005 855.84850000000017 0.092857142857142874 129.13450000000003 1.0000000180025095e-35 938.09950000000015 8.5000000000000018 442.69200000000006 187.01750000000001 25.500000000000004 517.26400000000012 85.544000000000011 137.51700000000002 32.378750000000011 137.22900000000001 41.500000000000007 14.080500000000002
decision_type=2 10 2 2 2 8 2 10 8 2 10 10 2 2 2 2 2
left_child=3 6 4 11 5 -3 -2 9 14 -8 -9 13 -10 16 -5 -15 -1
right_child=1 2 -4 8 -6 -7 7 10 12 -11 -12 -13 -14 15 -16 -17 -18
leaf_value=-0.67992156103805268 0.30133186997129369 2.085214602428934 2.9205123762289684 -0.41685695242881771 2.2392281431140324 1.1114275035404024 0.23764122379097075 1.2655974921855062 -0.42962931871414184 0.77449174153393718 0.73891118705272685 -0.34374467985970636 0.13440305061638355 -0.71470386761899007 -0.72210054945945745 -0.54896204740770405 -0.81694764899356032
leaf_weight=27 26 23 24 25 33 21 22 22 20 29 25 21 20 116 25 31 168
leaf_count=27 26 23 24 25 33 21 22 22 20 29 25 21 20 116 25 31 168
internal_value=0 1.32056 2.13155 -0.655907 1.88564 1.62045 0.659991 0.755146 -0.381983 0.542909 0.985445 -0.723821 -0.147613 -0.74716 -0.569479 -0.679752 -0.797975
internal_weight=0 225 101 453 77 44 124 98 90 51 47 363 40 342 50 147 195
internal_count=678 225 101 453 77 44 124 98 90 51 47 363 40 342 50 147 195
is_linear=0
shrinkage=0.05


Tree=56
num_leaves=17
num_cat=0
split_feature=9 0 13 7 8 11 12 9 13 12 11 13 2 14 2 4
split_gain=212000 44304 4836.8 4232.77 3735.99 3042.29 2641.03 2073.44 1427.72 1270.16 1179.36 1162.38 459.022 423.206 209.414 184.373
threshold=363.69750000000005 1.0000000180025095e-35 947.53150000000016 0.28571428571428575 894.69850000000008 129.13450000000003 961.21150000000011 521.65400000000011 187.01750000000001 137.22900000000001 514.55550000000005 85.544000000000011 25.500000000000004 31.884250000000005 41.500000000000007 1.0000000180025095e-35
decision_type=2 2 10 2 2 2 10 2 8 10 2 10 2 2 2 2
left_child=5 3 4 7 -3 11 -6 10 12 -10 -2 13 -7 15 -15 -1
right_child=1 2 -4 -5 6 8 -8 -9 9 -11 -12 -13 -14 14 -16 -17
leaf_value=-0.74044433248816954 0.42982962387368873 1.2992918734749159 2.6924652910232547 1.2119708971543748 2.3127412941720751 -0.66992243528366091 1.6585659035929927 0.11443870905786753 -0.42198602614924313 0.14152106821537019 0.86685290749256427 -0.32655744439079648 -0.36297572255134586 -0.6782499757842122 -0.53563382354649636 -0.88859665294488277
leaf_weight=168 38 24 20 22 36 29 27 32 20 20 26 21 21 117 33 24
leaf_count=168 38 24 20 22 36 29 27 32 20 20 26 21 21 117 33 24
internal_value=0 1.25453 1.99133 0.586416 1.83015 -0.623111 2.03238 0.44306 -0.362884 -0.140232 0.60737 -0.68763 -0.541005 -0.709802 -0.646874 -0.758963
internal_weight=0 225 107 118 87 453 63 96 90 40 64 363 50 342 150 192
internal_count=678 225 107 118 87 453 63 96 90 40 64 363 50 342 150 192
is_linear=0
shrinkage=0.05


Tree=57
num_leaves=15
num_cat=0
split_feature=9 12 1 9 7 12 12 12 7 8 10 5 2 2
split_gain=191887 32674.5 7858.31 7852.12 14961.6 3735.72 2657.37 2549.25 1557.49 1450.82 985.226 708.552 151.301 107.795
threshold=467.51450000000006 855.84850000000017 1.0000000180025095e-35 1006.3405000000001 0.092857142857142874 981.79950000000019 68.07350000000001 487.77000000000004 0.3928571428571429 499.7050000000001 132.39400000000003 1.0000000180025095e-35 47.500000000000007 7.5000000000000009
decision_type=2 10 2 2 2 10 10 8 2 2 2 2 2 2
left_child=2 7 -1 4 5 -3 12 -2 10 -9 -8 -11 13 -4
right_child=1 3 6 -5 -6 -7 8 9 -10 11 -12 -13 -14 -15
leaf_value=0.31689792561531066 0.31109676016228538 1.4822532825171948 -0.64571295896681347 1.0696583603109633 3.3403430199623112 2.3191805028915407 -0.60722820800358224 0.54157639592885976 -0.10911367977107014 0.81668748438358318 -0.36851563762873413 1.2375651356577873 -0.57843952434403556 -0.73554617076491313
leaf_weight=25 35 40 41 21 20 20 113 25 27 20 70 20 21 180
leaf_count=25 35 40 41 21 20 20 113 25 27 20 70 20 21 180
internal_value=0 1.2958 -0.54603 1.93013 2.15601 1.76123 -0.593758 0.655128 -0.463614 0.840376 -0.515917 1.02713 -0.706693 -0.71888
internal_weight=0 201 477 101 80 60 452 100 210 65 183 40 242 221
internal_count=678 201 477 101 80 60 452 100 210 65 183 40 242 221
is_linear=0
shrinkage=0.05


Tree=58
num_leaves=17
num_cat=0
split_feature=9 0 8 7 8 3 2 13 3 5 13 3 14 14 8 4
split_gain=173178 29803.6 7129.62 5893.25 4508.07 4686.1 4643.75 4495.62 2422.06 2363.89 2106.91 1673.34 784.559 418.243 264.876 158.367
threshold=467.51450000000006 1.0000000180025095e-35 139.75750000000002 0.17857142857142858 996.98100000000011 1.0000000180025095e-35 26.500000000000004 187.01750000000001 1.0000000180025095e-35 6.5000000000000009 101.42250000000003 1.0000000180025095e-35 134.53462500000003 32.378750000000011 129.13450000000003 1.0000000180025095e-35
decision_type=2 2 2 2 2 2 2 8 2 2 10 2 2 2 2 2
left_child=2 3 10 8 5 6 -3 -4 9 -2 13 -9 -12 15 -15 -1
right_child=1 4 7 -5 -6 -7 -8 11 -10 -11 12 -13 -14 14 -16 -17
leaf_value=-0.66695760570510609 0.48960122935797862 0.84007972145080567 -0.62051760242098863 1.3429558005928994 2.4052144025762878 2.0896052736224551 1.8037962486743926 0.59106765247526627 0.7220401863257091 -0.2441289556966651 -0.041585916280746461 -0.040132195892788117 -0.45476173181086782 -0.55390515728294853 -0.73968504301526339 -0.79951045604852533
leaf_weight=169 23 25 21 20 24 33 25 21 30 21 20 21 27 150 22 26
leaf_count=169 23 25 21 20 24 33 25 21 30 21 20 21 27 150 22 26
internal_value=0 1.23101 -0.518728 0.58143 1.80167 1.62716 1.32194 -0.023194 0.375613 0.139412 -0.594136 0.275468 -0.278942 -0.634501 -0.577668 -0.684631
internal_weight=0 201 477 94 107 83 50 63 74 44 414 42 47 367 172 195
internal_count=678 201 477 94 107 83 50 63 74 44 414 42 47 367 172 195
is_linear=0
shrinkage=0.05


Tree=59
num_leaves=15
num_cat=0
split_feature=12 0 1 10 13 7 8 13 11 11 13 11 14 8
split_gain=156506 26396.6 7481.76 4016.59 8122.98 3392.2 3149.3 2487.3 2221.96 1291.23 885.637 661.752 638.467 296.109
threshold=462.05850000000004 1.0000000180025095e-35 1.0000000180025095e-35 946.54950000000008 842.96900000000016 0.17857142857142858 961.21150000000011 542.66100000000017 129.13450000000003 137.92500000000004 85.544000000000011 145.60300000000004 515.48812500000008 42.520500000000006
decision_type=10 2 2 2 10 2 2 8 2 2 10 2 2 2
left_child=2 5 -1 4 -3 7 -5 12 10 -10 13 -11 -2 -4
right_child=1 3 8 6 -6 -7 -8 -9 9 11 -12 -13 -14 -15
leaf_value=0.29235674492244063 0.45648681961971782 1.519087161175136 -0.64544551748303924 1.787298558498251 2.8103184850442982 1.1589357745647431 1.0129966836422681 0.042565044512351352 -0.096585759367698282 -0.64831169225551477 -0.27583209105900358 -0.28334185390368755 0.82514041264851901 -0.54866903332933303
leaf_weight=29 23 29 218 29 21 20 24 27 39 27 21 23 24 124
leaf_count=29 23 29 218 29 21 20 24 27 39 27 21 23 24 124
internal_value=0 1.18703 -0.486163 1.73994 2.0614 0.581176 1.43667 0.425025 -0.536112 -0.312226 -0.591004 -0.480426 0.644735 -0.610357
internal_weight=0 197 481 103 50 94 53 74 452 89 363 50 47 342
internal_count=678 197 481 103 50 94 53 74 452 89 363 50 47 342
is_linear=0
shrinkage=0.05


Tree=60
num_leaves=14
num_cat=0
split_feature=12 0 1 8 3 2 7 13 7 10 14 14 13
split_gain=141247 23823 6752.29 3785.24 5564.4 4256.93 3061.46 2244.79 2031.64 1256.5 576.216 539.434 298.053
threshold=462.05850000000004 1.0000000180025095e-35 1.0000000180025095e-35 988.93350000000009 1.0000000180025095e-35 26.500000000000004 0.17857142857142858 542.66100000000017 0.53571428571428581 128.51400000000004 515.48812500000008 147.96825000000004 25.452500000000004
decision_type=10 2 2 2 2 2 2 8 2 2 2 2 8
left_child=2 6 -1 4 5 -3 7 10 9 12 -2 -11 -4
right_child=1 3 8 -5 -6 -7 -8 -9 -10 11 -12 -13 -14
leaf_value=0.27773891296879999 0.43366247700608301 0.56051060765981675 -0.67495632720972187 2.1257664116223656 1.981258184115092 1.5579198280106421 1.1009889882802963 0.040436785061050348 -0.096802622931344173 -0.27932706038499705 0.78388340572516135 -0.54048658599456156 -0.55709454029223793
leaf_weight=29 23 20 67 30 30 23 20 27 28 58 24 30 269
leaf_count=29 23 20 67 30 30 23 20 27 28 58 24 30 269
internal_value=0 1.12768 -0.461855 1.65294 1.45863 1.09401 0.552117 0.403773 -0.509307 -0.536547 0.612499 -0.368359 -0.580597
internal_weight=0 197 481 103 73 43 94 74 452 424 47 88 336
internal_count=678 197 481 103 73 43 94 74 452 424 47 88 336
is_linear=0
shrinkage=0.05


Tree=61
num_leaves=16
num_cat=0
split_feature=9 8 7 8 9 13 12 2 13 3 9 14 14 8 10
split_gain=127657 22233.8 9558.88 5342.04 3779.17 3594.4 2579.54 3777.49 1654.91 1609.94 1383.67 679.07 317.716 272.32 165.786
threshold=467.51450000000006 872.85950000000014 0.17857142857142858 139.75750000000002 977.09250000000009 187.01750000000001 487.77000000000004 19.500000000000004 101.42250000000003 1.0000000180025095e-35 918.70650000000012 134.53462500000003 31.884250000000005 129.13450000000003 14.080500000000002
decision_type=2 2 2 2 2 8 10 2 10 2 2 2 2 2 2
left_child=3 6 4 8 10 -5 -2 -8 12 -7 -3 -10 14 -14 -1
right_child=1 2 -4 5 -6 9 7 -9 11 -11 -12 -13 13 -15 -16
leaf_value=-0.47597199921254757 0.21251742628059889 1.371532969854095 2.5671523204445843 -0.55053506777400063 0.9557413537161692 0.56018938564118892 1.1969782998928657 0.41484096326228043 -0.010470469594001771 -0.058939099861752421 1.9323092555457895 -0.39486682790297051 -0.47403315374372057 -0.66216896122152158 -0.60962272704550724
leaf_weight=27 38 22 20 21 35 21 26 38 20 21 22 27 153 22 165
leaf_count=27 38 22 20 21 35 21 26 38 20 21 22 27 153 22 165
internal_value=0 1.05691 1.59069 -0.445366 1.34349 -0.0164283 0.538834 0.732584 -0.510639 0.250625 1.65192 -0.231294 -0.546414 -0.497685 -0.590828
internal_weight=0 201 99 477 79 63 102 64 414 42 44 47 367 175 192
internal_count=678 201 99 477 79 63 102 64 414 42 44 47 367 175 192
is_linear=0
shrinkage=0.05


Tree=62
num_leaves=16
num_cat=0
split_feature=9 12 11 11 8 13 2 13 3 12 8 14 10 12 2
split_gain=115211 20398.2 7319.49 5680.69 4821.19 3243.95 2175.84 1493.56 1452.97 1169.68 1863.43 612.86 297.478 280.927 143.047
threshold=467.51450000000006 855.84850000000017 899.92400000000009 977.55300000000011 139.75750000000002 187.01750000000001 8.5000000000000018 101.42250000000003 1.0000000180025095e-35 483.81500000000005 521.65400000000011 134.53462500000003 74.247000000000014 136.83750000000001 47.500000000000007
decision_type=2 10 2 2 2 8 2 10 2 10 2 2 2 8 2
left_child=4 6 -3 -4 7 -6 -2 12 -7 -8 -11 -9 14 -14 -1
right_child=1 2 3 -5 5 8 9 11 -10 10 -12 -13 13 -15 -16
leaf_value=-0.56221353970797716 0.071118531797243201 2.2474040043354035 0.82885888814926156 1.6934164144490893 -0.52300831022716709 0.53217992669060121 0.33573453426361088 -0.0099469447135925298 -0.055992131556073826 0.525660063642444 1.1372949568927289 -0.37512348515016064 -0.4160064883177218 -0.61428979821503171 -0.43382676678399251
leaf_weight=226 23 25 38 38 21 21 24 20 21 33 20 27 95 22 24
leaf_count=226 23 25 38 38 21 21 24 20 21 33 20 27 95 22 24
internal_value=0 1.00407 1.50526 1.26114 -0.423098 -0.0156068 0.49786 -0.485107 0.238094 0.625329 0.756466 -0.219729 -0.519093 -0.453291 -0.549888
internal_weight=0 201 101 76 477 63 100 414 42 77 53 47 367 117 250
internal_count=678 201 101 76 477 63 100 414 42 77 53 47 367 117 250
is_linear=0
shrinkage=0.05


Tree=63
num_leaves=12
num_cat=0
split_feature=12 7 0 9 3 13 13 7 6 14 9
split_gain=104011 18192 15144.9 5014.8 4063.88 2870.85 2386.69 1742.7 997.6 1359.99 635.25
threshold=462.05850000000004 0.3928571428571429 1.0000000180025095e-35 221.66800000000003 1.0000000180025095e-35 542.66100000000017 938.09950000000015 0.53571428571428581 5.5000000000000009 134.12287500000002 514.55550000000005
decision_type=10 2 2 2 2 8 8 2 2 2 2
left_child=3 2 5 7 6 10 -4 8 -1 -10 -2
right_child=1 -3 4 -5 -6 -7 -8 -9 9 -11 -12
leaf_value=-0.80870659609325246 0.69310262823104862 2.1999062038671511 1.2898963423875662 0.21877742159751154 1.6251819441447388 -0.098099935496406221 0.62462424694427421 -0.056711230639900481 -0.48876280635986868 -0.24486691372981972 0.33296806253492833
leaf_weight=20 25 26 26 31 37 31 28 28 333 69 24
leaf_count=20 25 26 26 31 37 31 28 28 333 69 24
internal_value=0 0.967684 0.780329 -0.396328 1.22152 0.278471 0.94494 -0.438702 -0.464047 -0.4469 0.51671
internal_weight=0 197 171 481 91 80 54 450 422 402 49
internal_count=678 197 171 481 91 80 54 450 422 402 49
is_linear=0
shrinkage=0.05


Tree=64
num_leaves=17
num_cat=0
split_feature=9 9 7 8 9 13 12 2 3 13 3 2 14 11 2 4
split_gain=94092 17122.2 9196.07 3953.07 3798.68 2723.15 2199.02 2738.03 1322 1264.14 1126.73 857.226 578.46 267.343 325.246 254.889
threshold=467.51450000000006 872.85950000000014 0.17857142857142858 139.75750000000002 977.09250000000009 187.01750000000001 487.77000000000004 17.500000000000004 1.0000000180025095e-35 101.42250000000003 1.0000000180025095e-35 35.500000000000007 134.53462500000003 31.143500000000003 41.500000000000007 1.0000000180025095e-35
decision_type=2 2 2 2 2 8 10 2 2 10 2 2 2 2 2 2
left_child=3 6 4 9 10 -5 -2 -8 -7 13 -3 -9 -11 15 -15 -1
right_child=1 2 -4 5 -6 8 7 11 -10 12 -12 -13 -14 14 -16 -17
leaf_value=-0.49457085755445979 0.14503686921419323 1.211839128082449 2.3335553890466691 -0.47826430293775746 0.76393756093205634 0.4995895489340737 1.0520527236357642 0.14534944042563439 -0.061447427953992578 0.0094485476613044746 1.7303751063905659 0.60273770207450506 -0.34533100812523454 -0.46531522208196252 -0.31346779130399227 -0.68547782361507414
leaf_weight=139 37 22 20 21 37 21 24 20 21 20 20 21 27 163 45 20
leaf_count=139 37 22 20 21 37 21 24 20 21 20 20 21 27 163 45 20
internal_value=0 0.907387 1.37581 -0.382358 1.13334 -0.0133741 0.452746 0.627904 0.219071 -0.438508 1.45876 0.379621 -0.194361 -0.469775 -0.432464 -0.518584
internal_weight=0 201 99 477 79 63 102 65 42 414 42 41 47 367 208 159
internal_count=678 201 99 477 79 63 102 65 42 414 42 41 47 367 208 159
is_linear=0
shrinkage=0.05


Tree=65
num_leaves=16
num_cat=0
split_feature=9 7 0 8 3 9 13 13 3 3 13 9 10 12 2
split_gain=84918.1 16147.4 13057.4 3567.64 3256.48 2722.21 2457.64 2079.12 1325.15 1193.11 1140.89 561.008 248.446 260.076 132.087
threshold=467.51450000000006 0.3928571428571429 1.0000000180025095e-35 139.75750000000002 1.0000000180025095e-35 521.65400000000011 187.01750000000001 938.09950000000015 1.0000000180025095e-35 1.0000000180025095e-35 101.42250000000003 134.88600000000005 74.247000000000014 136.83750000000001 47.500000000000007
decision_type=2 2 2 2 2 2 8 8 2 2 10 2 2 8 2
left_child=3 2 5 10 7 8 -5 -4 -2 -8 12 -12 14 -14 -1
right_child=1 -3 4 6 -6 -7 9 -9 -10 -11 11 -13 13 -15 -16
leaf_value=-0.48627288825645121 0.24474779702378094 2.0510951814651488 1.1737437456846238 -0.45435109266213014 1.4415715376536051 -0.11408545260920244 0.47461007429020746 0.56286240403850873 0.78172307670116425 -0.058375066234951922 0.016068656742572785 -0.33331818867612772 -0.35027693676321131 -0.54106009353629569 -0.36290278186400737
leaf_weight=226 27 25 26 21 39 34 21 30 20 21 20 27 95 22 24
leaf_count=226 27 25 26 21 39 34 21 30 20 21 20 27 95 22 24
internal_value=0 0.862018 0.693115 -0.36324 1.09078 0.226713 -0.0127054 0.846486 0.473248 0.208118 -0.416583 -0.184643 -0.446286 -0.386151 -0.474429
internal_weight=0 201 176 477 95 81 63 56 47 42 414 47 367 117 250
internal_count=678 201 176 477 95 81 63 56 47 42 414 47 367 117 250
is_linear=0
shrinkage=0.05


Tree=66
num_leaves=15
num_cat=0
split_feature=12 7 0 8 3 13 13 13 13 10 10 11 2 14
split_gain=76979.3 14602.3 11384.1 3569.41 3199.8 2636.01 2442.36 1969.09 1029.65 543.559 516.917 230.507 275.674 222.545
threshold=462.05850000000004 0.3928571428571429 1.0000000180025095e-35 139.75750000000002 1.0000000180025095e-35 462.05850000000004 542.66100000000017 938.09950000000015 101.42250000000003 521.65400000000011 136.91500000000002 29.520500000000002 41.500000000000007 19.733500000000003
decision_type=10 2 2 2 2 8 8 8 10 2 2 2 2 2
left_child=3 2 6 8 7 -5 9 -4 11 -2 -10 13 -13 -1
right_child=1 -3 4 5 -6 -7 -8 -9 10 -11 -12 12 -14 -15
leaf_value=-0.37182884961366658 0.58756865591838447 1.9364694978182133 1.115056557380236 -0.37251567648989814 1.4053363710239128 0.26335600033784523 -0.11780320574198999 0.51078298240900044 -0.026387428434995502 0.24874213367700576 -0.35991590619087221 -0.42075366678007076 -0.2841987386900694 -0.51006301595507375
leaf_weight=40 29 26 26 28 37 39 31 28 26 20 21 173 47 107
leaf_count=40 29 26 26 28 37 39 31 28 26 20 21 173 47 107
internal_value=0 0.832495 0.664639 -0.340959 1.04715 -0.00238142 0.22953 0.80173 -0.395753 0.449272 -0.175411 -0.423972 -0.391581 -0.472448
internal_weight=0 197 171 481 91 67 80 54 414 49 47 367 220 147
internal_count=678 197 171 481 91 67 80 54 414 49 47 367 220 147
is_linear=0
shrinkage=0.05


Tree=67
num_leaves=15
num_cat=0
split_feature=12 7 0 8 3 13 8 2 13 2 9 10 12 7
split_gain=69473.8 13178.6 10274.2 3221.4 2887.82 2379 2358.41 1957.89 929.258 783.382 506.592 212.578 230.457 116.407
threshold=462.05850000000004 0.3928571428571429 1.0000000180025095e-35 139.75750000000002 1.0000000180025095e-35 462.05850000000004 532.58950000000016 26.500000000000004 101.42250000000003 20.500000000000004 134.88600000000005 74.247000000000014 136.83750000000001 0.17857142857142858
decision_type=10 2 2 2 2 8 2 2 10 2 2 2 8 2
left_child=3 2 6 8 7 -5 9 -4 11 -2 -10 13 -13 -1
right_child=1 -3 4 5 -6 -7 -8 -9 10 -11 -12 12 -14 -15
leaf_value=-0.44650264416967861 0.6079567547725595 1.8396460423102745 0.44920774858731494 -0.35388989767857959 1.335069574536504 0.25018819016523852 -0.23698797197568988 1.0517615752560754 0.024088985621929168 0.23439040411677628 -0.30792116169576295 -0.31337843987698621 -0.49296940941024908 -0.36302718656524174
leaf_weight=197 23 26 26 28 37 39 21 28 20 36 27 95 22 53
leaf_count=197 23 26 26 28 37 39 21 28 20 36 27 95 22 53
internal_value=0 0.79087 0.631407 -0.323911 0.994795 -0.00226235 0.218054 0.761643 -0.375966 0.380018 -0.16664 -0.402773 -0.347148 -0.428806
internal_weight=0 197 171 481 91 67 80 54 414 59 47 367 117 250
internal_count=678 197 171 481 91 67 80 54 414 59 47 367 117 250
is_linear=0
shrinkage=0.05


Tree=68
num_leaves=15
num_cat=0
split_feature=9 8 11 8 12 13 7 12 3 13 2 10 3 8
split_gain=62812.7 12189.4 10395.8 4695.01 2836.74 2383.93 2230.99 1726.42 1147.79 777.965 781.706 759.998 204.195 339.159
threshold=470.08900000000006 894.69850000000008 899.92400000000009 973.75650000000007 138.54050000000004 145.94150000000005 0.028571428571428577 576.5485000000001 1.0000000180025095e-35 101.42250000000003 25.500000000000004 487.52650000000006 1.5000000000000002 32.461500000000008
decision_type=2 2 2 2 10 8 2 10 2 10 2 2 2 2
left_child=4 6 -3 -4 9 -6 7 11 -7 12 -11 -2 13 -1
right_child=1 2 3 -5 5 8 -8 -9 -10 10 -12 -13 -14 -15
leaf_value=-0.44751636627701025 0.16610622133897701 2.1319242382591423 1.3629604119275298 0.50480716002954018 -0.4459213847463781 0.43753040795740877 0.0066206722347824671 0.90961667448282246 -0.051897514164447794 -0.35690173629833311 0.070510607473552228 0.52849585039493363 -0.24189996185402074 -0.34761448122778948
leaf_weight=155 23 22 28 37 22 23 27 22 25 23 20 39 24 188
leaf_count=155 23 22 28 37 22 23 27 22 25 23 20 39 24 188
internal_value=0 0.749319 1.19245 0.874473 -0.309094 -0.0149216 0.402001 0.529087 0.18262 -0.359319 -0.158105 0.394061 -0.382894 -0.39276
internal_weight=0 198 87 65 480 70 111 84 48 410 43 62 367 343
internal_count=678 198 87 65 480 70 111 84 48 410 43 62 367 343
is_linear=0
shrinkage=0.05


Tree=69
num_leaves=15
num_cat=0
split_feature=12 7 0 3 8 8 13 13 13 2 9 10 3 14
split_gain=56724.7 12122.5 8427.95 2712.03 2612.1 2158.94 2025.83 1914.71 781.657 695.225 520.507 456.676 185.379 304.359
threshold=462.05850000000004 0.3928571428571429 1.0000000180025095e-35 1.0000000180025095e-35 139.75750000000002 532.58950000000016 442.69200000000006 938.09950000000015 101.42250000000003 20.500000000000004 472.108 136.91500000000002 1.5000000000000002 26.766750000000005
decision_type=10 2 2 2 2 2 8 8 10 2 2 2 2 2
left_child=4 2 5 7 8 9 -6 -4 12 -2 -8 -10 13 -1
right_child=1 -3 3 -5 6 -7 10 -9 11 -11 -12 -13 -14 -15
leaf_value=-0.43775228782867392 0.55700671335925234 1.7205030920413826 0.97383832553258309 1.2205669290310628 -0.33769152981263623 -0.24806103663785117 0.042470826208591467 0.37796618060341908 -0.0075060601346194746 0.2050870551624232 0.40320177137851715 -0.32099810710975102 -0.22980496349434057 -0.33899542909384928
leaf_weight=120 23 26 26 37 27 21 20 28 26 36 20 21 24 223
leaf_count=120 23 26 26 37 27 21 20 28 26 36 20 21 24 223
internal_value=0 0.714629 0.561689 0.890811 -0.292686 0.187313 -0.00304805 0.664868 -0.33956 0.342276 0.222836 -0.147577 -0.364146 -0.373546
internal_weight=0 197 171 91 481 80 67 54 414 59 40 47 367 343
internal_count=678 197 171 91 481 80 67 54 414 59 40 47 367 343
is_linear=0
shrinkage=0.05


Tree=70
num_leaves=14
num_cat=0
split_feature=9 7 7 9 9 12 2 9 3 13 2 7 11
split_gain=51272.2 11190 7695.58 5295.58 2604.46 2305.63 2143.56 1595.72 1128.11 648.403 705.046 198.69 441.212
threshold=470.08900000000006 0.3928571428571429 0.028571428571428577 899.92400000000009 977.09250000000009 138.54050000000004 16.500000000000004 145.94150000000005 1.0000000180025095e-35 101.42250000000003 25.500000000000004 0.49285714285714294 130.65050000000005
decision_type=2 2 2 2 2 10 2 2 2 10 2 2 2
left_child=5 2 3 8 -5 9 -7 -8 -2 11 -11 12 -1
right_child=1 -3 -4 4 -6 6 7 -9 -10 10 -12 -13 -14
leaf_value=-0.35139169035909723 0.25933551972414903 1.689087631025662 -0.22190639152208214 1.3767451222600608 0.73174359951825707 0.34588721921810739 -0.51446081697940826 0.088377119813646599 0.63128481068544928 -0.32964033116788971 0.076273544467985635 -0.47661365877698975 -0.1290177993476391
leaf_weight=316 47 24 28 29 34 26 23 21 36 23 20 27 24
leaf_count=316 47 24 28 29 34 26 23 21 36 23 20 27 24
internal_value=0 0.676993 0.537394 0.683013 1.02865 -0.27926 -0.0140516 -0.226743 0.420663 -0.324539 -0.140843 -0.346062 -0.335695
internal_weight=0 198 174 146 63 480 70 44 83 410 43 367 340
internal_count=678 198 174 146 63 480 70 44 83 410 43 367 340
is_linear=0
shrinkage=0.05


Tree=71
num_leaves=12
num_cat=0
split_feature=12 8 2 2 7 13 14 7 6 8 14
split_gain=46693.7 11353.8 6756.11 6412.42 2825.8 2573.93 2474.89 1388.42 871.79 791.76 693.345
threshold=855.84850000000017 363.69750000000005 15.500000000000002 28.500000000000004 0.028571428571428577 860.26150000000018 515.48812500000008 0.53571428571428581 5.5000000000000009 483.81500000000005 134.12287500000002
decision_type=10 2 2 2 2 10 2 2 2 2 2
left_child=1 7 -2 -4 6 -5 9 8 -1 -3 -10
right_child=2 4 3 5 -6 -7 -8 -9 10 -11 -12
leaf_value=-0.63436336636543278 1.5787939380064158 0.37077606737613683 -0.045305680632591251 0.68350784302904055 -0.12285841819312837 1.4183447692881932 0.74530725208195781 0.051388662414891387 -0.32661910630572399 -0.010217250376939775 -0.15550576424122686
leaf_weight=20 33 30 20 26 36 22 33 28 333 25 72
leaf_count=20 33 30 20 26 36 22 33 28 333 25 72
internal_value=0 -0.173603 0.991771 0.706892 0.250323 1.02031 0.402989 -0.289645 -0.312113 0.197597 -0.296199
internal_weight=0 577 101 68 124 48 88 453 425 55 405
internal_count=678 577 101 68 124 48 88 453 425 55 405
is_linear=0
shrinkage=0.05


Tree=72
num_leaves=11
num_cat=0
split_feature=12 8 11 11 7 14 7 6 8 14
split_gain=42141 10246.8 6633.89 3918.56 2550.29 2233.58 1253.05 786.79 714.563 625.744
threshold=855.84850000000017 363.69750000000005 899.92400000000009 977.55300000000011 0.028571428571428577 515.48812500000008 0.53571428571428581 5.5000000000000009 483.81500000000005 134.12287500000002
decision_type=10 2 2 2 2 2 2 2 2 2
left_child=1 6 -2 -4 5 8 7 -1 -3 -9
right_child=2 4 3 -5 -6 -7 -8 9 -10 -11
leaf_value=-0.60264519572258002 1.6487119057178496 0.35223726729551952 0.35074495579067033 1.0687980234622956 -0.11671550141440497 0.70804188287619396 0.048819230922630859 -0.31028815136814081 -0.0097063938379287722 -0.14773047342896461
leaf_weight=20 25 30 38 38 36 33 28 333 25 72
leaf_count=20 25 30 38 38 36 33 28 333 25 72
internal_value=0 -0.164923 0.942182 0.709771 0.237807 0.382839 -0.275162 -0.296507 0.187717 -0.281389
internal_weight=0 577 101 76 124 88 453 425 55 405
internal_count=678 577 101 76 124 88 453 425 55 405
is_linear=0
shrinkage=0.05


Tree=73
num_leaves=12
num_cat=0
split_feature=12 8 2 2 13 7 14 7 6 2 12
split_gain=38032.3 9247.71 6119.11 5766.77 2402.46 2301.64 2015.81 1130.88 710.078 651.699 590.274
threshold=855.84850000000017 363.69750000000005 15.500000000000002 28.500000000000004 860.26150000000018 0.028571428571428577 515.48812500000008 0.53571428571428581 5.5000000000000009 28.500000000000004 46.723000000000006
decision_type=10 2 2 2 10 2 2 2 2 2 10
left_child=1 7 -2 -4 -5 6 9 8 -1 -3 -10
right_child=2 5 3 4 -6 -7 -8 -9 10 -11 -12
leaf_value=-0.57251292407512666 1.4537378454750236 0.032416174816899006 -0.089368151426315323 0.59578734389864485 1.3057251304388047 -0.11087972000241281 0.67263978795698764 0.046378263831138612 -0.32577488440218155 0.38134425340787226 -0.20498709429948764
leaf_weight=20 33 32 20 26 22 36 33 28 209 23 196
leaf_count=20 33 32 20 26 22 36 33 28 209 23 196
internal_value=0 -0.156677 0.895073 0.623957 0.921175 0.225917 0.363697 -0.261404 -0.281682 0.178332 -0.26732
internal_weight=0 577 101 68 48 124 88 453 425 55 405
internal_count=678 577 101 68 48 124 88 453 425 55 405
is_linear=0
shrinkage=0.05


Tree=74
num_leaves=15
num_cat=0
split_feature=12 7 0 3 13 2 8 2 10 13 9 2 4 7
split_gain=34330 10692.4 5228.49 2377.23 1856.01 1759.87 1570.45 1565.87 631.408 527.454 466.748 178.274 492.562 327.164
threshold=462.05850000000004 0.3928571428571429 1.0000000180025095e-35 1.0000000180025095e-35 542.66100000000017 26.500000000000004 139.75750000000002 15.500000000000002 521.65400000000011 101.42250000000003 134.88600000000005 30.500000000000004 1.0000000180025095e-35 0.028571428571428577
decision_type=10 2 2 2 8 2 2 2 2 10 2 2 2 2
left_child=6 2 4 5 8 -4 9 -8 -2 11 -11 12 -1 -13
right_child=1 -3 3 -5 -6 -7 7 -9 -10 10 -12 13 -14 -15
leaf_value=-0.28126084568924931 0.45804540757732148 1.5006270635586521 0.16378495297752893 0.98026915418135163 -0.18534883294374713 0.73505566859883931 0.27358243033803742 -0.21427644451982097 0.092863685637712481 0.076740616858005539 -0.24194550718422289 -0.28939066369934835 -0.49045566609411528 -0.12334196766217549
leaf_weight=191 29 26 26 37 31 28 29 38 20 20 27 101 33 42
leaf_count=191 29 26 26 37 31 28 29 38 20 20 27 101 33 42
internal_value=0 0.555944 0.412308 0.671538 0.117435 0.459999 -0.227694 -0.00311365 0.308992 -0.26404 -0.106334 -0.284236 -0.31208 -0.240621
internal_weight=0 197 171 91 80 54 481 67 49 414 47 367 224 143
internal_count=678 197 171 91 80 54 481 67 49 414 47 367 224 143
is_linear=0
shrinkage=0.05


Tree=75
num_leaves=12
num_cat=0
split_feature=9 10 8 12 10 4 3 7 13 6 12
split_gain=31339.2 8197.12 8511.44 8060.17 6962.16 3041.66 1261 1014.34 915.253 619.212 500.74
threshold=872.85950000000014 946.54950000000008 961.21150000000011 299.08300000000003 910.04900000000009 1.0000000180025095e-35 1.0000000180025095e-35 0.53571428571428581 411.96800000000002 5.5000000000000009 68.07350000000001
decision_type=2 2 2 10 2 2 2 2 10 2 10
left_child=3 4 -3 7 -2 6 8 9 -5 -1 -11
right_child=1 2 -4 5 -6 -7 -8 -9 -10 10 -12
leaf_value=-0.52763298600912101 0.746684042274952 0.97465274087313947 -0.2982784152030945 0.00049460761008724092 1.9816108542538826 -0.34331035375595098 0.55919946471327231 0.054623969324997496 0.3788437740820827 -0.29322699934741142 -0.18212320863880138
leaf_weight=20 25 29 24 31 21 20 38 28 33 223 186
leaf_count=20 25 29 24 31 21 20 38 28 33 223 186
internal_value=0 0.822093 0.398231 -0.140565 1.31045 0.220496 0.331047 -0.236953 0.195581 -0.255984 -0.242701
internal_weight=0 99 53 579 46 122 102 457 64 429 409
internal_count=678 99 53 579 46 122 102 457 64 429 409
is_linear=0
shrinkage=0.05


Tree=76
num_leaves=12
num_cat=0
split_feature=12 9 11 11 14 9 12 2 7 6 10
split_gain=28600.9 6628.02 6061.96 3410.38 2361.73 1156.71 1614.67 1358.84 921.6 554.359 488.003
threshold=855.84850000000017 221.66800000000003 899.92400000000009 977.55300000000011 531.20462500000019 497.18500000000006 493.51800000000009 25.500000000000004 0.53571428571428581 5.5000000000000009 138.54050000000004
decision_type=10 2 2 2 2 2 10 2 2 2 2
left_child=1 8 -2 -4 5 7 -7 -3 9 -1 -11
right_child=2 4 3 -5 -6 6 -8 -9 -10 10 -12
leaf_value=-0.50125135928392417 1.4515842273235322 -0.099847749458470691 0.21909248883786955 0.88896853751257854 -0.28792662241242151 0.80830429926514624 0.20555915260314941 0.37604458053906759 0.05189277529716492 -0.25036010287546867 -0.070258178313573214
leaf_weight=20 25 30 38 38 22 20 25 30 28 360 42
leaf_count=20 25 30 38 38 22 20 25 30 28 360 42
internal_value=0 -0.135868 0.776197 0.554031 0.183123 0.281819 0.473446 0.138098 -0.225894 -0.244326 -0.231543
internal_weight=0 577 101 76 127 105 45 60 450 422 402
internal_count=678 577 101 76 127 105 45 60 450 422 402
is_linear=0
shrinkage=0.05


Tree=77
num_leaves=11
num_cat=0
split_feature=8 11 12 2 11 7 7 14 6 10
split_gain=26026.4 6885.86 6159.22 4317.56 2054.23 2749.07 813.987 742.26 512.961 471.887
threshold=872.85950000000014 899.92400000000009 299.08300000000003 25.500000000000004 467.51450000000006 0.028571428571428577 0.53571428571428581 515.48812500000008 5.5000000000000009 138.54050000000004
decision_type=2 2 10 2 2 2 2 2 2 2
left_child=2 -2 6 -3 -4 7 8 -6 -1 -10
right_child=1 3 4 -5 5 -7 -8 -9 9 -11
leaf_value=-0.47618878826498989 1.4479015559531176 0.088483418261303626 0.60334870666265494 0.85934933622678134 0.092803829173381272 -0.35316468477249147 0.049298128911427097 0.41642494035117772 -0.2366291874637208 -0.071269677396939721
leaf_weight=20 26 34 24 39 37 26 28 34 361 49
leaf_count=20 26 34 24 39 37 26 28 34 361 49
internal_value=0 0.749177 -0.128098 0.500316 0.189176 0.0867001 -0.211919 0.247777 -0.228928 -0.216867
internal_weight=0 99 579 73 121 97 458 71 430 410
internal_count=678 99 579 73 121 97 458 71 430 410
is_linear=0
shrinkage=0.05


Tree=78
num_leaves=14
num_cat=0
split_feature=9 10 8 10 12 2 2 2 14 13 2 7 13
split_gain=23626.1 7242.22 7421.62 6370.98 5758.2 2164.04 5230.52 2467.46 2063.64 398.572 614.675 430.886 216.64
threshold=872.85950000000014 946.54950000000008 961.21150000000011 910.04900000000009 138.54050000000004 15.500000000000002 8.5000000000000018 25.500000000000004 469.17962500000004 101.42250000000003 25.500000000000004 0.49285714285714294 25.452500000000004
decision_type=2 2 2 2 10 2 2 2 2 10 2 2 8
left_child=4 3 -3 -2 9 6 -6 -7 -9 11 -11 12 -1
right_child=1 2 -4 -5 5 7 -8 8 -10 10 -12 -13 -14
leaf_value=-0.3069816812872887 0.63352573907375342 0.85363933104893253 -0.33500698034962023 1.8148592443693254 -0.22847237058608286 -0.36567906493490399 0.75538998940161306 -0.2455389675886735 0.32001159809253837 -0.25465533266896789 0.12435253992676737 -0.43151934665662273 -0.20494880351780664
leaf_weight=64 25 29 24 21 22 33 35 23 54 23 20 27 278
leaf_count=64 25 29 24 21 22 33 35 23 54 23 20 27 278
internal_value=0 0.713794 0.315384 1.17283 -0.122048 0.125617 0.375654 -0.00394708 0.151081 -0.222436 -0.0783726 -0.239224 -0.224043
internal_weight=0 99 53 46 579 167 57 110 77 412 43 369 342
internal_count=678 99 53 46 579 167 57 110 77 412 43 369 342
is_linear=0
shrinkage=0.05


Tree=79
num_leaves=11
num_cat=0
split_feature=8 14 11 12 10 7 3 7 6 9
split_gain=21536.2 8144.49 6060.84 5648.5 1769.8 3821.84 1124.72 757.431 452.199 382.881
threshold=894.69850000000008 956.54499999999996 979.64350000000013 299.08300000000003 470.08900000000006 0.028571428571428577 1.0000000180025095e-35 0.53571428571428581 5.5000000000000009 72.784500000000008
decision_type=2 2 2 10 2 2 2 2 2 2
left_child=3 -2 -3 7 -5 6 -6 8 -1 -10
right_child=1 2 -4 4 5 -7 -8 -9 9 -11
leaf_value=-0.43998069502413273 1.3241411479456087 -0.26856034449909044 0.81830383950266361 0.54873466766797585 0.13275891289425393 -0.37906815236614599 0.53150838246302945 0.060560692633901327 -0.2411846854686063 -0.1442528198438662
leaf_weight=20 35 23 29 26 48 31 28 28 221 189
leaf_count=20 35 23 29 26 48 31 28 28 221 189
internal_value=0 0.73447 0.337575 -0.10812 0.178727 0.0888182 0.279667 -0.191418 -0.207826 -0.196501
internal_weight=0 87 52 591 133 107 76 458 430 410
internal_count=678 87 52 591 133 107 76 458 430 410
is_linear=0
shrinkage=0.05


Tree=80
num_leaves=15
num_cat=0
split_feature=9 7 12 5 13 14 2 9 2 13 2 2 8 12
split_gain=19532 7394.17 4690.39 2896.32 1929.93 2217.92 2763.27 1028.88 349.48 683.796 618.105 517.718 426.802 168.222
threshold=872.85950000000014 0.17857142857142858 138.54050000000004 5.5000000000000009 145.94150000000005 535.35287500000015 15.500000000000002 977.09250000000009 25.500000000000004 101.42250000000003 15.500000000000002 8.5000000000000018 77.900500000000008 33.645500000000006
decision_type=2 2 10 2 8 2 2 2 2 10 2 2 2 10
left_child=2 3 8 7 -4 6 -6 -2 10 13 11 -1 -12 -10
right_child=1 -3 4 -5 5 -7 -8 -9 9 -11 12 -13 -14 -15
leaf_value=-0.27162844672610492 0.92232095599174502 1.5078158265352251 -0.3238164405931126 0.092142371365002224 0.61269147446084959 -0.31011425107717516 0.10161533213552387 0.4367430636286736 -0.23529180538128402 0.12381145581603051 -0.28955930729325002 -0.081114114350997482 -0.56134902000427245 -0.13746949155497684
leaf_weight=79 24 20 22 35 38 20 87 20 85 20 52 65 20 91
leaf_count=79 24 20 22 35 38 20 87 20 85 20 52 65 20 91
internal_value=0 0.649009 -0.11097 0.431589 0.112554 0.178762 0.256982 0.701604 -0.201574 -0.153231 -0.24544 -0.185632 -0.365056 -0.184713
internal_weight=0 99 579 79 167 145 125 44 412 196 216 144 72 176
internal_count=678 99 579 79 167 145 125 44 412 196 216 144 72 176
is_linear=0
shrinkage=0.05


Tree=81
num_leaves=13
num_cat=0
split_feature=12 2 2 11 14 13 9 2 2 7 12 9
split_gain=17948.1 6108.06 4187 3733.23 2301.94 2205.73 1063.33 1521.76 1513.18 826.956 501.318 425.7
threshold=855.84850000000017 15.500000000000002 28.500000000000004 190.91100000000003 531.20462500000019 860.26150000000018 497.18500000000006 25.500000000000004 26.500000000000004 0.53571428571428581 158.64350000000005 145.94150000000005
decision_type=10 2 2 2 2 10 2 2 2 2 8 2
left_child=3 -2 -3 9 6 -4 7 -5 -8 10 11 -1
right_child=1 2 5 4 -6 -7 8 -9 -10 -11 -12 -13
leaf_value=-0.19169527670003575 1.1730424610051242 -0.26380619704723357 0.2854863687203481 -0.15576344421133401 -0.34100469784303145 0.96573715264146986 0.66542921827733525 0.32815058411973896 0.081934972703456885 0.091287891511563912 -0.39857994472341884 0.045135548338294029
leaf_weight=370 33 20 26 32 22 22 25 33 20 27 28 20
leaf_count=370 33 20 26 32 22 22 25 33 20 27 28 20
internal_value=0 0.614883 0.344011 -0.107631 0.125885 0.597268 0.219263 0.089916 0.406098 -0.176899 -0.194222 -0.17955
internal_weight=0 101 68 577 132 48 110 65 45 445 418 390
internal_count=678 101 68 577 132 48 110 65 45 445 418 390
is_linear=0
shrinkage=0.05


Tree=82
num_leaves=12
num_cat=0
split_feature=8 11 12 8 4 8 13 13 7 2 13
split_gain=16373.9 7932.72 4126.49 3633.99 3028.51 1795.57 1102.21 289.899 484.448 482.149 198.751
threshold=894.69850000000008 899.92400000000009 138.54050000000004 973.75650000000007 1.0000000180025095e-35 139.75750000000002 497.18500000000006 101.42250000000003 0.49285714285714294 25.500000000000004 25.452500000000004
decision_type=2 2 10 2 2 2 10 10 2 2 8
left_child=2 -2 7 -3 5 -4 -7 8 10 -9 -1
right_child=1 3 4 -5 -6 6 -8 9 -10 -11 -12
leaf_value=-0.25870787174208093 1.4610871385444295 0.79241735445601602 -0.19264579472633511 0.037431498475976897 -0.42842472014219868 0.19837221347347456 0.59426351735989258 -0.21425716280937196 -0.39921131332715354 0.12141535513103008 -0.16101120272651315
leaf_weight=64 22 28 26 37 23 108 21 23 27 20 279
leaf_count=64 22 28 26 37 23 108 21 23 27 20 279
internal_value=0 0.64042 -0.0942751 0.362656 0.106973 0.186419 0.26282 -0.181011 -0.195292 -0.0581304 -0.17924
internal_weight=0 87 591 65 178 155 129 413 370 43 343
internal_count=678 87 591 65 178 155 129 413 370 43 343
is_linear=0
shrinkage=0.05


Tree=83
num_leaves=9
num_cat=0
split_feature=7 12 6 10 3 12 12 12
split_gain=15079 9512.44 6933.2 4672.92 4315.43 2025.6 2839.37 387.419
threshold=0.58571428571428574 907.36200000000019 5.5000000000000009 433.30650000000009 1.0000000180025095e-35 985.74650000000008 946.54950000000008 158.64350000000005
decision_type=2 10 2 2 2 10 10 8
left_child=1 2 -1 7 -5 6 -3 -4
right_child=-2 5 3 4 -6 -7 -8 -9
leaf_value=-0.88687858113220752 1.0958949212233227 0.6464423774318262 -0.14998768193825349 -0.044360474551596293 0.5449945764541626 0.78250213582068684 -0.17670773044228555 -0.34588260858975078
leaf_weight=28 30 22 387 82 50 32 20 27
leaf_count=28 30 22 387 82 50 32 20 27
internal_value=0 -0.0507359 -0.11952 -0.0801683 0.17888 0.482806 0.254466 -0.162763
internal_weight=0 648 574 546 132 74 42 414
internal_count=678 648 574 546 132 74 42 414
is_linear=0
shrinkage=0.05


Tree=84
num_leaves=14
num_cat=0
split_feature=8 11 12 8 4 13 2 2 4 7 10 13 11
split_gain=13848 7176.08 3419.85 3351.48 2580.67 1518.91 1263.08 261.782 669.863 579.846 262.888 251.89 191.298
threshold=894.69850000000008 899.92400000000009 138.54050000000004 973.75650000000007 1.0000000180025095e-35 145.94150000000005 19.500000000000004 25.500000000000004 1.0000000180025095e-35 0.24285714285714285 85.716000000000008 79.223000000000013 35.372000000000007
decision_type=2 2 10 2 2 8 2 2 2 2 2 8 2
left_child=2 -2 7 -3 5 -4 -7 9 10 12 -9 -11 -1
right_child=1 3 4 -5 -6 6 -8 8 -10 11 -12 -13 -14
leaf_value=-0.22237487742801509 1.3695028006861156 0.73748819423573364 -0.23680518478155138 0.012442933063249331 -0.39771929344405299 0.41454291336238386 0.10328043874353171 -0.18861198363969489 0.14306119283040364 -0.24035936542121428 -0.041356204259089938 -0.47987212357313735 -0.11627764425867676
leaf_weight=75 22 28 20 37 23 55 80 136 21 21 39 23 98
leaf_count=75 22 28 20 37 23 55 80 136 21 21 39 23 98
internal_value=0 0.588955 -0.086699 0.32477 0.0965093 0.169846 0.230091 -0.16566 -0.123775 -0.203493 -0.155795 -0.365559 -0.162274
internal_weight=0 87 591 65 178 155 135 413 196 217 175 44 173
internal_count=678 87 591 65 178 155 135 413 196 217 175 44 173
is_linear=0
shrinkage=0.05


Tree=85
num_leaves=7
num_cat=0
split_feature=7 12 6 10 3 12
split_gain=13616.1 8016.46 6582.64 4979.9 5775.97 357.029
threshold=0.58571428571428574 985.74650000000008 5.5000000000000009 433.30650000000009 1.0000000180025095e-35 158.64350000000005
decision_type=2 10 2 2 2 8
left_child=1 2 -1 5 -5 -4
right_child=-2 -3 3 4 -6 -7
leaf_value=-0.83730796777776306 1.0413776242733002 0.72338247038424019 -0.13469656546256031 -0.053378508543526687 0.54033017655213678 -0.32275136963084894
leaf_weight=28 30 32 387 108 66 27
leaf_count=28 30 32 387 108 66 27
internal_value=0 -0.0482119 -0.0882948 -0.0526275 0.171821 -0.146961
internal_weight=0 648 616 588 174 414
internal_count=678 648 616 588 174 414
is_linear=0
shrinkage=0.05


Tree=86
num_leaves=7
num_cat=0
split_feature=7 12 6 10 3 12
split_gain=12288.5 7234.85 5940.84 4494.36 5212.82 322.219
threshold=0.58571428571428574 985.74650000000008 5.5000000000000009 433.30650000000009 1.0000000180025095e-35 158.64350000000005
decision_type=2 10 2 2 2 8
left_child=1 2 -1 5 -5 -4
right_child=-2 -3 3 4 -6 -7
leaf_value=-0.79544255627053129 0.98930874740084018 0.68721333853900435 -0.12796173668454477 -0.050709580878416698 0.51331366476687523 -0.30661380191644039
leaf_weight=28 30 32 387 108 66 27
leaf_count=28 30 32 387 108 66 27
internal_value=0 -0.0458013 -0.08388 -0.0499961 0.16323 -0.139613
internal_weight=0 648 616 588 174 414
internal_count=678 648 616 588 174 414
is_linear=0
shrinkage=0.05


Tree=87
num_leaves=7
num_cat=0
split_feature=7 12 6 10 3 12
split_gain=11090.4 6531.28 5335.04 3946.33 4742.93 294.467
threshold=0.58571428571428574 981.79950000000019 5.5000000000000009 433.30650000000009 1.0000000180025095e-35 46.723000000000006
decision_type=2 10 2 2 2 10
left_child=1 2 -1 5 -5 -4
right_child=-2 -3 3 4 -6 -7
leaf_value=-0.755670432626669 0.9398432804147403 0.62080978836332057 -0.17359575438247601 -0.053310713453112918 0.48916680783033373 -0.08922328912022881
leaf_weight=28 30 35 213 106 65 201
leaf_count=28 30 35 213 106 65 201
internal_value=0 -0.0435113 -0.0814415 -0.0491707 0.152894 -0.132632
internal_weight=0 648 613 585 171 414
internal_count=678 648 613 585 171 414
is_linear=0
shrinkage=0.05


Tree=88
num_leaves=11
num_cat=0
split_feature=8 11 8 13 14 12 7 11 2 8
split_gain=10444 6675.4 2983.19 2394.12 3092.6 1491.83 1369.87 1922.16 704.48 460.3
threshold=894.69850000000008 899.92400000000009 973.75650000000007 187.01750000000001 499.78300000000007 528.44550000000015 0.49285714285714294 190.91100000000003 28.500000000000004 144.59850000000003
decision_type=2 2 2 10 2 10 2 2 2 2
left_child=3 -2 -3 6 -5 -6 7 9 -9 -1
right_child=1 2 -4 4 5 -7 -8 8 -10 -11
leaf_value=-0.11958789810287365 1.264299626242031 0.64605271369218831 -0.037995804654988086 0.70352898772273753 -0.2294585455209017 0.30540106357498603 -0.39857253325291175 -0.0069627449767930179 0.31027531210865295 -0.35996019460615658
leaf_weight=386 22 28 37 21 32 22 39 35 35 21
leaf_count=386 22 28 37 21 32 22 39 35 35 21
internal_value=0 0.511474 0.256671 -0.0752931 0.18867 -0.0115528 -0.11366 -0.0903651 0.151656 -0.13199
internal_weight=0 87 65 591 75 54 516 477 70 407
internal_count=678 87 65 591 75 54 516 477 70 407
is_linear=0
shrinkage=0.05


Tree=89
num_leaves=7
num_cat=0
split_feature=7 12 6 2 10 10
split_gain=10101.8 5614.75 4788.09 3331.34 5230.65 1657.57
threshold=0.58571428571428574 985.74650000000008 5.5000000000000009 4.5000000000000009 433.30650000000009 136.91500000000002
decision_type=2 10 2 2 2 2
left_child=1 2 -1 5 -5 -4
right_child=-2 -3 3 4 -6 -7
leaf_value=-0.71388006561568806 0.89697519242763524 0.60422118380665779 -0.19286971542018433 -0.1098775135539716 0.23140661099328186 -0.7934325163066388
leaf_weight=28 30 32 27 382 159 20
leaf_count=28 30 32 27 382 159 20
internal_value=0 -0.0415266 -0.075072 -0.0446525 -0.00957405 -0.448428
internal_weight=0 648 616 588 541 47
internal_count=678 648 616 588 541 47
is_linear=0
shrinkage=0.05


Tree=90
num_leaves=7
num_cat=0
split_feature=7 12 6 2 10 3
split_gain=9116.83 5067.31 4321.25 3006.53 4720.66 1640.97
threshold=0.58571428571428574 985.74650000000008 5.5000000000000009 4.5000000000000009 433.30650000000009 1.0000000180025095e-35
decision_type=2 10 2 2 2 2
left_child=1 2 -1 5 -5 -4
right_child=-2 -3 3 4 -6 -7
leaf_value=-0.67818605388913844 0.85212642649809522 0.57401011949405079 -0.71522799662003922 -0.10438363809645644 0.2198362798763896 -0.1242110602233721
leaf_weight=28 30 32 24 382 159 23
leaf_count=28 30 32 24 382 159 23
internal_value=0 -0.0394503 -0.0713184 -0.0424199 -0.00909534 -0.426007
internal_weight=0 648 616 588 541 47
internal_count=678 648 616 588 541 47
is_linear=0
shrinkage=0.05


Tree=91
num_leaves=10
num_cat=0
split_feature=8 9 9 13 14 7 7 12 3
split_gain=8442.65 6138.56 8389.32 1871.35 2622.24 1718.02 1708.11 1176.47 886.037
threshold=894.69850000000008 977.09250000000009 935.42150000000004 187.01750000000001 499.78300000000007 0.49285714285714294 0.3928571428571429 528.44550000000015 1.5000000000000002
decision_type=2 2 2 10 2 2 2 10 2
left_child=3 2 -2 5 -5 6 8 -6 -1
right_child=1 -3 -4 4 7 -7 -8 -9 -10
leaf_value=-0.11690778539427334 0.29234243390460807 -0.028370341779412452 1.6143765062093736 0.6397679773114977 -0.21220134021714332 -0.42068607473793707 0.33553784278531873 0.26277355199510399 0.15216106423600154
leaf_weight=420 30 37 20 21 32 39 24 22 33
leaf_count=420 30 37 20 21 32 39 24 22 33
internal_value=0 0.459863 0.821156 -0.0676956 0.165676 -0.101616 -0.0755284 -0.0186931 -0.0973067
internal_weight=0 87 50 591 75 516 477 54 453
internal_count=678 87 50 591 75 516 477 54 453
is_linear=0
shrinkage=0.05


Tree=92
num_leaves=7
num_cat=0
split_feature=7 12 6 2 10 10
split_gain=8337.84 4178.29 3894.29 2708.98 3973.47 1520.16
threshold=0.58571428571428574 985.74650000000008 5.5000000000000009 4.5000000000000009 433.30650000000009 136.91500000000002
decision_type=2 10 2 2 2 2
left_child=1 2 -1 5 -5 -4
right_child=-2 -3 3 4 -6 -7
leaf_value=-0.64277234912983017 0.81490822076797498 0.51932643633335829 -0.15860589306663586 -0.095021366402116753 0.20243521222153552 -0.73373725011944779
leaf_weight=28 30 32 27 382 159 20
leaf_count=28 30 32 27 382 159 20
internal_value=0 -0.0377272 -0.0666651 -0.0392314 -0.00759882 -0.403343
internal_weight=0 648 616 588 541 47
internal_count=678 648 616 588 541 47
is_linear=0
shrinkage=0.05


Tree=93
num_leaves=7
num_cat=0
split_feature=7 12 6 2 10 3
split_gain=7524.9 3770.9 3514.6 2444.86 3667.79 1509.17
threshold=0.58571428571428574 985.74650000000008 5.5000000000000009 4.5000000000000009 497.18500000000006 1.0000000180025095e-35
decision_type=2 10 2 2 2 2
left_child=1 2 -1 5 -5 -4
right_child=-2 -3 3 4 -6 -7
leaf_value=-0.61063373056905612 0.77416280388832093 0.49336011763662102 -0.66053818622604021 -0.072989376128290345 0.25048187576911668 -0.093753577720211909
leaf_weight=28 30 32 24 431 110 23
leaf_count=28 30 32 24 431 110 23
internal_value=0 -0.0358409 -0.0633318 -0.0372698 -0.00721888 -0.383176
internal_weight=0 648 616 588 541 47
internal_count=678 648 616 588 541 47
is_linear=0
shrinkage=0.05


Tree=94
num_leaves=10
num_cat=0
split_feature=8 11 8 13 14 7 7 12 3
split_gain=6808.78 5878.49 2616.12 1488.31 2299.56 2030.41 1622.37 931.03 777.092
threshold=894.69850000000008 899.92400000000009 973.75650000000007 187.01750000000001 504.86450000000008 0.49285714285714294 0.3928571428571429 528.44550000000015 1.5000000000000002
decision_type=2 2 2 10 2 2 2 10 2
left_child=3 -2 -3 5 -5 6 8 -6 -1
right_child=1 2 -4 4 7 -7 -8 -9 -10
leaf_value=-0.10226452685224581 1.1194370703263716 0.5385046620454107 -0.10207845053157293 0.53886875544488433 -0.23204390982101702 -0.43791086895343584 0.33793337220946951 0.20510381062825522 0.14971987234823633
leaf_weight=420 22 28 37 25 29 39 24 21 33
leaf_count=420 22 28 37 25 29 39 24 21 33
internal_value=0 0.412975 0.173865 -0.0607933 0.147328 -0.0910435 -0.0626833 -0.0484419 -0.083908
internal_weight=0 87 65 591 75 516 477 50 453
internal_count=678 87 65 591 75 516 477 50 453
is_linear=0
shrinkage=0.05


Tree=95
num_leaves=9
num_cat=0
split_feature=7 6 11 11 2 10 9 12
split_gain=6930.31 3239.67 3920.52 2096.18 1315.39 1676.86 1023.76 827.785
threshold=0.58571428571428574 5.5000000000000009 884.50000000000011 994.44050000000004 4.5000000000000009 137.51700000000002 977.09250000000009 74.097500000000011
decision_type=2 2 2 2 2 2 2 10
left_child=1 -1 4 6 7 -6 -4 -3
right_child=-2 2 3 -5 5 -7 -8 -9
leaf_value=-0.54181438764557244 0.74294812162717194 -0.10129289202392103 0.68069954432547097 -0.06207755609200552 -0.10024497777974206 0.09693397318229735 0.25630965497758657 -0.55075806279977157
leaf_weight=30 30 20 30 26 335 159 27 21
leaf_count=30 30 20 30 26 335 159 27 21
internal_value=0 -0.0343957 -0.00976377 0.309968 -0.059367 -0.0367805 0.479673 -0.331507
internal_weight=0 648 618 83 535 494 57 41
internal_count=678 648 618 83 535 494 57 41
is_linear=0
shrinkage=0.05


Tree=96
num_leaves=7
num_cat=0
split_feature=13 11 2 14 10 12
split_gain=6359 2553.01 2569.69 1828.95 3137.09 1047.48
threshold=947.53150000000016 938.09950000000015 25.500000000000004 923.34400000000005 618.14450000000011 138.54050000000004
decision_type=10 2 2 2 2 10
left_child=1 3 -3 4 5 -1
right_child=-2 2 -4 -5 -6 -7
leaf_value=-0.10117433991977423 0.85649075124944973 -0.020743152384574599 0.70479156219440964 -0.48313639710346862 0.57761464521288874 0.052081331958860361
leaf_weight=411 21 26 23 24 20 153
leaf_count=411 21 26 23 24 20 153
internal_value=0 -0.0273764 0.319814 -0.0553572 -0.0377773 -0.0595997
internal_weight=0 657 49 608 584 564
internal_count=678 657 49 608 584 564
is_linear=0
shrinkage=0.05


Tree=97
num_leaves=9
num_cat=0
split_feature=7 6 11 11 2 10 9 12
split_gain=6249.34 2932.31 3154.09 1942.73 1193.19 1421.08 915.526 767.967
threshold=0.58571428571428574 5.5000000000000009 884.50000000000011 994.44050000000004 4.5000000000000009 137.51700000000002 977.09250000000009 74.097500000000011
decision_type=2 2 2 2 2 2 2 10
left_child=1 -1 4 6 7 -6 -4 -3
right_child=-2 2 3 -5 5 -7 -8 -9
leaf_value=-0.51541053781906765 0.70550330549478535 -0.091169532537460338 0.63103201687335975 -0.080615786520334395 -0.090631491887702878 0.090887554118749492 0.22970327790136691 -0.52409054316314208
leaf_weight=30 30 20 30 26 335 159 27 21
leaf_count=30 30 20 30 26 335 159 27 21
internal_value=0 -0.0326622 -0.0092278 0.277553 -0.0537191 -0.0322073 0.440929 -0.31291
internal_weight=0 648 618 83 535 494 57 41
internal_count=678 648 618 83 535 494 57 41
is_linear=0
shrinkage=0.05


Tree=98
num_leaves=7
num_cat=0
split_feature=7 12 6 2 11 10
split_gain=5640.03 2767.8 2594.45 1885.34 2287.53 1383.07
threshold=0.58571428571428574 985.74650000000008 5.5000000000000009 4.5000000000000009 149.01100000000005 136.91500000000002
decision_type=2 10 2 2 2 2
left_child=1 2 -1 5 -5 -4
right_child=-2 -3 3 4 -6 -7
leaf_value=-0.52481332253664736 0.67022817471375074 0.42235405137762427 -0.10250571910981779 -0.076594224102206399 0.14351813809025563 -0.6510910847783089
leaf_weight=28 30 32 27 367 174 20
leaf_count=28 30 32 27 367 174 20
internal_value=0 -0.0310291 -0.0545815 -0.0321895 -0.00580023 -0.335946
internal_weight=0 648 616 588 541 47
internal_count=678 648 616 588 541 47
is_linear=0
shrinkage=0.05


Tree=99
num_leaves=7
num_cat=0
split_feature=13 11 11 14 10 12
split_gain=5499.38 2042.46 2276.59 1842.67 2594.89 829.851
threshold=947.53150000000016 938.09950000000015 994.44050000000004 923.34400000000005 618.14450000000011 138.54050000000004
decision_type=10 2 2 2 2 10
left_child=1 3 -3 4 5 -1
right_child=-2 2 -4 -5 -6 -7
leaf_value=-0.089691926638194683 0.79649874944062471 0.59272201061248786 -0.092477426474744634 -0.47986653745174412 0.52685023576021195 0.04671705981193025
leaf_weight=411 21 27 22 24 20 153
leaf_count=411 21 27 22 24 20 153
internal_value=0 -0.0254589 0.285081 -0.050486 -0.0328402 -0.0526874
internal_weight=0 657 49 608 584 564
internal_count=678 657 49 608 584 564
is_linear=0
shrinkage=0.05


Tree=100
num_leaves=8
num_cat=0
split_feature=7 6 11 11 14 8 9
split_gain=5088.63 2419.86 2361.54 1676.63 1195.89 1734.33 805.168
threshold=0.58571428571428574 5.5000000000000009 884.50000000000011 994.44050000000004 544.82787500000006 528.08150000000012 977.09250000000009
decision_type=2 2 2 2 2 2 2
left_child=1 -1 4 6 5 -3 -4
right_child=-2 2 3 -5 -6 -7 -8
leaf_value=-0.46801510872319341 0.63662291696916029 -0.050337668338752528 0.57001593252023064 -0.092772930172773507 -0.3993854214315829 0.40345939966765321 0.19365183037740213
leaf_weight=30 30 490 30 26 23 22 27
leaf_count=30 30 490 30 26 23 22 27
internal_value=0 -0.0294733 -0.00818484 0.239964 -0.0466826 -0.0308386 0.391738
internal_weight=0 648 618 83 535 512 57
internal_count=678 648 618 83 535 512 57
is_linear=0
shrinkage=0.05


Tree=101
num_leaves=7
num_cat=0
split_feature=13 11 2 14 11 12
split_gain=4868.63 1745.44 2199.39 1713.73 2236.46 773.026
threshold=947.53150000000016 938.09950000000015 25.500000000000004 921.57925000000012 596.87100000000021 138.54050000000004
decision_type=10 2 2 2 2 10
left_child=1 3 -3 4 5 -1
right_child=-2 2 -4 -5 -6 -7
leaf_value=-0.083381741823868746 0.74943124439035147 -0.051946031818023097 0.6192796528339386 -0.44424919073398295 0.49021960303187373 0.04890788203438387
leaf_weight=411 21 26 23 26 20 151
leaf_count=411 21 26 23 26 20 151
internal_value=0 -0.0239544 0.263119 -0.0470903 -0.0293478 -0.0478377
internal_weight=0 657 49 608 582 562
internal_count=678 657 49 608 582 562
is_linear=0
shrinkage=0.05


Tree=102
num_leaves=7
num_cat=0
split_feature=7 3 11 6 8 8
split_gain=4576.16 2283.04 2214.95 1938.37 1820.73 2517.6
threshold=0.58571428571428574 1.5000000000000002 139.58500000000001 5.5000000000000009 988.93350000000009 947.04450000000008
decision_type=2 2 2 2 2 2
left_child=1 3 -3 -1 5 -5
right_child=-2 2 -4 4 -6 -7
leaf_value=-0.4444920861969392 0.60371590380867324 -0.017659440501169726 0.70936660766601567 -0.031284567650085311 0.35383002110596362 -0.58956792524882728
leaf_weight=30 30 22 20 526 29 21
leaf_count=30 30 22 20 526 29 21
internal_value=0 -0.0279498 0.328543 -0.0526573 -0.0322492 -0.0527177
internal_weight=0 648 42 606 576 547
internal_count=678 648 42 606 576 547
is_linear=0
shrinkage=0.05


Tree=103
num_leaves=9
num_cat=0
split_feature=13 8 8 2 14 13 12 7
split_gain=4300.61 1628.21 3160.76 3544.55 1869.92 2128.99 2048.9 1415.4
threshold=947.53150000000016 894.69850000000008 947.04450000000008 25.500000000000004 544.82787500000006 187.01750000000001 493.51800000000009 0.49285714285714294
decision_type=10 2 2 2 2 10 10 2
left_child=1 4 -3 -4 5 7 -7 -1
right_child=-2 2 3 -5 -6 6 -8 -9
leaf_value=-0.040890938224165202 0.70435771885372356 0.65621342849731445 -0.49430265941403129 0.4138609664780753 -0.44803224365626071 0.58293843937034795 0.012792489305138589 -0.36238961219787602
leaf_weight=458 21 25 22 21 28 26 40 37
leaf_count=458 21 25 22 21 28 26 40 37
internal_value=0 -0.0225137 0.209143 -0.0507809 -0.0492585 -0.0293554 0.237395 -0.0649222
internal_weight=0 657 68 43 589 561 66 495
internal_count=678 657 68 43 589 561 66 495
is_linear=0
shrinkage=0.05


Tree=104
num_leaves=10
num_cat=0
split_feature=7 3 11 2 7 7 12 9 13
split_gain=4244.25 2049.39 1958.85 1810.91 6641.09 4686.13 8698.26 1376.45 1207.71
threshold=0.58571428571428574 1.5000000000000002 139.58500000000001 25.500000000000004 0.3928571428571429 0.092857142857142874 459.75300000000004 899.92400000000009 497.18500000000006
decision_type=2 2 2 2 2 2 10 2 10
left_child=1 3 -3 5 8 7 -7 -1 -5
right_child=-2 2 -4 4 -6 6 -8 -9 -10
leaf_value=-0.069275532883890517 0.58140984902779269 -0.014731921391053636 0.66897266358137131 -0.068731483338021884 0.83682138870159783 -0.15920934772183157 -1.3684269602596761 0.287752602081145 0.27857880081449238
leaf_weight=209 30 22 20 236 24 58 20 31 28
leaf_count=209 30 22 20 236 24 58 20 31 28
internal_value=0 -0.0269171 0.310842 -0.0503262 0.0404975 -0.132582 -0.469265 -0.0231594 -0.0318955
internal_weight=0 648 42 606 288 318 78 240 264
internal_count=678 648 42 606 288 318 78 240 264
is_linear=0
shrinkage=0.05


Tree=105
num_leaves=7
num_cat=0
split_feature=7 6 12 2 10 10
split_gain=3830.43 1987.37 1750.22 1538.58 1506.7 1279.19
threshold=0.58571428571428574 5.5000000000000009 985.74650000000008 4.5000000000000009 137.51700000000002 136.91500000000002
decision_type=2 2 10 2 2 2
left_child=1 -1 3 5 -5 -3
right_child=-2 2 -4 4 -6 -7
leaf_value=-0.42299656858046852 0.55233936985333765 -0.075186143208433087 0.36624124626318616 -0.066878535353453533 0.10496197802927887 -0.60276764772832392
leaf_weight=30 30 27 30 335 206 20
leaf_count=30 30 27 30 335 206 20
internal_value=0 -0.0255713 -0.00627878 -0.0252849 -0.00144573 -0.299689
internal_weight=0 648 618 588 541 47
internal_count=678 648 618 588 541 47
is_linear=0
shrinkage=0.05


Tree=106
num_leaves=7
num_cat=0
split_feature=13 11 11 14 9 13
split_gain=3697.77 1412.62 1749.33 1665.08 1971.4 667.496
threshold=947.53150000000016 938.09950000000015 994.44050000000004 921.57925000000012 582.40350000000012 187.01750000000001
decision_type=10 2 2 2 2 10
left_child=1 3 -3 4 5 -1
right_child=-2 2 -4 -5 -6 -7
leaf_value=-0.062260837030632926 0.65312806907154275 0.50705478169299945 -0.093579699505459191 -0.43317033831889812 0.45142762944811871 0.10484743021045101
leaf_weight=493 21 27 22 26 21 68
leaf_count=493 21 27 22 26 21 68
internal_value=0 -0.0208762 0.237382 -0.0416898 -0.024201 -0.0420053
internal_weight=0 657 49 608 582 561
internal_count=678 657 49 608 582 561
is_linear=0
shrinkage=0.05


Tree=107
num_leaves=7
num_cat=0
split_feature=7 3 11 6 8 8
split_gain=3452.65 1805.12 1670.34 1597.72 1410.02 2359.71
threshold=0.58571428571428574 1.5000000000000002 139.58500000000001 5.5000000000000009 988.93350000000009 947.04450000000008
decision_type=2 2 2 2 2 2
left_child=1 3 -3 -1 5 -5
right_child=-2 2 -4 4 -6 -7
leaf_value=-0.4019889096419017 0.5243944275379181 -0.0079289031977003276 0.62342130824923514 -0.024981396840424934 0.31203591823577881 -0.56547538581348611
leaf_weight=30 30 22 20 526 29 21
leaf_count=30 30 22 20 526 29 21
internal_value=0 -0.0242775 0.292714 -0.0462472 -0.027719 -0.0457316
internal_weight=0 648 42 606 576 547
internal_count=678 648 42 606 576 547
is_linear=0
shrinkage=0.05


Tree=108
num_leaves=9
num_cat=0
split_feature=8 11 11 14 8 7 10 10
split_gain=3373.38 6189.7 2045.2 1460.2 1733.69 843.214 1179.51 503.544
threshold=894.69850000000008 899.92400000000009 977.55300000000011 544.82787500000006 521.65400000000011 0.49285714285714294 72.784500000000008 479.22050000000007
decision_type=2 2 2 2 2 2 2 2
left_child=3 -2 -3 4 5 7 -7 -1
right_child=1 2 -4 -5 -6 6 -8 -9
leaf_value=-0.043036758076247857 1.0156051700765436 -0.23948813509196043 0.32151123277391447 -0.38265372822682064 0.36628118587864772 -0.52439435982988003 0.005545038268679664 0.12437075614929199
leaf_weight=442 22 32 33 30 27 21 21 50
leaf_count=442 22 32 33 30 27 21 21 50
internal_value=0 0.290685 0.0453269 -0.0427911 -0.0246167 -0.0443812 -0.259425 -0.0260238
internal_weight=0 87 65 591 561 534 42 492
internal_count=678 87 65 591 561 534 42 492
is_linear=0
shrinkage=0.05


Tree=109
num_leaves=10
num_cat=0
split_feature=7 3 2 7 7 12 11 12 2
split_gain=3216.95 1655.42 1556.57 6037.75 4072.38 8047.16 1506.4 1386.25 1175.46
threshold=0.58571428571428574 1.5000000000000002 25.500000000000004 0.3928571428571429 0.092857142857142874 459.75300000000004 139.58500000000001 941.12650000000019 36.500000000000007
decision_type=2 2 2 2 2 10 2 10 2
left_child=1 2 4 8 7 -6 -3 -1 -4
right_child=-2 6 3 -5 5 -7 -8 -9 -10
leaf_value=0.018482395992337908 0.50617879152297973 -0.0053806236521764242 0.097505851338307067 0.79902140026291213 -0.13637021922602738 -1.2994500839710237 0.59418779760599139 -0.40678804573558625 -0.11708021244520728
leaf_weight=219 30 22 108 24 58 20 20 21 156
leaf_count=219 30 22 108 24 58 20 20 21 156
internal_value=0 -0.0234342 -0.0444732 0.0397314 -0.120734 -0.434596 0.280128 -0.0187288 -0.029295
internal_weight=0 648 606 288 318 78 42 240 264
internal_count=678 648 606 288 318 78 42 240 264
is_linear=0
shrinkage=0.05


Tree=110
num_leaves=9
num_cat=0
split_feature=8 11 8 14 8 7 12 13
split_gain=3238.34 5593.55 1954.3 1236.55 1595.91 1153.38 1093.74 284.71
threshold=894.69850000000008 899.92400000000009 977.09250000000009 544.82787500000006 498.34850000000006 0.58571428571428574 490.2290000000001 187.01750000000001
decision_type=2 2 2 2 2 2 10 10
left_child=3 -2 -3 4 5 7 -6 -1
right_child=1 2 -4 -5 6 -7 -8 -9
leaf_value=-0.044040085814475757 0.97393447919325404 0.33868666627714711 -0.21022485003751867 -0.35468015119433405 0.52975497684587036 -0.39786544986393141 0.055496100639744153 0.13618397298066512
leaf_weight=464 22 31 34 30 20 23 31 23
leaf_count=464 22 31 34 30 20 23 31 23
internal_value=0 0.284807 0.0515637 -0.0419259 -0.0252011 -0.0518692 0.24148 -0.0355285
internal_weight=0 87 65 591 561 510 51 487
internal_count=678 87 65 591 561 510 51 487
is_linear=0
shrinkage=0.05


Tree=111
num_leaves=7
num_cat=0
split_feature=13 11 12 9 12 11
split_gain=3116.77 1375.08 1725.5 1870.58 1699.09 608.386
threshold=947.53150000000016 938.09950000000015 883.91800000000012 582.40350000000012 961.21150000000011 532.84900000000005
decision_type=10 2 10 2 8 2
left_child=1 2 3 5 -3 -1
right_child=-2 4 -4 -5 -6 -7
leaf_value=-0.028214722711385955 0.5996257285277049 0.54867968740670581 -0.43043559259838526 0.45361334698274736 -0.041284854824726401 -0.30252011888438751
leaf_weight=540 21 23 27 20 26 21
leaf_count=540 21 23 27 20 26 21
internal_value=0 -0.0191661 -0.0397013 -0.0215432 0.235637 -0.0384828
internal_weight=0 657 608 581 49 561
internal_count=678 657 608 581 49 561
is_linear=0
shrinkage=0.05


Tree=112
num_leaves=8
num_cat=0
split_feature=7 6 2 10 14 5 7
split_gain=3020.65 1634.75 1446.92 1934.3 1416.67 1291.54 306.341
threshold=0.58571428571428574 5.5000000000000009 4.5000000000000009 497.18500000000006 147.96825000000004 4.0000000000000009 1.0000000180025095e-35
decision_type=2 2 2 2 2 2 2
left_child=1 -1 4 6 -3 -5 -4
right_child=-2 2 3 5 -6 -7 -8
leaf_value=-0.38315505027770996 0.49049268722534178 -0.039279733598232273 -0.05757954531965518 0.3349183707552798 -0.59025433421134943 0.030025139044885015 0.044498530149142797
leaf_weight=30 30 28 337 68 20 71 94
leaf_count=30 30 28 337 68 20 71 94
internal_value=0 -0.022708 -0.00521057 0.0169909 -0.268852 0.179182 -0.0353166
internal_weight=0 648 618 570 48 139 431
internal_count=678 648 618 570 48 139 431
is_linear=0
shrinkage=0.05


Tree=113
num_leaves=7
num_cat=0
split_feature=13 11 14 10 12 11
split_gain=2776.29 1190.42 1701.14 1603.71 1539.15 559.433
threshold=947.53150000000016 938.09950000000015 921.57925000000012 582.40350000000012 961.21150000000011 532.84900000000005
decision_type=10 2 2 2 8 2
left_child=1 2 3 5 -3 -1
right_child=-2 4 -4 -5 -6 -7
leaf_value=-0.025730361991079045 0.56592773426146736 0.51693321181380225 -0.43289308135326093 0.40946803972834633 -0.044577605793109314 -0.28876864931413104
leaf_weight=540 21 23 26 21 26 21
leaf_count=540 21 23 26 21 26 21
internal_value=0 -0.018089 -0.0371956 -0.0195184 0.218989 -0.0355767
internal_weight=0 657 608 582 49 561
internal_count=678 657 608 582 49 561
is_linear=0
shrinkage=0.05


Tree=114
num_leaves=8
num_cat=0
split_feature=7 6 2 10 14 5 5
split_gain=2713.09 1495.25 1311.8 1652.17 1298.49 1169.29 286.038
threshold=0.58571428571428574 5.5000000000000009 4.5000000000000009 497.18500000000006 147.96825000000004 4.0000000000000009 5.5000000000000009
decision_type=2 2 2 2 2 2 2
left_child=1 -1 4 6 -3 -5 -4
right_child=-2 2 3 5 -6 -7 -8
leaf_value=-0.36624638239542645 0.46485126336415611 -0.036029228089111194 0.0094100846645404704 0.31443206396173029 -0.56352093093097211 0.02432712276300586 -0.072066001402273705
leaf_weight=30 30 28 212 68 20 71 219
leaf_count=30 30 28 212 68 20 71 219
internal_value=0 -0.0215209 -0.00478665 0.0163528 -0.255817 0.166249 -0.0319896
internal_weight=0 648 618 570 48 139 431
internal_count=678 648 618 570 48 139 431
is_linear=0
shrinkage=0.05


Tree=115
num_leaves=7
num_cat=0
split_feature=13 11 12 10 11 9
split_gain=2474.45 1031.4 1602.91 1558.15 1467.73 525.356
threshold=947.53150000000016 938.09950000000015 883.91800000000012 582.40350000000012 994.44050000000004 521.65400000000011
decision_type=10 2 10 2 2 2
left_child=1 2 3 5 -3 -1
right_child=-2 4 -4 -5 -6 -7
leaf_value=-0.021320507799761051 0.53427844189462215 0.45061374251489283 -0.41146102922934075 0.41630218178033829 -0.099556819552725009 -0.23638579979538921
leaf_weight=531 21 27 27 20 22 30
leaf_count=531 21 27 27 20 22 30
internal_value=0 -0.0170774 -0.0348621 -0.017361 0.203598 -0.0328213
internal_weight=0 657 608 581 49 561
internal_count=678 657 608 581 49 561
is_linear=0
shrinkage=0.05


Tree=116
num_leaves=8
num_cat=0
split_feature=7 3 2 11 10 14 9
split_gain=2441.97 1422.91 1448.22 1204.98 950.919 1814.09 1312.95
threshold=0.58571428571428574 1.5000000000000002 50.500000000000007 139.58500000000001 946.54950000000008 981.38625000000013 918.70650000000012
decision_type=2 2 2 2 2 2 2
left_child=1 2 4 -3 6 -6 -1
right_child=-2 3 -4 -5 5 -7 -8
leaf_value=-0.054362077199831743 0.44101341942946121 0.0056694127619266515 0.34070980449517574 0.54190790675580502 -0.012348438417539001 -0.61826773949322256 0.29742419698408673
leaf_weight=503 30 22 24 20 30 21 28
leaf_count=503 30 22 24 20 30 21 28
internal_value=0 -0.0204173 -0.0399229 0.261021 -0.0556191 -0.261845 -0.0358121
internal_weight=0 648 606 42 582 51 531
internal_count=678 648 606 42 582 51 531
is_linear=0
shrinkage=0.05


Tree=117
num_leaves=8
num_cat=0
split_feature=8 11 11 14 8 7 2
split_gain=2286.68 5245.76 1737.9 1412.24 1462.24 1276.89 300.966
threshold=894.69850000000008 899.92400000000009 977.55300000000011 544.82787500000006 521.65400000000011 0.58571428571428574 49.500000000000007
decision_type=2 2 2 2 2 2 2
left_child=3 -2 -3 4 5 6 -1
right_child=1 2 -4 -5 -6 -7 -8
leaf_value=-0.02799390309501857 0.90668675357645212 -0.24909593544434758 0.26804300266684911 -0.36946491042772933 0.3416361203486169 -0.39192406634489696 0.14062688175056662
leaf_weight=482 22 32 33 30 27 24 28
leaf_count=482 22 32 33 30 27 24 28
internal_value=0 0.239327 0.0134515 -0.0352309 -0.0173574 -0.0355088 -0.0187363
internal_weight=0 87 65 591 561 534 510
internal_count=678 87 65 591 561 534 510
is_linear=0
shrinkage=0.05


Tree=118
num_leaves=8
num_cat=0
split_feature=7 6 3 11 2 12 5
split_gain=2341.35 1407.53 1161.71 1094.18 985.068 1188.17 1173.5
threshold=0.58571428571428574 5.5000000000000009 1.5000000000000002 139.58500000000001 4.5000000000000009 136.83750000000001 5.5000000000000009
decision_type=2 2 2 2 2 10 2
left_child=1 -1 4 -4 5 -3 -6
right_child=-2 2 3 -5 6 -7 -8
leaf_value=-0.35445335348447166 0.431832842429479 -0.028887803001063212 0.0067856370386752216 0.51777540460228921 0.071988061825377925 -0.53347384128719566 -0.077093525295794926
leaf_weight=30 30 28 22 20 264 20 264
leaf_count=30 30 28 22 20 264 20 264
internal_value=0 -0.0199923 -0.00375629 0.250114 -0.0222677 -0.239132 -0.00255273
internal_weight=0 648 618 42 576 48 528
internal_count=678 648 618 42 576 48 528
is_linear=0
shrinkage=0.05


Tree=119
num_leaves=7
num_cat=0
split_feature=13 11 14 10 12 2
split_gain=2176.77 958.19 1655.54 1541.04 1380.39 526.967
threshold=947.53150000000016 938.09950000000015 923.34400000000005 618.14450000000011 961.21150000000011 15.500000000000002
decision_type=10 2 2 2 8 2
left_child=1 2 3 5 -3 -1
right_child=-2 4 -4 -5 -6 -7
leaf_value=0.034755885952558276 0.50111110891614652 0.47884211805851562 -0.44015447298685717 0.41488277435302739 -0.052920362353324896 -0.066862105526696386
leaf_weight=195 21 23 24 20 26 369
leaf_count=195 21 23 24 20 26 369
internal_value=0 -0.0160172 -0.0331592 -0.0164333 0.196682 -0.0317282
internal_weight=0 657 608 584 49 564
internal_count=678 657 608 584 49 564
is_linear=0
shrinkage=0.05


Tree=120
num_leaves=8
num_cat=0
split_feature=7 6 2 10 14 5 7
split_gain=2099.73 1267.79 1073.57 1212.35 1108.61 950.86 295.806
threshold=0.58571428571428574 5.5000000000000009 4.5000000000000009 497.18500000000006 147.96825000000004 4.0000000000000009 1.0000000180025095e-35
decision_type=2 2 2 2 2 2 2
left_child=1 -1 4 6 -3 -5 -4
right_child=-2 2 3 5 -6 -7 -8
leaf_value=-0.33635718325773878 0.40894429524739584 -0.02753525142158781 -0.047687562537387852 0.27763114475152073 -0.5149347088485956 0.016022469874628836 0.052619832286492307
leaf_weight=30 30 28 337 68 20 71 94
leaf_count=30 30 28 337 68 20 71 94
internal_value=0 -0.0189326 -0.00352364 0.0156001 -0.230618 0.144004 -0.0258108
internal_weight=0 648 618 570 48 139 431
internal_count=678 648 618 570 48 139 431
is_linear=0
shrinkage=0.05


Tree=121
num_leaves=8
num_cat=0
split_feature=13 11 12 14 9 7 11
split_gain=1969.83 7275.27 2363.38 1997.88 3664.28 1422.11 786.961
threshold=532.78850000000011 935.90250000000003 985.74650000000008 929.67475000000002 855.84850000000017 0.58571428571428574 537.53150000000016
decision_type=10 2 10 2 2 2 2
left_child=3 -2 -3 4 5 6 -1
right_child=1 2 -4 -5 -6 -7 -8
leaf_value=-0.0071448815666484327 0.95804524347186093 -0.44466383716464047 0.25763764433238817 -0.50854342636607941 0.63633394808996302 -0.41292895376682281 -0.31247332272204487
leaf_weight=518 24 25 23 21 21 24 22
leaf_count=518 24 25 23 21 21 24 22
internal_value=0 0.247252 -0.108144 -0.0293765 -0.0121756 -0.0363223 -0.0195842
internal_weight=0 72 48 606 585 564 540
internal_count=678 72 48 606 585 564 540
is_linear=0
shrinkage=0.05


Tree=122
num_leaves=10
num_cat=0
split_feature=7 2 3 14 12 10 12 12 14
split_gain=2040.05 1170.55 1487.04 2486.62 4613.68 1429.09 1731.99 478.497 334.641
threshold=0.58571428571428574 50.500000000000007 1.0000000180025095e-35 544.82787500000006 897.20850000000007 458.66900000000004 961.21150000000011 183.17550000000003 510.830625
decision_type=2 2 2 2 8 2 8 8 2
left_child=1 2 3 8 -5 7 -7 -4 -1
right_child=-2 -3 5 4 -6 6 -8 -9 -10
leaf_value=-0.051403194465009232 0.4030899667739869 0.32399923702081046 0.011449695057817736 -1.009424329996109 -0.093535983731800873 0.3912177613783967 -0.12548897966094638 -0.24795096892863513 0.1511191804300655
leaf_weight=280 30 24 160 20 44 55 23 20 22
leaf_count=280 30 24 160 20 44 55 23 20 22
internal_value=0 -0.0186616 -0.0318408 -0.0966457 -0.379751 0.0600917 0.238856 -0.0173726 -0.0366499
internal_weight=0 648 624 366 64 258 78 180 302
internal_count=678 648 624 366 64 258 78 180 302
is_linear=0
shrinkage=0.05


Tree=123
num_leaves=7
num_cat=0
split_feature=13 11 12 12 10 7
split_gain=1913.46 911.148 1678.08 1271.19 1268.42 543.847
threshold=947.53150000000016 938.09950000000015 883.91800000000012 961.21150000000011 582.40350000000012 0.49285714285714294
decision_type=10 2 10 8 2 2
left_child=1 2 4 -3 5 -1
right_child=-2 3 -4 -5 -6 -7
leaf_value=-0.013237278081581372 0.46982648429416474 0.46316514131815539 -0.417061589161555 -0.047131505379310025 0.37744639337062841 -0.19447920428382026
leaf_weight=516 21 23 27 26 20 45
leaf_count=516 21 23 27 26 20 45
internal_value=0 -0.0150173 -0.0317331 0.192395 -0.0138263 -0.0277754
internal_weight=0 657 608 49 581 561
internal_count=678 657 608 49 581 561
is_linear=0
shrinkage=0.05


Tree=124
num_leaves=7
num_cat=0
split_feature=7 6 3 8 8 11
split_gain=1897.75 1174.08 956.168 898.003 2696.1 867.052
threshold=0.58571428571428574 5.5000000000000009 1.5000000000000002 988.93350000000009 947.04450000000008 139.58500000000001
decision_type=2 2 2 2 2 2
left_child=1 -1 3 4 -3 -4
right_child=-2 2 5 -5 -6 -7
leaf_value=-0.32346631964047751 0.38877789497375492 -0.012159406971328047 0.010541910720481114 0.25117467736889582 -0.58989511160623465 0.46541554793715484
leaf_weight=30 30 526 22 29 21 20
leaf_count=30 30 526 22 29 21 20
internal_value=0 -0.017999 -0.00317046 -0.0199645 -0.0343394 0.227148
internal_weight=0 648 618 576 547 42
internal_count=678 648 618 576 547 42
is_linear=0
shrinkage=0.05


Tree=125
num_leaves=8
num_cat=0
split_feature=8 11 8 14 8 7 2
split_gain=1836.41 4913.42 1515.1 1403.62 1240.91 1542.05 268.933
threshold=894.69850000000008 899.92400000000009 973.75650000000007 544.82787500000006 521.65400000000011 0.58571428571428574 49.500000000000007
decision_type=2 2 2 2 2 2 2
left_child=3 -2 -3 4 5 6 -1
right_child=1 2 -4 -5 -6 -7 -8
leaf_value=-0.020793963021973606 0.86034772504459733 0.27336608214037761 -0.21412651107923406 -0.36478477644423646 0.31695685746769109 -0.42215193895002207 0.13860090428165026
leaf_weight=482 22 28 37 30 27 24 28
leaf_count=482 22 28 37 30 27 24 28
internal_value=0 0.214474 -0.0041297 -0.0315723 -0.0137534 -0.0304747 -0.0120429
internal_weight=0 87 65 591 561 534 510
internal_count=678 87 65 591 561 534 510
is_linear=0
shrinkage=0.05


Tree=126
num_leaves=12
num_cat=0
split_feature=7 2 7 7 12 2 9 2 9 11 7
split_gain=1847.43 1086.48 5036.26 3474.65 7049.79 1153.91 2267.15 1003.2 1342.67 535.539 457.715
threshold=0.58571428571428574 25.500000000000004 0.3928571428571429 0.092857142857142874 459.75300000000004 18.500000000000004 937.36750000000018 36.500000000000007 145.94150000000005 486.62250000000006 0.28571428571428575
decision_type=2 2 2 2 10 2 2 2 2 2 2
left_child=1 3 7 5 10 6 -1 8 -3 -9 -5
right_child=-2 2 -4 4 -6 -7 -8 9 -10 -11 -12
leaf_value=0.00056577871463118622 0.38358931203683216 -0.030010181589907894 0.7453128956258297 0.051949164297963896 -1.1820609986782074 -0.25432444715665448 0.55864472389221198 -0.034253418843652454 0.31398315436166269 -0.23729403871534901 -0.22913860231637956
leaf_weight=202 30 74 24 28 20 36 20 124 46 44 30
leaf_count=202 30 74 24 28 20 36 20 124 46 44 30
internal_value=0 -0.0177588 0.0494283 -0.0801467 -0.372574 0.00826163 0.0508432 -0.00856212 0.101854 -0.0874307 -0.0934411
internal_weight=0 648 312 336 78 258 222 288 120 168 58
internal_count=678 648 312 336 78 258 222 288 120 168 58
is_linear=0
shrinkage=0.05


Tree=127
num_leaves=6
num_cat=0
split_feature=8 2 10 9 14
split_gain=1682.1 1091.14 1203.9 1647.66 1828.42
threshold=988.93350000000009 50.500000000000007 993.32150000000013 910.04900000000009 544.82787500000006
decision_type=2 2 2 2 2
left_child=1 2 3 4 -1
right_child=-2 -3 -4 -5 -6
leaf_value=-0.018688921268989352 0.34817986510919807 0.32825536754998297 -0.39331950734962118 0.31123774548371635 -0.46468236570556959
leaf_weight=541 33 22 22 36 24
leaf_count=541 33 22 22 36 24
internal_value=0 -0.0178139 -0.0300346 -0.0167363 -0.0376338
internal_weight=0 645 623 601 565
internal_count=678 645 623 601 565
is_linear=0
shrinkage=0.05


Tree=128
num_leaves=8
num_cat=0
split_feature=7 6 3 11 2 10 12
split_gain=1660.89 1129.77 884.446 786.49 738.054 984.167 972.399
threshold=0.58571428571428574 5.5000000000000009 1.5000000000000002 139.58500000000001 4.5000000000000009 941.12650000000019 136.83750000000001
decision_type=2 2 2 2 2 2 10
left_child=1 -1 4 -4 6 -6 -3
right_child=-2 2 3 -5 5 -7 -8
leaf_value=-0.3164864067236583 0.36370760659376783 -0.015960593255502836 0.012921919030222027 0.44614818960428243 -0.023457164048786162 0.20968581782281401 -0.47243754088878637
leaf_weight=30 30 28 22 20 478 50 20
leaf_count=30 30 28 22 20 478 50 20
internal_value=0 -0.0168383 -0.00229229 0.21922 -0.0184442 -0.00137923 -0.206159
internal_weight=0 648 618 42 576 528 48
internal_count=678 648 618 42 576 528 48
is_linear=0
shrinkage=0.05


Tree=129
num_leaves=6
num_cat=0
split_feature=13 10 14 8 7
split_gain=1581.45 830.943 2518.87 3622.73 604.702
threshold=947.53150000000016 977.09250000000009 929.67475000000002 882.4765000000001 0.49285714285714294
decision_type=10 2 2 2 2
left_child=1 2 3 4 -1
right_child=-2 -3 -4 -5 -6
leaf_value=-0.010783785603243315 0.42712555158705945 0.24801751894169841 -0.45093690459475372 0.64287084539731343 -0.20170869635211097
leaf_weight=529 21 29 33 21 45
leaf_count=529 21 29 33 21 45
internal_value=0 -0.0136524 -0.0257359 -0.00215332 -0.0257518
internal_weight=0 657 628 595 574
internal_count=678 657 628 595 574
is_linear=0
shrinkage=0.05


Tree=130
num_leaves=15
num_cat=0
split_feature=2 2 2 14 7 9 2 2 7 10 7 12 7 3
split_gain=1576.9 11214 2478.08 2846.01 1689.27 1513.41 1364.17 2580.9 3589.72 1396.26 1114.05 938.715 272.424 123.366
threshold=15.500000000000002 13.500000000000002 25.500000000000004 518.0205000000002 0.24285714285714285 899.92400000000009 32.500000000000007 34.500000000000007 0.3928571428571429 137.51700000000002 0.28571428571428575 937.36750000000018 1.0000000180025095e-35 1.0000000180025095e-35
decision_type=2 2 2 2 2 2 2 2 2 2 2 8 2 2
left_child=1 4 3 10 5 11 9 -8 -9 13 12 -1 -2 -4
right_child=2 -3 6 -5 -6 -7 7 8 -10 -11 -12 -13 -14 -15
leaf_value=0.036458442653056942 -0.11214079602452165 1.1289094010988872 0.10359509959816933 -0.74951048933941389 -0.40676261360446619 0.41864646116028664 -0.53606022667760655 -0.061577081866562369 0.58701403910915062 0.43715615368941257 -0.4264076454564929 -0.2965238385759294 0.085250798921132909 -0.053607618121000435
leaf_weight=138 44 24 24 23 24 23 24 192 24 34 24 25 29 26
leaf_count=138 44 24 24 23 24 23 24 192 24 34 24 25 29 26
internal_value=0 0.105037 -0.0553571 -0.249454 -0.0119775 0.0389626 0.0165305 -0.0441663 0.0104886 0.18995 -0.130884 -0.0146125 -0.033725 0.0218497
internal_weight=0 234 444 120 210 186 324 240 216 84 97 163 73 50
internal_count=678 234 444 120 210 186 324 240 216 84 97 163 73 50
is_linear=0
shrinkage=0.05


Tree=131
num_leaves=7
num_cat=0
split_feature=8 8 8 7 13 12
split_gain=1484.69 1019.21 2608.66 1324 3653 511.321
threshold=988.93350000000009 947.04450000000008 894.69850000000008 0.49285714285714294 19.529500000000002 863.0150000000001
decision_type=2 2 2 2 10 10
left_child=1 2 3 5 -5 -1
right_child=-2 -3 -4 4 -6 -7
leaf_value=-0.014706163416415396 0.3271113059963241 -0.33644994646310811 0.45046831369400026 -0.79528319597244268 0.089468765631318101 0.24289686769247054
leaf_weight=523 33 24 30 20 28 20
leaf_count=523 33 24 30 20 28 20
internal_value=0 -0.0167359 -0.00437983 -0.0274686 -0.279178 -0.00521802
internal_weight=0 645 621 591 48 543
internal_count=678 645 621 591 48 543
is_linear=0
shrinkage=0.05


Tree=132
num_leaves=6
num_cat=0
split_feature=7 9 7 12 12
split_gain=1510.76 1127.19 1201.22 1293.11 969.19
threshold=0.58571428571428574 1006.3405000000001 0.49285714285714294 981.79950000000019 961.21150000000011
decision_type=2 2 2 10 8
left_child=1 2 3 4 -1
right_child=-2 -3 -4 -5 -6
leaf_value=0.010684232739108783 0.3468799016873042 -0.37639316277844564 -0.35864165114319846 0.35445611412063815 -0.25722487062836685
leaf_weight=542 30 21 23 26 36
leaf_count=542 30 21 23 26 36
internal_value=0 -0.0160593 -0.00399065 0.00951427 -0.00600215
internal_weight=0 648 627 604 578
internal_count=678 648 627 604 578
is_linear=0
shrinkage=0.05


Tree=133
num_leaves=15
num_cat=0
split_feature=2 2 2 14 7 9 2 2 7 10 7 12 8 3
split_gain=1455.21 10070.5 2167.68 2603.47 1478.48 1318.87 1244.46 2241.64 3163.22 1232.55 944.693 791.617 269.39 113.822
threshold=15.500000000000002 13.500000000000002 25.500000000000004 518.0205000000002 0.24285714285714285 899.92400000000009 32.500000000000007 34.500000000000007 0.3928571428571429 137.51700000000002 0.28571428571428575 937.36750000000018 120.26150000000001 1.0000000180025095e-35
decision_type=2 2 2 2 2 2 2 2 2 2 2 8 2 2
left_child=1 4 3 10 5 11 9 -8 -9 13 12 -1 -2 -4
right_child=2 -3 6 -5 -6 -7 7 8 -10 -11 -12 -13 -14 -15
leaf_value=0.034556615046238991 0.041749608783942203 1.0711691676328579 0.10027363821864128 -0.71298760953156848 -0.3793195478928586 0.39211248392644138 -0.50234131122124381 -0.060629077570774827 0.54821442017952604 0.41195469752830621 -0.39344237848029784 -0.27122530007362367 -0.15720844121166955 -0.050726140519747366
leaf_weight=138 46 24 24 23 24 23 24 192 24 34 24 25 27 26
leaf_count=138 46 24 24 23 24 23 24 192 24 34 24 25 27 26
internal_value=0 0.100902 -0.0531783 -0.234712 -0.00998525 0.0376708 0.0140565 -0.043916 0.0070202 0.179692 -0.121307 -0.0123425 -0.0318376 0.0217538
internal_weight=0 234 444 120 210 186 324 240 216 84 97 163 73 50
internal_count=678 234 444 120 210 186 324 240 216 84 97 163 73 50
is_linear=0
shrinkage=0.05


Tree=134
num_leaves=7
num_cat=0
split_feature=8 8 8 7 13 12
split_gain=1361.49 931.415 2275.37 1238.59 3308.72 483.171
threshold=988.93350000000009 947.04450000000008 894.69850000000008 0.49285714285714294 19.529500000000002 863.0150000000001
decision_type=2 2 2 2 10 10
left_child=1 2 3 5 -5 -1
right_child=-2 -3 -4 4 -6 -7
leaf_value=-0.013480342198234499 0.31324626108010611 -0.32166078686714172 0.42058446645736702 -0.76041642636060713 0.08161134528262276 0.2369314081966877
leaf_weight=523 33 24 30 20 28 20
leaf_count=523 33 24 30 20 28 20
internal_value=0 -0.0160266 -0.0042146 -0.025778 -0.269234 -0.00425707
internal_weight=0 645 621 591 48 543
internal_count=678 645 621 591 48 543
is_linear=0
shrinkage=0.05


Tree=135
num_leaves=7
num_cat=0
split_feature=7 6 3 13 8 11
split_gain=1324.29 1046.1 742.601 830.532 1366.06 641.052
threshold=0.58571428571428574 5.5000000000000009 1.5000000000000002 928.24300000000005 983.8475000000002 139.58500000000001
decision_type=2 2 2 10 2 2
left_child=1 -1 3 4 -3 -4
right_child=-2 2 5 -5 -6 -7
leaf_value=-0.30337454825639726 0.32476817528406782 -0.019344987871634935 0.015685700963843953 -0.30377794702847805 0.38274638232859703 0.40681000377982857
leaf_weight=30 30 530 22 24 22 20
leaf_count=30 30 530 22 24 22 20
internal_value=0 -0.0150356 -0.00103852 -0.0158387 -0.00331961 0.201935
internal_weight=0 648 618 576 552 42
internal_count=678 648 618 576 552 42
is_linear=0
shrinkage=0.05


Tree=136
num_leaves=14
num_cat=0
split_feature=2 2 2 13 3 7 4 9 7 13 7 12 2
split_gain=1302.36 9102.99 1894.25 2483.74 1423.53 1299.65 1193.34 1132.49 1068.15 1062.19 850.666 717.1 104.629
threshold=15.500000000000002 13.500000000000002 25.500000000000004 138.54050000000004 1.0000000180025095e-35 0.24285714285714285 1.0000000180025095e-35 899.92400000000009 0.28571428571428575 497.18500000000006 0.28571428571428575 937.36750000000018 20.500000000000004
decision_type=2 2 2 10 2 2 2 2 2 10 2 8 2
left_child=1 5 3 4 8 7 9 11 -2 10 -4 -1 -6
right_child=2 -3 6 -5 12 -7 -8 -9 -10 -11 -12 -13 -14
leaf_value=0.033002806444773859 -0.1190031264598171 1.0179387391855321 -0.022600840147713137 -0.71390853949955535 0.1958934433758259 -0.35624818867072466 0.28395256217983039 0.36315436881521479 -0.56843633800745008 0.26558035971789529 -0.31913425000729384 -0.25803143662214278 0.034161551780998708
leaf_weight=138 39 24 232 21 20 24 36 23 20 29 27 25 20
leaf_count=138 39 24 232 21 20 24 36 23 20 29 27 25 20
internal_value=0 0.0954561 -0.0503079 -0.220007 -0.11524 -0.0099705 0.0125435 0.0347105 -0.271353 -0.0213826 -0.0535136 -0.0116343 0.115027
internal_weight=0 234 444 120 99 210 324 186 59 288 259 163 40
internal_count=678 234 444 120 99 210 324 186 59 288 259 163 40
is_linear=0
shrinkage=0.05


Tree=137
num_leaves=6
num_cat=0
split_feature=13 10 14 8 7
split_gain=1236.59 676.56 2443.21 2785.53 687.527
threshold=947.53150000000016 977.09250000000009 929.67475000000002 882.4765000000001 0.58571428571428574
decision_type=10 2 2 2 2
left_child=1 2 3 4 -1
right_child=-2 -3 -4 -5 -6
leaf_value=-0.0087655513555842893 0.3776953458786011 0.22404137932021043 -0.4417428224375754 0.56585291538919724 -0.27687653875350954
leaf_weight=549 21 29 33 21 25
leaf_count=549 21 29 33 21 25
internal_value=0 -0.0120725 -0.0229758 0.000249933 -0.0204429
internal_weight=0 657 628 595 574
internal_count=678 657 628 595 574
is_linear=0
shrinkage=0.05


Tree=138
num_leaves=7
num_cat=0
split_feature=7 9 2 13 14 12
split_gain=1204.27 1008.13 851.143 1326.32 1196.74 801.037
threshold=0.58571428571428574 1006.3405000000001 4.5000000000000009 876.43300000000011 923.34400000000005 74.097500000000011
decision_type=2 2 2 10 2 10
left_child=1 2 5 4 -4 -1
right_child=-2 -3 3 -5 -6 -7
leaf_value=0.018722872585058212 0.30970179756482441 -0.35511036458469575 0.011631779245257321 0.32601895760744815 -0.32971701301910261 -0.40972892517844839
leaf_weight=20 30 21 524 32 27 24
leaf_count=20 30 21 524 32 27 24
internal_value=0 -0.014338 -0.00292462 0.0130794 -0.00509493 -0.214978
internal_weight=0 648 627 583 551 44
internal_count=678 648 627 583 551 44
is_linear=0
shrinkage=0.05


Tree=139
num_leaves=10
num_cat=0
split_feature=2 2 7 7 9 7 9 12 2
split_gain=1200.85 8065.44 1688.03 2291.44 1917.24 1111.84 1014.03 659.707 535.576
threshold=15.500000000000002 13.500000000000002 0.49285714285714294 0.3928571428571429 988.93350000000009 0.24285714285714285 899.92400000000009 937.36750000000018 36.500000000000007
decision_type=2 2 2 2 2 2 2 8 2
left_child=1 5 3 4 8 6 7 -1 -2
right_child=2 -3 -4 -5 -6 -7 -8 -9 -10
leaf_value=0.032710329961517584 0.030929205405945872 0.95998093237479543 -0.3765144133526418 0.45462578432634476 -0.52559785410761839 -0.32785794114073119 0.34454121589660647 -0.24643468829989434 -0.091266618276131348
leaf_weight=138 204 24 36 24 20 24 23 25 160
leaf_count=138 204 24 36 24 20 24 23 25 160
internal_value=0 0.0916605 -0.0483076 -0.0193481 -0.0489715 -0.00757612 0.0337506 -0.0101033 -0.0227832
internal_weight=0 234 444 408 384 210 186 163 364
internal_count=678 234 444 408 384 210 186 163 364
is_linear=0
shrinkage=0.05


Tree=140
num_leaves=6
num_cat=0
split_feature=8 8 8 7 14
split_gain=1163.85 875.275 1904.32 1223.7 750.496
threshold=988.93350000000009 947.04450000000008 894.69850000000008 0.58571428571428574 544.82787500000006
decision_type=2 2 2 2 2
left_child=1 2 3 4 -1
right_child=-2 -3 -4 -5 -6
leaf_value=0.0058301796116727173 0.2896190668597366 -0.31109793136517205 0.38525456229845689 -0.35192402203877771 -0.25970512490187375
leaf_weight=536 33 24 30 27 28
leaf_count=536 33 24 30 27 28
internal_value=0 -0.0148177 -0.00336728 -0.0230943 -0.00735242
internal_weight=0 645 621 591 564
internal_count=678 645 621 591 564
is_linear=0
shrinkage=0.05


Tree=141
num_leaves=7
num_cat=0
split_feature=7 6 3 13 9 11
split_gain=1132.88 993.689 632.22 850.929 1154.68 549.735
threshold=0.58571428571428574 5.5000000000000009 1.5000000000000002 928.24300000000005 963.19450000000018 139.58500000000001
decision_type=2 2 2 10 2 2
left_child=1 -1 3 4 -3 -4
right_child=-2 2 5 -5 -6 -7
leaf_value=-0.29492919097344078 0.30038223346074422 -0.018888635989584679 0.014542710349302402 -0.30537419617176059 0.2952139967872251 0.37673977416008714
leaf_weight=30 30 521 22 24 31 20
leaf_count=30 30 521 22 24 31 20
internal_value=0 -0.0139066 -0.00026471 -0.0139207 -0.00124881 0.187018
internal_weight=0 648 618 576 552 42
internal_count=678 648 618 576 552 42
is_linear=0
shrinkage=0.05


Tree=142
num_leaves=7
num_cat=0
split_feature=13 11 12 12 10 7
split_gain=1131.21 668.429 1861.87 1301.08 804.905 739.065
threshold=947.53150000000016 938.09950000000015 883.91800000000012 961.21150000000011 582.40350000000012 0.58571428571428574
decision_type=10 2 10 8 2 2
left_child=1 2 4 -3 5 -1
right_child=-2 3 -4 -5 -6 -7
leaf_value=-0.0057196317838386244 0.36124284267425538 0.4400389567665432 -0.43174515476933228 -0.076221574663829353 0.30468646168708802 -0.28384489250183104
leaf_weight=536 21 23 27 26 20 25
leaf_count=536 21 23 27 26 20 25
internal_value=0 -0.0115466 -0.0258639 0.166105 -0.00700192 -0.0181138
internal_weight=0 657 608 49 581 561
internal_count=678 657 608 49 581 561
is_linear=0
shrinkage=0.05


Tree=143
num_leaves=6
num_cat=0
split_feature=7 6 13 8 14
split_gain=1095.11 907.295 589.621 1009.63 530.226
threshold=0.58571428571428574 5.5000000000000009 928.24300000000005 983.8475000000002 929.67475000000002
decision_type=2 2 10 2 2
left_child=1 -1 3 4 -3
right_child=-2 2 -4 -5 -6
leaf_value=-0.28220135780672234 0.2953328839937846 0.0081298132364948598 -0.22482386572020396 0.34234611175277019 -0.21502110890245865
leaf_weight=30 30 540 28 22 28
leaf_count=30 30 540 28 22 28
internal_value=0 -0.0136728 -0.000637453 0.0100019 -0.00287058
internal_weight=0 648 618 590 568
internal_count=678 648 618 590 568
is_linear=0
shrinkage=0.05


Tree=144
num_leaves=6
num_cat=0
split_feature=13 10 14 8 7
split_gain=1082.13 652.434 2188.12 2327.69 736.906
threshold=947.53150000000016 977.09250000000009 929.67475000000002 882.4765000000001 0.58571428571428574
decision_type=10 2 2 2 2
left_child=1 2 3 4 -1
right_child=-2 -3 -4 -5 -6
leaf_value=-0.0068472684163198155 0.35332003207433793 0.22057238467808427 -0.41830313458587187 0.51701509271349222 -0.28441929149627687
leaf_weight=549 21 29 33 21 25
leaf_count=549 21 29 33 21 25
internal_value=0 -0.0112933 -0.0220005 -2.06987e-05 -0.0189366
internal_weight=0 657 628 595 574
internal_count=678 657 628 595 574
is_linear=0
shrinkage=0.05


Tree=145
num_leaves=8
num_cat=0
split_feature=7 8 9 2 13 7 12
split_gain=1070.3 12517.1 1536.43 703.666 1053.73 787.998 715.427
threshold=0.53571428571428581 125.52350000000003 1006.3405000000001 4.5000000000000009 876.43300000000011 0.3928571428571429 74.097500000000011
decision_type=2 2 2 2 10 2 10
left_child=2 -2 3 6 5 -5 -1
right_child=1 -3 -4 4 -6 -7 -8
leaf_value=0.026040195822715762 -0.57853897728703241 1.1497633534669878 -0.44743736207485202 -0.018228225851770485 0.29145939461886883 0.24970099851489069 -0.37886973122755685
leaf_weight=20 22 20 20 511 32 29 24
leaf_count=20 22 20 20 511 32 29 24
internal_value=0 0.244462 -0.0161437 -0.00214069 0.0126808 -0.00383943 -0.19482
internal_weight=0 42 636 616 572 540 44
internal_count=678 42 636 616 572 540 44
is_linear=0
shrinkage=0.05


Tree=146
num_leaves=13
num_cat=0
split_feature=2 2 2 14 4 7 9 13 7 7 12 7
split_gain=1101.95 7095.4 1589.99 2225.87 1073.11 937.312 855.826 806.044 771.574 749.051 598.647 289.697
threshold=15.500000000000002 13.500000000000002 25.500000000000004 518.0205000000002 1.0000000180025095e-35 0.24285714285714285 899.92400000000009 497.18500000000006 0.28571428571428575 0.28571428571428575 871.70650000000012 1.0000000180025095e-35
decision_type=2 2 2 2 2 2 2 10 2 2 8 2
left_child=1 5 3 9 7 6 10 8 -4 11 -1 -2
right_child=2 -3 4 -5 -6 -7 -8 -9 -10 -11 -12 -13
leaf_value=0.035078592792920332 -0.098085996102203032 0.90223651652534809 -0.019413693623761809 -0.64398291629293691 0.26868098601698875 -0.29934446215629579 0.31819174756174506 0.22911496347394486 -0.30182548593039865 -0.33921397443239892 -0.22267099478178554 0.10546727386014215
leaf_weight=136 44 24 232 23 36 24 23 29 27 24 27 29
leaf_count=136 44 24 232 23 36 24 23 29 27 24 27 29
internal_value=0 0.0878051 -0.0462757 -0.20175 0.0113074 -0.00527279 0.0326719 -0.0208643 -0.0488543 -0.0968904 -0.00761612 -0.0172224
internal_weight=0 234 444 120 324 210 186 288 259 97 163 73
internal_count=678 234 444 120 324 210 186 288 259 97 163 73
is_linear=0
shrinkage=0.05


Tree=147
num_leaves=10
num_cat=0
split_feature=2 2 7 7 14 7 9 12 3
split_gain=994.51 6403.6 1486.95 1974.1 1653.44 845.924 772.383 542.603 510.039
threshold=15.500000000000002 13.500000000000002 0.49285714285714294 0.3928571428571429 973.68812500000013 0.24285714285714285 899.92400000000009 937.36750000000018 1.5000000000000002
decision_type=2 2 2 2 2 2 2 8 2
left_child=1 5 3 4 8 6 7 -1 -2
right_child=2 -3 -4 -5 -6 -7 -8 -9 -10
leaf_value=0.031592923408185224 -0.034737813089535961 0.85712468425432842 -0.35200088594315782 0.42314921071132022 -0.47563961403710509 -0.28437724007914461 0.30228215922480045 -0.22156722342967985 0.20855079911973165
leaf_weight=138 340 24 36 24 21 24 23 25 23
leaf_count=138 340 24 36 24 21 24 23 25 23
internal_value=0 0.0834148 -0.0439619 -0.016782 -0.0442777 -0.00500915 0.0310383 -0.00723532 -0.0193228
internal_weight=0 234 444 408 384 210 186 163 363
internal_count=678 234 444 408 384 210 186 163 363
is_linear=0
shrinkage=0.05


Tree=148
num_leaves=6
num_cat=0
split_feature=8 8 8 7 14
split_gain=966.349 833.543 1547.59 1267.32 666.964
threshold=988.93350000000009 947.04450000000008 894.69850000000008 0.58571428571428574 544.82787500000006
decision_type=2 2 2 2 2
left_child=1 2 3 4 -1
right_child=-2 -3 -4 -5 -6
leaf_value=0.0083358390802350732 0.26390341881549723 -0.30263274163007736 0.34800847609837854 -0.3547509652596933 -0.24198625303272692
leaf_weight=536 33 24 30 27 28
leaf_count=536 33 24 30 27 28
internal_value=0 -0.013502 -0.0023279 -0.0201115 -0.0040915
internal_weight=0 645 621 591 564
internal_count=678 645 621 591 564
is_linear=0
shrinkage=0.05


Tree=149
num_leaves=8
num_cat=0
split_feature=7 8 9 2 3 14 11
split_gain=1007.17 11170.7 1345.1 575.236 580.765 738.727 469.221
threshold=0.53571428571428581 125.52350000000003 1006.3405000000001 50.500000000000007 1.5000000000000002 544.82787500000006 139.58500000000001
decision_type=2 2 2 2 2 2 2
left_child=2 -2 3 4 5 -1 -6
right_child=1 -3 -4 -5 6 -7 -8
leaf_value=-0.002240054658366933 -0.54033644768324762 1.0923714362084866 -0.41920754313468933 0.23741226593653361 0.0075801629573106766 -0.1674626430567307 0.3422040069103241
leaf_weight=471 22 20 20 24 22 79 20
leaf_count=471 22 20 20 24 22 79 20
internal_value=0 0.237143 -0.0156604 -0.00255824 -0.0122868 -0.025972 0.166925
internal_weight=0 42 636 616 592 550 42
internal_count=678 42 636 616 592 550 42
is_linear=0
shrinkage=0.05


Tree=150
num_leaves=7
num_cat=0
split_feature=13 11 14 12 12 11
split_gain=943.149 626.244 1687.09 1122.57 796.806 757.436
threshold=947.53150000000016 938.09950000000015 921.57925000000012 961.21150000000011 846.1450000000001 532.84900000000005
decision_type=10 2 2 8 8 2
left_child=1 2 4 -3 5 -1
right_child=-2 3 -4 -5 -6 -7
leaf_value=-0.0097529320620384271 0.32985137076604937 0.41586079701133399 -0.41846063847725212 -0.063679050482236418 0.22104256484243603 -0.30922917940399869
leaf_weight=524 21 23 26 26 36 22
leaf_count=524 21 23 26 26 36 22
internal_value=0 -0.0105432 -0.0244014 0.161411 -0.00679733 -0.0218197
internal_weight=0 657 608 49 582 546
internal_count=678 657 608 49 582 546
is_linear=0
shrinkage=0.05


Tree=151
num_leaves=7
num_cat=0
split_feature=7 8 9 12 13 11
split_gain=905.365 10056 1212.09 557.534 1112.25 948.472
threshold=0.53571428571428581 125.52350000000003 1006.3405000000001 981.79950000000019 842.96900000000016 889.71600000000012
decision_type=2 2 2 10 10 2
left_child=2 -2 3 4 5 -1
right_child=1 -3 -4 -5 -6 -7
leaf_value=-0.013838924041007601 -0.51283197023651816 1.0362763610482215 -0.39792396545410158 0.21976250917823226 -0.37907794684171681 0.29529859263163349
leaf_weight=543 22 20 20 27 20 26
leaf_count=543 22 20 20 27 20 26
internal_value=0 0.224839 -0.0148478 -0.0024103 -0.0125948 0.000286868
internal_weight=0 42 636 616 589 569
internal_count=678 42 636 616 589 569
is_linear=0
shrinkage=0.05


Tree=152
num_leaves=6
num_cat=0
split_feature=8 11 11 14 9
split_gain=922.058 717.668 1638.47 871.578 938.333
threshold=988.93350000000009 994.44050000000004 935.90250000000003 544.82787500000006 499.23700000000002
decision_type=2 2 2 2 2
left_child=1 2 3 4 -1
right_child=-2 -3 -4 -5 -6
leaf_value=-0.024148687670374067 0.25778478673010163 -0.30068691571553552 0.39307477980852129 -0.25180473688401678 0.20703156432136893
leaf_weight=513 33 21 25 38 48
leaf_count=513 33 21 25 38 48
internal_value=0 -0.013189 -0.00351358 -0.0200657 -0.00436856
internal_weight=0 645 624 599 561
internal_count=678 645 624 599 561
is_linear=0
shrinkage=0.05


Tree=153
num_leaves=10
num_cat=0
split_feature=2 2 7 7 14 7 9 12 3
split_gain=908.832 5700.73 1417.82 1682.46 1511.59 724.124 711.629 513.279 426.465
threshold=15.500000000000002 13.500000000000002 0.49285714285714294 0.3928571428571429 973.68812500000013 0.24285714285714285 899.92400000000009 871.70650000000012 1.5000000000000002
decision_type=2 2 2 2 2 2 2 8 2
left_child=1 5 3 4 8 6 7 -1 -2
right_child=2 -3 -4 -5 -6 -7 -8 -9 -10
leaf_value=0.032458025830633501 -0.03110374148914536 0.80975518549482028 -0.34281844703687564 0.39065156051268185 -0.45331196501141502 -0.26216385611332954 0.29001972597578302 -0.20620716219698942 0.19136116875578529
leaf_weight=136 340 24 36 24 21 24 23 27 23
leaf_count=136 340 24 36 24 21 24 23 27 23
internal_value=0 0.0797408 -0.0420255 -0.015485 -0.0408685 -0.00368943 0.0296621 -0.00707547 -0.0170082
internal_weight=0 234 444 408 384 210 186 163 363
internal_count=678 234 444 408 384 210 186 163 363
is_linear=0
shrinkage=0.05


Tree=154
num_leaves=8
num_cat=0
split_feature=13 11 12 7 14 14 11
split_gain=886.829 5479.18 1629.7 1566.9 502.409 657.403 682.136
threshold=508.34050000000008 935.90250000000003 985.74650000000008 0.58571428571428574 929.67475000000002 875.50312500000007 531.0100000000001
decision_type=10 2 10 2 2 2 2
left_child=3 -2 -3 4 5 6 -1
right_child=1 2 -4 -5 -6 -7 -8
leaf_value=0.0048808020070518375 0.68867903668433428 -0.45214479970932014 0.13104603238727736 -0.40026895403862001 -0.24961827066726983 0.25601353526115417 -0.29280589446425437
leaf_weight=509 30 25 23 26 20 25 20
leaf_count=509 30 25 23 26 20 25 20
internal_value=0 0.1586 -0.172699 -0.020618 -0.00342128 0.00546669 -0.00637389
internal_weight=0 78 48 600 574 554 529
internal_count=678 78 48 600 574 554 529
is_linear=0
shrinkage=0.05


Tree=155
num_leaves=7
num_cat=0
split_feature=7 13 8 12 12 11
split_gain=920.214 9220.88 1132.13 787.355 934.483 1366.69
threshold=0.53571428571428581 22.346000000000004 1004.0665000000001 991.77650000000006 946.54950000000008 935.90250000000003
decision_type=2 10 2 10 10 2
left_child=2 -2 3 4 5 -1
right_child=1 -3 -4 -5 -6 -7
leaf_value=-0.01605838882667562 -0.47969978397542778 1.0036870941519738 -0.36739078597588976 0.29853519371577669 -0.34057608104887466 0.39491818235034037
leaf_weight=551 22 20 22 21 21 21
leaf_count=551 22 20 22 21 21 21
internal_value=0 0.226675 -0.0149691 -0.00234161 -0.0129966 -0.000970088
internal_weight=0 42 636 614 593 572
internal_count=678 42 636 614 593 572
is_linear=0
shrinkage=0.05


Tree=156
num_leaves=6
num_cat=0
split_feature=8 8 8 7 14
split_gain=920.233 730.277 1316.61 1206.03 628.341
threshold=988.93350000000009 947.04450000000008 894.69850000000008 0.58571428571428574 544.82787500000006
decision_type=2 2 2 2 2
left_child=1 2 3 4 -1
right_child=-2 -3 -4 -5 -6
leaf_value=0.0085701895373831716 0.25752949552102522 -0.28380479986468948 0.32041998863220217 -0.34556642991525161 -0.23439590543234123
leaf_weight=536 33 24 30 27 28
leaf_count=536 33 24 30 27 28
internal_value=0 -0.0131759 -0.00271684 -0.0191197 -0.00349196
internal_weight=0 645 621 591 564
internal_count=678 645 621 591 564
is_linear=0
shrinkage=0.05


Tree=157
num_leaves=7
num_cat=0
split_feature=7 8 8 12 12 11
split_gain=908.678 8778.64 1097.71 715.671 851.636 1224.09
threshold=0.53571428571428581 125.52350000000003 1004.0665000000001 991.77650000000006 946.54950000000008 935.90250000000003
decision_type=2 2 2 10 10 2
left_child=2 -2 3 4 5 -1
right_child=1 -3 -4 -5 -6 -7
leaf_value=-0.015397770650040008 -0.46397809359160336 0.9834000945091248 -0.36189771538430993 0.28441254854911852 -0.32532095100198477 0.37354831865855626
leaf_weight=551 22 20 22 21 21 21
leaf_count=551 22 20 22 21 21 21
internal_value=0 0.22525 -0.014875 -0.00244093 -0.0125993 -0.00111828
internal_weight=0 42 636 614 593 572
internal_count=678 42 636 614 593 572
is_linear=0
shrinkage=0.05


Tree=158
num_leaves=6
num_cat=0
split_feature=8 8 8 7 14
split_gain=884.945 679.856 1136.84 1133.66 592.134
threshold=988.93350000000009 947.04450000000008 894.69850000000008 0.58571428571428574 544.82787500000006
decision_type=2 2 2 2 2
left_child=1 2 3 4 -1
right_child=-2 -3 -4 -5 -6
leaf_value=0.0087899542152586243 0.25254347703673624 -0.27404006222883859 0.29743669191996258 -0.33457284768422446 -0.22707222089437501
leaf_weight=536 33 24 30 27 28
leaf_count=536 33 24 30 27 28
internal_value=0 -0.0129208 -0.00282926 -0.0180712 -0.00291952
internal_weight=0 645 621 591 564
internal_count=678 645 621 591 564
is_linear=0
shrinkage=0.05


Tree=159
num_leaves=6
num_cat=0
split_feature=7 6 13 9 14
split_gain=918.162 881.662 581.522 1009.42 1656.13
threshold=0.58571428571428574 5.5000000000000009 928.24300000000005 963.19450000000018 923.34400000000005
decision_type=2 2 10 2 2
left_child=1 -1 3 4 -3
right_child=-2 2 -4 -5 -6
leaf_value=-0.27722764357924462 0.27042174816131592 0.012914679864043408 -0.22231103054114751 0.28861498198201579 -0.42969830578023738
leaf_weight=30 30 537 28 31 22
leaf_count=30 30 537 28 31 22
internal_value=0 -0.0125195 0.000330382 0.0108964 -0.00450479
internal_weight=0 648 618 590 559
internal_count=678 648 618 590 559
is_linear=0
shrinkage=0.05


Tree=160
num_leaves=6
num_cat=0
split_feature=13 10 14 8 7
split_gain=893.53 613.129 2029.39 1719.51 603.93
threshold=947.53150000000016 977.09250000000009 929.67475000000002 882.4765000000001 0.58571428571428574
decision_type=10 2 2 2 2
left_child=1 2 3 4 -1
right_child=-2 -3 -4 -5 -6
leaf_value=-0.0047877991696071553 0.32105750469934374 0.21451087049369155 -0.40230022614652461 0.44491223323912854 -0.25607083177566531
leaf_weight=549 21 29 33 21 25
leaf_count=549 21 29 33 21 25
internal_value=0 -0.0102621 -0.0206418 0.000525856 -0.0157322
internal_weight=0 657 628 595 574
internal_count=678 657 628 595 574
is_linear=0
shrinkage=0.05


Tree=161
num_leaves=6
num_cat=0
split_feature=7 6 13 9 14
split_gain=890.046 791.13 586.491 938.512 1460.52
threshold=0.58571428571428574 5.5000000000000009 928.24300000000005 963.19450000000018 923.34400000000005
decision_type=2 2 10 2 2
left_child=1 -1 3 4 -3
right_child=-2 2 -4 -5 -6
leaf_value=-0.26307590012749038 0.2662491385142009 0.011965040191210238 -0.22374451011419297 0.27824364727543249 -0.4036877277222547
leaf_weight=30 30 537 28 31 22
leaf_count=30 30 537 28 31 22
internal_value=0 -0.0123263 -0.00015404 0.010457 -0.00439339
internal_weight=0 648 618 590 559
internal_count=678 648 618 590 559
is_linear=0
shrinkage=0.05


Tree=162
num_leaves=6
num_cat=0
split_feature=13 10 14 8 7
split_gain=860.78 567.223 1810.25 1554.46 607.55
threshold=947.53150000000016 977.09250000000009 929.67475000000002 882.4765000000001 0.58571428571428574
decision_type=10 2 2 2 2
left_child=1 2 3 4 -1
right_child=-2 -3 -4 -5 -6
leaf_value=-0.0045446797009839083 0.31511884303320026 0.20612249960159434 -0.38051894921245 0.42245712053208123 -0.25657973480224611
leaf_weight=549 21 29 33 21 25
leaf_count=549 21 29 33 21 25
internal_value=0 -0.0100723 -0.0200558 -6.37361e-05 -0.0155218
internal_weight=0 657 628 595 574
internal_count=678 657 628 595 574
is_linear=0
shrinkage=0.05


Tree=163
num_leaves=8
num_cat=0
split_feature=7 13 9 2 3 14 11
split_gain=865.435 8135.8 1093.34 501.98 469.416 751.954 395.932
threshold=0.53571428571428581 22.346000000000004 1006.3405000000001 50.500000000000007 1.5000000000000002 544.82787500000006 139.58500000000001
decision_type=2 10 2 2 2 2 2
left_child=2 -2 3 4 5 -1 -6
right_child=1 -3 -4 -5 6 -7 -8
leaf_value=-0.00015225587920332723 -0.44368791011246772 0.94968848764896396 -0.37834327489137654 0.22146622041861216 0.0029538163491948087 -0.16684742784952816 0.31033577218651776
leaf_weight=471 22 20 20 24 22 79 20
leaf_count=471 22 20 20 24 22 79 20
internal_value=0 0.219825 -0.0145167 -0.00270417 -0.0117922 -0.0240957 0.149326
internal_weight=0 42 636 616 592 550 42
internal_count=678 42 636 616 592 550 42
is_linear=0
shrinkage=0.05


Tree=164
num_leaves=7
num_cat=0
split_feature=8 2 12 12 3 14
split_gain=881.758 633.674 984.358 2164.31 1828.34 1425.3
threshold=988.93350000000009 50.500000000000007 921.34250000000009 855.84850000000017 1.0000000180025095e-35 531.20462500000019
decision_type=2 2 10 10 2 2
left_child=1 2 3 5 -4 -1
right_child=-2 -3 4 -5 -6 -7
leaf_value=-0.0088779345323918082 0.25208839485139561 0.25083018866452306 -0.54558173194527626 0.47060440234515977 0.093254565057300398 -0.43878857582807546
leaf_weight=535 33 22 24 23 21 20
leaf_count=535 33 22 24 23 21 20
internal_value=0 -0.0128975 -0.0222106 -0.00467399 -0.247458 -0.0243702
internal_weight=0 645 623 578 45 555
internal_count=678 645 623 578 45 555
is_linear=0
shrinkage=0.05


Tree=165
num_leaves=10
num_cat=0
split_feature=2 2 7 9 7 7 9 2 12
split_gain=829.164 5003.54 1306.98 1416.03 1248.89 608.796 651.321 559.174 451.182
threshold=15.500000000000002 13.500000000000002 0.49285714285714294 988.93350000000009 0.3928571428571429 0.24285714285714285 899.92400000000009 36.500000000000007 871.70650000000012
decision_type=2 2 2 2 2 2 2 2 8
left_child=1 5 3 4 7 6 8 -2 -1
right_child=2 -3 -4 -5 -6 -7 -8 -9 -10
leaf_value=0.030502612866899551 0.038337881181688127 0.76008449258903665 -0.32893787655565476 -0.4249357408285141 0.35583924030264225 -0.23899591133619347 0.27766528000002322 -0.086520882339682428 -0.19326051374276479
leaf_weight=136 204 24 36 20 24 24 23 160 27
leaf_count=136 204 24 36 20 24 24 23 160 27
internal_value=0 0.0761656 -0.0401413 -0.0146593 0.00648899 -0.00199657 0.028584 -0.0165451 -0.00656244
internal_weight=0 234 444 408 388 210 186 364 163
internal_count=678 234 444 408 388 210 186 364 163
is_linear=0
shrinkage=0.05


Tree=166
num_leaves=6
num_cat=0
split_feature=8 8 8 7 14
split_gain=808.944 592.324 1049.06 1138.87 475.265
threshold=988.93350000000009 947.04450000000008 894.69850000000008 0.58571428571428574 544.82787500000006
decision_type=2 2 2 2 2
left_child=1 2 3 4 -1
right_child=-2 -3 -4 -5 -6
leaf_value=0.008101204937713137 0.24145564545284617 -0.25608415479461349 0.2855072851975759 -0.33480337063471477 -0.20320678093204544
leaf_weight=536 33 24 30 27 28
leaf_count=536 33 24 30 27 28
internal_value=0 -0.0123535 -0.002934 -0.0175757 -0.00238926
internal_weight=0 645 621 591 564
internal_count=678 645 621 591 564
is_linear=0
shrinkage=0.05


Tree=167
num_leaves=7
num_cat=0
split_feature=7 8 8 12 13 11
split_gain=857.098 7588.18 1079.94 758.767 827.577 1243
threshold=0.53571428571428581 125.52350000000003 1004.0665000000001 991.77650000000006 853.54050000000018 922.73950000000002
decision_type=2 2 2 10 10 2
left_child=2 -2 3 4 5 -1
right_child=1 -3 -4 -5 -6 -7
leaf_value=-0.014788210735063662 -0.42203004116361797 0.92363568663597106 -0.35864988240328705 0.29325047589483716 -0.30662288043809977 0.3864913284778595
leaf_weight=550 22 20 22 21 23 20
leaf_count=550 22 20 22 21 23 20
internal_value=0 0.218763 -0.0144466 -0.00211361 -0.0125734 -0.000708227
internal_weight=0 42 636 614 593 570
internal_count=678 42 636 614 593 570
is_linear=0
shrinkage=0.05


Tree=168
num_leaves=6
num_cat=0
split_feature=8 8 8 7 14
split_gain=808.365 542.077 897.528 1070.04 473.766
threshold=988.93350000000009 947.04450000000008 894.69850000000008 0.58571428571428574 544.82787500000006
decision_type=2 2 2 2 2
left_child=1 2 3 4 -1
right_child=-2 -3 -4 -5 -6
leaf_value=0.0083133311151638075 0.24136911766095595 -0.24551284536719323 0.26345920324325561 -0.32437341831348565 -0.20266114308365754
leaf_weight=536 33 24 30 27 28
leaf_count=536 33 24 30 27 28
internal_value=0 -0.0123491 -0.00333796 -0.016881 -0.00216058
internal_weight=0 645 621 591 564
internal_count=678 645 621 591 564
is_linear=0
shrinkage=0.05


Tree=169
num_leaves=6
num_cat=0
split_feature=7 6 13 10 10
split_gain=846.138 793.429 556.176 982.216 1274.81
threshold=0.58571428571428574 5.5000000000000009 928.24300000000005 941.12650000000019 884.50000000000011
decision_type=2 2 10 2 2
left_child=1 -1 3 4 -3
right_child=-2 2 -4 -5 -6
leaf_value=-0.26313202061690388 0.25959878623485566 0.0086888501776659442 -0.21756382243973868 0.25638591847137404 -0.38850761481693818
leaf_weight=30 30 531 28 38 21
leaf_count=30 30 531 28 38 21
internal_value=0 -0.0120185 0.000171517 0.0105047 -0.00642188
internal_weight=0 648 618 590 552
internal_count=678 648 618 590 552
is_linear=0
shrinkage=0.05


Tree=170
num_leaves=7
num_cat=0
split_feature=13 10 14 8 2 11
split_gain=810.204 520.5 1677.3 2126.05 1067.92 714.385
threshold=947.53150000000016 977.09250000000009 921.57925000000012 846.1450000000001 23.500000000000004 537.53150000000016
decision_type=10 2 2 2 2 2
left_child=1 2 3 5 -4 -1
right_child=-2 -3 4 -5 -6 -7
leaf_value=-0.0048795137159403767 0.30572108087085548 0.19732732312946485 -0.5900062194466591 0.50891790151596072 -0.07949263567016239 -0.30912147343158725
leaf_weight=547 21 29 20 20 21 20
leaf_count=547 21 29 20 20 21 20
internal_value=0 -0.00977191 -0.0193354 0.00226037 -0.328524 -0.0156112
internal_weight=0 657 628 587 41 567
internal_count=678 657 628 587 41 567
is_linear=0
shrinkage=0.05


Tree=171
num_leaves=7
num_cat=0
split_feature=7 13 14 12 13 11
split_gain=771.753 7201.35 1046.67 884.789 1393.83 1013.62
threshold=0.53571428571428581 22.346000000000004 989.05062500000008 991.77650000000006 842.96900000000016 889.71600000000012
decision_type=2 10 2 10 10 2
left_child=2 -2 3 4 5 -1
right_child=1 -3 -4 -5 -6 -7
leaf_value=-0.01306650361849354 -0.41666039783846254 0.89425716578960435 -0.34484957560249002 0.31765731317656387 -0.4228935778141022 0.30078655638283602
leaf_weight=545 22 20 23 21 20 27
leaf_count=545 22 20 23 21 20 27
internal_value=0 0.207586 -0.0137085 -0.00128397 -0.0125978 0.00174824
internal_weight=0 42 636 613 592 572
internal_count=678 42 636 613 592 572
is_linear=0
shrinkage=0.05


Tree=172
num_leaves=11
num_cat=0
split_feature=2 2 7 9 7 7 13 2 14 13
split_gain=791.494 4435.06 1250.96 1261.82 1102.61 516.897 643.609 514.642 374.334 273.621
threshold=15.500000000000002 13.500000000000002 0.49285714285714294 988.93350000000009 0.3928571428571429 0.24285714285714285 109.03850000000001 36.500000000000007 143.78700000000001 458.20750000000004
decision_type=2 2 2 2 2 2 10 2 2 10
left_child=1 5 3 4 7 6 8 -2 -1 -8
right_child=2 -3 -4 -5 -6 -7 9 -9 -10 -11
leaf_value=0.0026225177648787697 0.036683744438649982 0.71831134349728631 -0.32175791017167893 -0.4015825900435448 0.33392861237128579 -0.21755295898765326 0.27221003089632306 -0.083100131992832768 -0.22195878832236582 0.067343452114325311
leaf_weight=96 204 24 36 20 24 24 28 160 23 39
leaf_count=96 204 24 36 20 24 24 28 160 23 39
internal_value=0 0.0744153 -0.0392189 -0.014289 0.00567461 0.00082721 0.0290053 -0.0159685 -0.040784 0.152959
internal_weight=0 234 444 408 388 210 186 364 119 67
internal_count=678 234 444 408 388 210 186 364 119 67
is_linear=0
shrinkage=0.05


Tree=173
num_leaves=7
num_cat=0
split_feature=8 2 12 12 3 14
split_gain=809.116 520.95 903.196 1777.15 1605.6 1164.36
threshold=988.93350000000009 50.500000000000007 921.34250000000009 855.84850000000017 1.0000000180025095e-35 531.20462500000019
decision_type=2 2 10 10 2 2
left_child=1 2 3 5 -4 -1
right_child=-2 -3 4 -5 -6 -7
leaf_value=-0.0078462666060740704 0.2414812348105691 0.22676784125241367 -0.51593492341538272 0.42667499664037128 0.082723856894742875 -0.39641543954610825
leaf_weight=535 33 22 24 23 21 20
leaf_count=535 33 22 24 23 21 20
internal_value=0 -0.0123549 -0.020799 -0.00400093 -0.236561 -0.0218488
internal_weight=0 645 623 578 45 555
internal_count=678 645 623 578 45 555
is_linear=0
shrinkage=0.05


Tree=174
num_leaves=7
num_cat=0
split_feature=13 10 14 8 2 12
split_gain=758.075 521.086 1522.2 1855.46 941.826 665.196
threshold=947.53150000000016 977.09250000000009 921.57925000000012 846.1450000000001 23.500000000000004 517.26400000000012
decision_type=10 2 2 2 2 10
left_child=1 2 3 5 -4 -1
right_child=-2 -3 4 -5 -6 -7
leaf_value=-0.0010423704595945201 0.2957224210103353 0.19776350074800952 -0.55912791788578031 0.47486959815025331 -0.079700789281300144 -0.22313693960507713
leaf_weight=531 21 29 20 20 21 36
leaf_count=531 21 29 20 20 21 36
internal_value=0 -0.00945231 -0.0190212 0.0015519 -0.313568 -0.0151436
internal_weight=0 657 628 587 41 567
internal_count=678 657 628 587 41 567
is_linear=0
shrinkage=0.05


Tree=175
num_leaves=10
num_cat=0
split_feature=2 2 7 14 7 8 10 11 11
split_gain=738.948 3931.8 1106.09 1253.85 882.571 481.574 412.637 403.027 511.903
threshold=15.500000000000002 13.500000000000002 0.49285714285714294 973.68812500000013 0.3928571428571429 935.90250000000003 930.82650000000012 499.23700000000002 141.465
decision_type=2 2 2 2 2 2 2 2 2
left_child=1 5 3 4 6 7 -2 8 -1
right_child=2 -3 -4 -5 -6 -7 -8 -9 -10
leaf_value=0.034451456269783569 -0.025767752211758796 0.67816648731629059 -0.30357118567658797 -0.38160435760563072 0.30683195578015371 -0.22453477325893584 0.20257361627050807 0.1837495001827312 -0.20873988752181713
leaf_weight=129 342 24 36 22 23 21 21 34 26
leaf_count=129 342 24 36 22 23 21 21 34 26
internal_value=0 0.0719028 -0.0378947 -0.0144527 0.00647308 0.00261549 -0.0125579 0.0278544 -0.00634193
internal_weight=0 234 444 408 386 210 363 189 155
internal_count=678 234 444 408 386 210 363 189 155
is_linear=0
shrinkage=0.05


Tree=176
num_leaves=9
num_cat=0
split_feature=13 11 7 12 14 3 9 14
split_gain=786.148 4708.74 1414.46 1295.85 532.977 2206.26 866.622 775.801
threshold=508.34050000000008 935.90250000000003 0.58571428571428574 985.74650000000008 544.82787500000006 1.0000000180025095e-35 499.23700000000002 487.80000000000001
decision_type=10 2 2 10 2 2 2 2
left_child=2 -2 4 -3 6 -6 7 -1
right_child=1 3 -4 -5 5 -7 -8 -9
leaf_value=0.0091395546660052521 0.64072578400373459 -0.40698342013359073 -0.38012270881579474 0.11305410696760468 -0.43940272978667561 0.24322261631488803 0.24840569662758047 -0.27154746170227345
leaf_weight=463 30 25 26 23 29 20 36 26
leaf_count=463 30 25 26 23 29 20 36 26
internal_value=0 0.149326 -0.0194124 -0.157799 -0.00307359 -0.16078 0.0116457 -0.0057845
internal_weight=0 78 600 48 574 49 525 489
internal_count=678 78 600 48 574 49 525 489
is_linear=0
shrinkage=0.05


Tree=177
num_leaves=8
num_cat=0
split_feature=7 8 8 12 13 11 12
split_gain=799.186 6607.34 973.386 673.047 620.836 659.586 250.772
threshold=0.53571428571428581 125.52350000000003 1004.0665000000001 991.77650000000006 500.94850000000002 910.04900000000009 883.91800000000012
decision_type=2 2 2 10 10 2 10
left_child=2 -2 3 4 5 -1 -6
right_child=1 -3 -4 -5 6 -7 -8
leaf_value=-0.0085846855394584309 -0.3867033599452539 0.86898479223251346 -0.34073106714270335 0.27593883843649003 -0.32553436189889906 0.28391094982624054 -0.080905411460182888
leaf_weight=531 22 20 22 21 20 20 22
leaf_count=531 22 20 22 21 20 20 22
internal_value=0 0.211243 -0.01395 -0.00224127 -0.0120925 0.00203222 -0.197395
internal_weight=0 42 636 614 593 551 42
internal_count=678 42 636 614 593 551 42
is_linear=0
shrinkage=0.05


Tree=178
num_leaves=6
num_cat=0
split_feature=8 10 9 14 8
split_gain=841.445 547.47 928.058 743.958 726.364
threshold=988.93350000000009 993.32150000000013 942.39250000000004 544.82787500000006 521.65400000000011
decision_type=2 2 2 2 2
left_child=1 2 3 4 -1
right_child=-2 -3 -4 -5 -6
leaf_value=-0.015337468035979553 0.24625831675348861 -0.25215224118336388 0.28867327995025199 -0.24014730981418064 0.25047538136994402
leaf_weight=534 33 23 26 35 27
leaf_count=534 33 23 26 35 27
internal_value=0 -0.0125993 -0.00374119 -0.0164975 -0.00254434
internal_weight=0 645 622 596 561
internal_count=678 645 622 596 561
is_linear=0
shrinkage=0.05


Tree=179
num_leaves=6
num_cat=0
split_feature=8 10 9 14 8
split_gain=759.404 494.092 837.572 671.422 655.543
threshold=988.93350000000009 993.32150000000013 942.39250000000004 544.82787500000006 521.65400000000011
decision_type=2 2 2 2 2
left_child=1 2 3 4 -1
right_child=-2 -3 -4 -5 -6
leaf_value=-0.014570594226334539 0.23394543189894068 -0.23954464469266978 0.27423961241662392 -0.22813994986670358 0.23795161975754633
leaf_weight=534 33 23 26 35 27
leaf_count=534 33 23 26 35 27
internal_value=0 -0.0119693 -0.00355413 -0.0156727 -0.00241712
internal_weight=0 645 622 596 561
internal_count=678 645 622 596 561
is_linear=0
shrinkage=0.05


Tree=180
num_leaves=7
num_cat=0
split_feature=13 10 14 8 2 12
split_gain=732.545 509.904 1483.59 1655.51 852.308 652.326
threshold=947.53150000000016 977.09250000000009 921.57925000000012 846.1450000000001 23.500000000000004 517.26400000000012
decision_type=10 2 2 2 2 10
left_child=1 2 3 5 -4 -1
right_child=-2 -3 4 -5 -6 -7
leaf_value=-0.00025310391707524747 0.29070019721984863 0.1956886691779926 -0.54314306765794762 0.44864090554416181 -0.08706876791658856 -0.2201886060751147
leaf_weight=531 21 29 20 20 21 36
leaf_count=531 21 29 20 20 21 36
internal_value=0 -0.00929179 -0.0187574 0.00155303 -0.309544 -0.0142173
internal_weight=0 657 628 587 41 567
internal_count=678 657 628 587 41 567
is_linear=0
shrinkage=0.05


Tree=181
num_leaves=7
num_cat=0
split_feature=7 13 8 12 12 11
split_gain=707.268 6323.77 1020.51 614.693 577.552 1042.22
threshold=0.53571428571428581 22.346000000000004 1004.0665000000001 991.77650000000006 946.54950000000008 935.90250000000003
decision_type=2 10 2 10 10 2
left_child=2 -2 3 4 5 -1
right_child=1 -3 -4 -5 -6 -7
leaf_value=-0.014270291608097389 -0.38625007325952709 0.84219622015953066 -0.34772090275179257 0.26471307284775236 -0.26807815091950554 0.34462062858399894
leaf_weight=551 22 20 22 21 21 21
leaf_count=551 22 20 22 21 21 21
internal_value=0 0.198724 -0.0131233 -0.00113447 -0.010549 -0.00109423
internal_weight=0 42 636 614 593 572
internal_count=678 42 636 614 593 572
is_linear=0
shrinkage=0.05


Tree=182
num_leaves=6
num_cat=0
split_feature=8 10 9 14 7
split_gain=732.338 500.408 750.765 670.252 681.344
threshold=988.93350000000009 993.32150000000013 942.39250000000004 544.82787500000006 0.58571428571428574
decision_type=2 2 2 2 2
left_child=1 2 3 4 -1
right_child=-2 -3 -4 -5 -6
leaf_value=0.010385686406559909 0.22973853094559726 -0.24077939391136172 0.25971927872070899 -0.22704075157642364 -0.25665796780586242
leaf_weight=536 33 23 26 35 25
leaf_count=536 33 23 26 35 25
internal_value=0 -0.0117541 -0.00328528 -0.0147586 -0.00151465
internal_weight=0 645 622 596 561
internal_count=678 645 622 596 561
is_linear=0
shrinkage=0.05


Tree=183
num_leaves=7
num_cat=0
split_feature=7 8 8 12 13 11
split_gain=683.701 5751.31 986.164 565.445 574.29 998.184
threshold=0.53571428571428581 125.52350000000003 1004.0665000000001 991.77650000000006 853.54050000000018 922.73950000000002
decision_type=2 2 2 10 10 2
left_child=2 -2 3 4 5 -1
right_child=1 -3 -4 -5 -6 -7
leaf_value=-0.012880335914479062 -0.36248354911804204 0.8090414392948152 -0.34182178777727218 0.25385819843837193 -0.25509937120520554 0.34671685338020325
leaf_weight=550 22 20 22 21 23 20
leaf_count=550 22 20 22 21 23 20
internal_value=0 0.195385 -0.0129028 -0.00111744 -0.0101469 -0.000262891
internal_weight=0 42 636 614 593 570
internal_count=678 42 636 614 593 570
is_linear=0
shrinkage=0.05


Tree=184
num_leaves=6
num_cat=0
split_feature=8 8 8 7 14
split_gain=731.038 483.386 667.432 1100.41 465.716
threshold=988.93350000000009 947.04450000000008 894.69850000000008 0.58571428571428574 544.82787500000006
decision_type=2 2 2 2 2
left_child=1 2 3 4 -1
right_child=-2 -3 -4 -5 -6
leaf_value=0.010399405156616678 0.22953452347834227 -0.23192341029644015 0.22683614532152815 -0.32673853900697503 -0.19877505164061274
leaf_weight=536 33 24 30 27 28
leaf_count=536 33 24 30 27 28
internal_value=0 -0.0117436 -0.00323426 -0.014913 1.48577e-05
internal_weight=0 645 621 591 564
internal_count=678 645 621 591 564
is_linear=0
shrinkage=0.05


Tree=185
num_leaves=15
num_cat=0
split_feature=2 2 2 13 2 2 7 2 8 11 7 9 12 3
split_gain=691.455 3556.83 1040.31 2115.31 895.122 1235 1556.17 881.22 779.704 505.688 428.504 631.286 371.683 165.412
threshold=15.500000000000002 13.500000000000002 25.500000000000004 138.54050000000004 32.500000000000007 34.500000000000007 0.3928571428571429 18.500000000000004 75.488500000000016 123.23650000000002 0.24285714285714285 899.92400000000009 937.36750000000018 1.0000000180025095e-35
decision_type=2 2 2 10 2 2 2 2 2 2 2 2 8 2
left_child=1 10 3 7 8 -6 -7 -2 -4 -9 11 12 -1 -10
right_child=2 -3 4 -5 5 6 -8 9 13 -11 -12 -13 -14 -15
leaf_value=0.026843429753637835 0.16050289332866671 0.64618462448318803 -0.025501779549651677 -0.61821611034018664 -0.37951301150023942 -0.048887486829577637 0.3781531634507701 -0.068381071204076646 0.37135025906562807 -0.3555205824582473 -0.19518009300033254 0.27452941744223885 -0.18268385422229769 0.18555277093597081
leaf_weight=138 30 24 36 21 24 192 24 46 25 23 24 23 25 23
leaf_count=138 30 24 36 21 24 192 24 46 25 23 24 23 25 23
internal_value=0 0.0695538 -0.0366567 -0.162416 0.0099209 -0.039246 -0.00143853 -0.0657315 0.150398 -0.164094 0.0036531 0.029309 -0.00529266 0.282322
internal_weight=0 234 444 120 324 240 216 99 84 69 210 186 163 48
internal_count=678 234 444 120 324 240 216 99 84 69 210 186 163 48
is_linear=0
shrinkage=0.05


Tree=186
num_leaves=7
num_cat=0
split_feature=13 10 14 8 2 12
split_gain=665.121 451.832 1461.02 1451.95 745.602 583.709
threshold=947.53150000000016 977.09250000000009 921.57925000000012 846.1450000000001 23.500000000000004 517.26400000000012
decision_type=10 2 2 2 2 10
left_child=1 2 3 5 -4 -1
right_child=-2 -3 4 -5 -6 -7
leaf_value=0.00083154135834418667 0.27699929873148599 0.18410134711142245 -0.52481813430786139 0.42109207209199673 -0.098247645085766208 -0.20721528826074467
leaf_weight=531 21 29 20 20 21 36
leaf_count=531 21 29 20 20 21 36
internal_value=0 -0.00885386 -0.0177642 0.00239121 -0.306331 -0.0123778
internal_weight=0 657 628 587 41 567
internal_count=678 657 628 587 41 567
is_linear=0
shrinkage=0.05


Tree=187
num_leaves=7
num_cat=0
split_feature=8 10 9 14 9 7
split_gain=664.726 486.04 643.659 1221.6 734.352 590.587
threshold=988.93350000000009 993.32150000000013 882.4765000000001 531.20462500000019 961.21150000000011 0.58571428571428574
decision_type=2 2 2 2 2 2
left_child=1 2 3 5 -4 -1
right_child=-2 -3 4 -5 -6 -7
leaf_value=0.0086304753480197973 0.21887663038391059 -0.23691182794130367 0.37682291878306351 -0.38246817311102693 -0.027243755893273786 -0.24005495452880862
leaf_weight=530 33 23 23 22 22 25
leaf_count=530 33 23 23 22 22 25
internal_value=0 -0.0111983 -0.00285202 -0.0170564 0.179279 -0.00257157
internal_weight=0 645 622 577 45 555
internal_count=678 645 622 577 45 555
is_linear=0
shrinkage=0.05


Tree=188
num_leaves=8
num_cat=0
split_feature=7 13 8 12 10 11 9
split_gain=678.592 5575.2 1000.24 499.932 573.713 598.05 401.406
threshold=0.53571428571428581 19.529500000000002 1004.0665000000001 991.77650000000006 889.71600000000012 938.09950000000015 566.5725000000001
decision_type=2 10 2 10 2 2 2
left_child=2 -2 3 4 6 -6 -1
right_child=1 -3 -4 -5 5 -7 -8
leaf_value=-0.0042891164723103149 -0.40953377962112425 0.7439157047054985 -0.34411280304193498 0.23876481675321148 -0.38401769161224369 -0.026032123395374848 0.20082179549336435
leaf_weight=520 20 22 22 21 20 28 25
leaf_count=520 20 22 22 21 20 28 25
internal_value=0 0.194654 -0.0128545 -0.000985322 -0.00947563 -0.175193 0.00511964
internal_weight=0 42 636 614 593 48 545
internal_count=678 42 636 614 593 48 545
is_linear=0
shrinkage=0.05


Tree=189
num_leaves=8
num_cat=0
split_feature=8 10 12 10 7 11 12
split_gain=655.193 454.075 1392.62 1068.01 540.016 506.944 322.254
threshold=988.93350000000009 889.71600000000012 985.74650000000008 582.40350000000012 0.58571428571428574 938.09950000000015 480.06750000000005
decision_type=2 2 10 2 2 2 10
left_child=1 3 5 4 6 -3 -1
right_child=-2 2 -4 -5 -6 -7 -8
leaf_value=0.01457708892096111 0.21730141206221149 -0.48704351127147683 0.19382552532922656 0.35276573775779635 -0.23756519937515261 -0.13922849731011824 -0.10418684985775216
leaf_weight=471 33 20 21 21 25 22 65
leaf_count=471 33 20 21 21 25 22 65
internal_value=0 -0.0111177 -0.138628 0.0026849 -0.0104197 -0.304855 0.000174746
internal_weight=0 645 63 582 561 42 536
internal_count=678 645 63 582 561 42 536
is_linear=0
shrinkage=0.05


Tree=190
num_leaves=7
num_cat=0
split_feature=7 8 8 12 13 11
split_gain=657.843 5050.21 963.491 412.233 531.263 922.238
threshold=0.53571428571428581 125.52350000000003 1004.0665000000001 991.77650000000006 853.54050000000018 922.73950000000002
decision_type=2 2 2 10 10 2
left_child=2 -2 3 4 5 -1
right_child=1 -3 -4 -5 -6 -7
leaf_value=-0.011338489357180979 -0.33110670311884449 0.76669283390045173 -0.33777225139466199 0.21670096452747073 -0.24431474208831788 0.33430839151144032
leaf_weight=550 22 20 22 21 23 20
leaf_count=550 22 20 22 21 23 20
internal_value=0 0.191655 -0.0126565 -0.00100736 -0.0087171 0.000789471
internal_weight=0 42 636 614 593 570
internal_count=678 42 636 614 593 570
is_linear=0
shrinkage=0.05


Tree=191
num_leaves=10
num_cat=0
split_feature=2 9 7 14 11 9 10 11 8
split_gain=660.316 3226.44 1030.62 1103.59 763.427 1330.93 711.901 517.95 432.585
threshold=15.500000000000002 937.36750000000018 0.49285714285714294 973.68812500000013 550.24900000000014 488.98400000000009 930.82650000000012 31.143500000000003 576.5485000000001
decision_type=2 2 2 2 2 2 2 2 2
left_child=1 4 3 6 5 7 8 -1 -2
right_child=2 -3 -4 -5 -6 -7 -8 -9 -10
leaf_value=-0.13329904993826694 0.0063756254404453237 0.63031220617501638 -0.2922745703823037 -0.3576441961933266 -0.27940329100404465 0.42410591423511507 0.28263950849121272 0.053256499015766651 -0.18890243449338504
leaf_weight=55 333 23 36 22 21 20 22 115 31
leaf_count=55 333 23 36 22 21 20 22 115 31
internal_value=0 0.0679696 -0.0358218 -0.0131936 0.00667156 0.0382904 0.00643828 -0.00709971 -0.0102552
internal_weight=0 234 444 408 211 190 386 170 364
internal_count=678 234 444 408 211 190 386 170 364
is_linear=0
shrinkage=0.05


Tree=192
num_leaves=8
num_cat=0
split_feature=8 14 9 9 12 12 13
split_gain=666.919 491.039 1217 1125.83 498.997 601.177 184.783
threshold=988.93350000000009 929.67475000000002 983.8475000000002 855.84850000000017 517.26400000000012 469.13950000000006 462.05850000000004
decision_type=2 2 2 2 10 10 10
left_child=1 3 -3 4 5 -1 -6
right_child=-2 2 -4 -5 6 -7 -8
leaf_value=-0.015329303668077271 0.21923739151521163 -0.34354557711066624 0.15074379746962224 0.36138208111127224 -0.28915393583476545 0.17020506099797786 -0.074222038276493554
leaf_weight=483 33 33 20 21 20 48 20
leaf_count=483 33 33 20 21 20 48 20
internal_value=0 -0.0112168 -0.157021 0.00183664 -0.0113866 0.00144216 -0.181688
internal_weight=0 645 53 592 571 531 40
internal_count=678 645 53 592 571 531 40
is_linear=0
shrinkage=0.05


Tree=193
num_leaves=8
num_cat=0
split_feature=7 13 8 12 14 11 10
split_gain=654.07 4981.25 919.318 364.002 532.65 2027.93 432.845
threshold=0.53571428571428581 19.529500000000002 1004.0665000000001 991.77650000000006 544.82787500000006 935.90250000000003 497.18500000000006
decision_type=2 10 2 10 2 2 2
left_child=2 -2 3 4 6 -6 -1
right_child=1 -3 -4 -5 5 -7 -8
leaf_value=-0.0062736192968587921 -0.37999399751424789 0.71028510061177341 -0.33019579188390213 0.2033351191097782 -0.42894734123256062 0.12176515715462821 0.1483730927988654
leaf_weight=476 20 22 22 21 32 35 50
leaf_count=476 20 22 22 21 32 35 50
internal_value=0 0.191105 -0.0126201 -0.00124118 -0.00848587 -0.141262 0.00842664
internal_weight=0 42 636 614 593 67 526
internal_count=678 42 636 614 593 67 526
is_linear=0
shrinkage=0.05


Tree=194
num_leaves=7
num_cat=0
split_feature=8 14 9 9 7 11
split_gain=653.463 459.897 1091.97 1089.77 499.17 405.482
threshold=988.93350000000009 929.67475000000002 983.8475000000002 855.84850000000017 0.58571428571428574 537.53150000000016
decision_type=2 2 2 2 2 2
left_child=1 3 -3 4 5 -1
right_child=-2 2 -4 -5 -6 -7
leaf_value=0.0075593016483423876 0.21701446193637272 -0.32889161146048346 0.13931885730475188 0.35527104678608123 -0.22995542621612552 -0.20694576692969902
leaf_weight=523 33 33 20 21 25 23
leaf_count=523 33 33 20 21 25 23
internal_value=0 -0.0111031 -0.152208 0.00152968 -0.0114801 -0.00147663
internal_weight=0 645 53 592 571 546
internal_count=678 645 53 592 571 546
is_linear=0
shrinkage=0.05


Tree=195
num_leaves=8
num_cat=0
split_feature=7 13 8 3 2 14 11
split_gain=637.225 4478.72 887.777 357.199 384.993 719.424 322.916
threshold=0.53571428571428581 19.529500000000002 1004.0665000000001 1.5000000000000002 50.500000000000007 544.82787500000006 139.58500000000001
decision_type=2 10 2 2 2 2 2
left_child=2 -2 3 4 5 -1 -5
right_child=1 -3 -4 6 -6 -7 -8
leaf_value=0.0036072921979729473 -0.35289758242666724 0.68092350390824408 -0.32453671937639061 0.0072760746539147067 0.19349271133542062 -0.15944229631885132 0.28487181320786475
leaf_weight=471 20 22 22 22 22 79 20
leaf_count=471 20 22 22 22 22 79 20
internal_value=0 0.188628 -0.0124565 -0.00127452 -0.0116085 -0.0198126 0.139465
internal_weight=0 42 636 614 572 550 42
internal_count=678 42 636 614 572 550 42
is_linear=0
shrinkage=0.05


Tree=196
num_leaves=6
num_cat=0
split_feature=8 8 8 7 14
split_gain=653.933 405.614 571.616 967.337 400.164
threshold=988.93350000000009 947.04450000000008 894.69850000000008 0.58571428571428574 544.82787500000006
decision_type=2 2 2 2 2
left_child=1 2 3 4 -1
right_child=-2 -3 -4 -5 -6
leaf_value=0.0095019338163373473 0.21709245371096061 -0.21279807630926373 0.20960438286264738 -0.306483472166238 -0.18439324559377773
leaf_weight=536 33 24 30 27 28
leaf_count=536 33 24 30 27 28
internal_value=0 -0.0111071 -0.00331223 -0.0141202 -0.000124068
internal_weight=0 645 621 591 564
internal_count=678 645 621 591 564
is_linear=0
shrinkage=0.05


Tree=197
num_leaves=6
num_cat=0
split_feature=7 6 13 10 10
split_gain=638.987 741.976 496.073 923.858 1220.54
threshold=0.58571428571428574 5.5000000000000009 928.24300000000005 941.12650000000019 884.50000000000011
decision_type=2 2 10 2 2
left_child=1 -1 3 4 -3
right_child=-2 2 -4 -5 -6
leaf_value=-0.25327902725587287 0.2255943012237549 0.009472393524340178 -0.20429038813869871 0.24956762259335896 -0.37917798076357162
leaf_weight=30 30 531 28 38 21
leaf_count=30 30 531 28 38 21
internal_value=0 -0.0104442 0.00134392 0.0111028 -0.00531322
internal_weight=0 648 618 590 552
internal_count=678 648 618 590 552
is_linear=0
shrinkage=0.05


Tree=198
num_leaves=6
num_cat=0
split_feature=13 10 14 8 7
split_gain=627.999 448.652 1387.74 936.928 468.439
threshold=947.53150000000016 977.09250000000009 929.67475000000002 882.4765000000001 0.58571428571428574
decision_type=10 2 2 2 2
left_child=1 2 3 4 -1
right_child=-2 -3 -4 -5 -6
leaf_value=-0.0023401459520818405 0.2691581612541562 0.18367179823589738 -0.33308855128107651 0.32805001196407141 -0.22364765501022338
leaf_weight=549 21 29 33 21 25
leaf_count=549 21 29 33 21 25
internal_value=0 -0.00860323 -0.0174822 2.20483e-05 -0.011979
internal_weight=0 657 628 595 574
internal_count=678 657 628 595 574
is_linear=0
shrinkage=0.05


Tree=199
num_leaves=6
num_cat=0
split_feature=7 8 13 14 14
split_gain=622.03 699.292 438.582 1219.79 717.215
threshold=0.58571428571428574 1006.3405000000001 918.70650000000012 956.54499999999996 544.82787500000006
decision_type=2 2 10 2 2
left_child=1 2 3 4 -1
right_child=-2 -3 -4 -5 -6
leaf_value=0.0092584737246628485 0.22258077234029772 -0.30136077433824537 -0.21533883754973826 0.36424654788621097 -0.19647016879171134
leaf_weight=536 30 20 23 23 46
leaf_count=536 30 20 23 23 46
internal_value=0 -0.0103047 -0.00103536 0.00711171 -0.00700187
internal_weight=0 648 628 605 582
internal_count=678 648 628 605 582
is_linear=0
shrinkage=0.05


end of trees

feature_importances:
avg_festival_ramp=295
lag_52_total=272
lag_1_total=259
roll_4_total=229
lag_8_total=219
iso_week=207
lag_2_total=186
lag_3_total=153
lag_4_total=127
paydays=121
depot_enc=51
operating_days=36
monsoon_days=34
brand_enc=30
holidays=17

parameters:
[boosting: gbdt]
[objective: regression]
[metric: l2]
[tree_learner: serial]
[device_type: cpu]
[data_sample_strategy: bagging]
[data: ]
[valid: ]
[num_iterations: 200]
[learning_rate: 0.05]
[num_leaves: 31]
[num_threads: 8]
[seed: 42]
[deterministic: 0]
[force_col_wise: 0]
[force_row_wise: 0]
[histogram_pool_size: -1]
[max_depth: 5]
[min_data_in_leaf: 20]
[min_sum_hessian_in_leaf: 0.001]
[bagging_fraction: 1]
[pos_bagging_fraction: 1]
[neg_bagging_fraction: 1]
[bagging_freq: 0]
[bagging_seed: 400]
[feature_fraction: 1]
[feature_fraction_bynode: 1]
[feature_fraction_seed: 30056]
[extra_trees: 0]
[extra_seed: 12879]
[early_stopping_round: 0]
[first_metric_only: 0]
[max_delta_step: 0]
[lambda_l1: 0]
[lambda_l2: 0]
[linear_lambda: 0]
[min_gain_to_split: 0]
[drop_rate: 0.1]
[max_drop: 50]
[skip_drop: 0.5]
[xgboost_dart_mode: 0]
[uniform_drop: 0]
[drop_seed: 17869]
[top_rate: 0.2]
[other_rate: 0.1]
[min_data_per_group: 100]
[max_cat_threshold: 32]
[cat_l2: 10]
[cat_smooth: 10]
[max_cat_to_onehot: 4]
[top_k: 20]
[monotone_constraints: ]
[monotone_constraints_method: basic]
[monotone_penalty: 0]
[feature_contri: ]
[forcedsplits_filename: ]
[refit_decay_rate: 0.9]
[cegb_tradeoff: 1]
[cegb_penalty_split: 0]
[cegb_penalty_feature_lazy: ]
[cegb_penalty_feature_coupled: ]
[path_smooth: 0]
[interaction_constraints: ]
[verbosity: 1]
[saved_feature_importance_type: 0]
[use_quantized_grad: 0]
[num_grad_quant_bins: 4]
[quant_train_renew_leaf: 0]
[stochastic_rounding: 1]
[linear_tree: 0]
[max_bin: 255]
[max_bin_by_feature: ]
[min_data_in_bin: 3]
[bin_construct_sample_cnt: 200000]
[data_random_seed: 175]
[is_enable_sparse: 1]
[enable_bundle: 1]
[use_missing: 1]
[zero_as_missing: 0]
[feature_pre_filter: 1]
[pre_partition: 0]
[two_round: 0]
[header: 0]
[label_column: ]
[weight_column: ]
[group_column: ]
[ignore_column: ]
[categorical_feature: ]
[forcedbins_filename: ]
[precise_float_parser: 0]
[parser_config_file: ]
[objective_seed: 16083]
[num_class: 1]
[is_unbalance: 0]
[scale_pos_weight: 1]
[sigmoid: 1]
[boost_from_average: 1]
[reg_sqrt: 0]
[alpha: 0.9]
[fair_c: 1]
[poisson_max_delta_step: 0.7]
[tweedie_variance_power: 1.5]
[lambdarank_truncation_level: 30]
[lambdarank_norm: 1]
[label_gain: ]
[lambdarank_position_bias_regularization: 0]
[eval_at: ]
[multi_error_top_k: 1]
[auc_mu_weights: ]
[num_machines: 1]
[local_listen_port: 12400]
[time_out: 120]
[machine_list_filename: ]
[machines: ]
[gpu_platform_id: -1]
[gpu_device_id: -1]
[gpu_use_dp: 0]
[num_gpu: 1]

end of parameters

pandas_categorical:[]
