tree
version=v4
num_class=1
num_tree_per_iteration=1
label_index=0
max_feature_idx=13
objective=regression
feature_names=depot_enc iso_week paydays holidays monsoon_days operating_days avg_festival_ramp lag_1_chilled lag_2_chilled lag_3_chilled lag_4_chilled lag_8_chilled lag_52_chilled roll_4_chilled
feature_infos=[0:1] [1:52] [0:2] [0:2] [0:7] none [0:0.6428571428571429] [126.526:500.98899999999998] [126.526:500.98899999999998] [126.526:500.98899999999998] [126.526:500.98899999999998] [126.526:500.98899999999998] [142.33199999999999:417.42000000000002] [163.59774999999999:400.42399999999998]
tree_sizes=849 858 777 780 776 782 855 776 937 857 858 773 854 777 859 778 779 851 782 855 777 856 774 857 856 852 864 857 782 863 872 786 868 786 790 869 793 870 786 791 864 794 870 785 789 784 872 792 787 871 788 873 872 872 792 867 790 713 786 871 711 791 710 791 710 794 710 712 794 714 637 795 708 640 714 793 639 713 639 559 643 561 637 560 556 636 721 561 556 645 645 558 645 562 558 634 557 645 558 563 562 561 636 559 640 640 634 644 561 560 561 563 637 558 562 638 721 635 643 565 563 556 640 564 716 637 560 643 563 561 638 646 641 638 800 643 559 556 647 635 718 719 640 644 643 557 562 800 644 714

Tree=0
num_leaves=9
num_cat=0
split_feature=0 6 12 6 12 4 9 12
split_gain=1.64259e+06 31764 18091.3 10974 5365.48 2209.79 725.943 703.946
threshold=1.0000000180025095e-35 0.17857142857142858 329.72950000000009 0.24285714285714285 165.93350000000001 6.5000000000000009 174.07450000000003 175.87500000000003
decision_type=2 2 10 2 10 2 2 10
left_child=3 2 5 4 6 -2 -1 -6
right_child=1 -3 -4 -5 7 -7 -8 -9
leaf_value=262.78848757874101 270.99058187186546 273.33260461896054 272.16033599293525 264.18034904227198 263.13921696046816 270.3607973866109 262.41233845752373 263.55872440675722
leaf_weight=23 30 23 34 21 20 26 29 20
leaf_count=23 30 23 34 21 20 26 29 20
internal_value=267.412 271.674 271.251 263.149 262.914 270.698 262.579 263.349
internal_weight=0 113 90 113 92 56 52 40
internal_count=226 113 90 113 92 56 52 40
is_linear=0
shrinkage=1


Tree=1
num_leaves=9
num_cat=0
split_feature=0 6 12 6 12 4 9 12
split_gain=1.48244e+06 28667 16327.4 9904.03 4842.35 1994.33 655.163 635.311
threshold=1.0000000180025095e-35 0.17857142857142858 329.72950000000009 0.24285714285714285 165.93350000000001 6.5000000000000009 174.07450000000003 175.87500000000003
decision_type=2 2 10 2 10 2 2 10
left_child=3 2 5 4 6 -2 -1 -6
right_child=1 -3 -4 -5 7 -7 -8 -9
leaf_value=-4.3920288583506712 3.3999607785542807 5.6248825736667802 4.5112271084504973 -3.0697603356270564 -4.0588356494903568 2.8016656362093411 -4.7493703644851157 -3.6603036880493165
leaf_weight=23 30 23 34 21 20 26 29 20
leaf_count=23 30 23 34 21 20 26 29 20
internal_value=0 4.04952 3.64693 -4.04952 -4.27317 3.12218 -4.59132 -3.85957
internal_weight=0 113 90 113 92 56 52 40
internal_count=226 113 90 113 92 56 52 40
is_linear=0
shrinkage=0.05


Tree=2
num_leaves=8
num_cat=0
split_feature=0 6 12 6 12 4 9
split_gain=1.3379e+06 25872 14735.5 8978.49 4178.53 1799.89 655.971
threshold=1.0000000180025095e-35 0.17857142857142858 329.72950000000009 0.17857142857142858 165.93350000000001 6.5000000000000009 174.07450000000003
decision_type=2 2 10 2 10 2 2
left_child=3 2 5 4 6 -2 -1
right_child=1 -3 -4 -5 -6 -7 -8
leaf_value=-4.1724274179209839 3.2299628957112634 5.3436384118121607 4.2856659608728753 -2.9654103500687561 -3.682759832724547 2.6615823305570165 -4.5328021321977889
leaf_weight=23 30 23 34 23 39 26 28
leaf_count=23 30 23 34 23 39 26 28
internal_value=0 3.84705 3.46459 -3.84705 -4.07235 2.96607 -4.37028
internal_weight=0 113 90 113 90 56 51
internal_count=226 113 90 113 90 56 51
is_linear=0
shrinkage=0.05


Tree=3
num_leaves=8
num_cat=0
split_feature=0 6 12 6 12 4 11
split_gain=1.20745e+06 23349.5 13298.8 8111.79 3974.16 1624.4 676.943
threshold=1.0000000180025095e-35 0.17857142857142858 329.72950000000009 0.24285714285714285 168.57650000000004 6.5000000000000009 180.21650000000002
decision_type=2 2 10 2 10 2 10
left_child=3 2 5 4 6 -2 -1
right_child=1 -3 -4 -5 -6 -7 -8
leaf_value=-4.2334590396365606 3.0684646352132163 5.076456567515498 4.0713825899011953 -2.7680018617993309 -3.4176842602816495 2.5285031648782588 -3.883223915100098
leaf_weight=37 30 23 34 21 33 26 22
leaf_count=37 30 23 34 21 33 26 22
internal_value=0 3.65469 3.29136 -3.65469 -3.85709 2.81777 -4.10286
internal_weight=0 113 90 113 92 56 59
internal_count=226 113 90 113 92 56 59
is_linear=0
shrinkage=0.05


Tree=4
num_leaves=8
num_cat=0
split_feature=0 6 12 6 12 9 9
split_gain=1.08973e+06 21155.5 13229.3 7352.45 3442.76 1473.44 597.386
threshold=1.0000000180025095e-35 0.24285714285714285 329.72950000000009 0.17857142857142858 165.93350000000001 354.70050000000009 174.07450000000003
decision_type=2 2 10 2 10 2 2
left_child=3 2 5 4 6 -2 -1
right_child=1 -3 -4 -5 -6 -7 -8
leaf_value=-3.7574625429899799 2.8843582209418805 4.903906549726214 3.9102551923479356 -2.6741416557975439 -3.32221251756717 2.3661898239799171 -4.101368468148368
leaf_weight=23 34 21 35 23 39 23 28
leaf_count=23 34 21 35 23 39 23 28
internal_value=0 3.47196 3.1451 -3.47196 -3.67585 2.67527 -3.94627
internal_weight=0 113 92 113 90 57 51
internal_count=226 113 92 113 90 57 51
is_linear=0
shrinkage=0.05


Tree=5
num_leaves=8
num_cat=0
split_feature=0 6 2 6 12 12 11
split_gain=983479 19125.6 11491.2 6643.93 3291.03 2472.25 610.826
threshold=1.0000000180025095e-35 0.17857142857142858 1.0000000180025095e-35 0.24285714285714285 168.57650000000004 209.31500000000003 180.21650000000002
decision_type=2 2 2 2 10 10 10
left_child=3 2 5 4 6 -2 -1
right_child=1 -3 -4 -5 -6 -7 -8
leaf_value=-3.8292409948400548 2.0913653373718262 4.5851153746895177 3.6156011361342211 -2.4958945535478136 -3.0816713622122105 2.7909797736576625 -3.4965488347140226
leaf_weight=37 23 23 39 21 33 28 22
leaf_count=37 23 23 39 21 33 28 22
internal_value=0 3.29836 2.96953 -3.29836 -3.48153 2.47547 -3.70519
internal_weight=0 113 90 113 92 51 59
internal_count=226 113 90 113 92 51 59
is_linear=0
shrinkage=0.05


Tree=6
num_leaves=9
num_cat=0
split_feature=0 6 12 6 2 12 10 9
split_gain=887590 17329.6 11440.2 6021.01 3245.49 2850.44 1057.95 569.224
threshold=1.0000000180025095e-35 0.24285714285714285 343.65700000000004 0.17857142857142858 1.0000000180025095e-35 163.56900000000005 185.61250000000004 174.07450000000003
decision_type=2 2 10 2 2 10 2 2
left_child=3 2 4 5 -2 7 -7 -1
right_child=1 -3 -4 -5 -6 6 -8 -9
leaf_value=-3.3859256199428014 2.2754790001727168 4.4294551940191367 3.77613000869751 -2.4114678548729938 3.023142501286098 -3.2563990159468221 -2.7539407634735107 -3.7330145659270109
leaf_weight=21 47 21 24 23 21 22 20 27
leaf_count=21 47 21 24 23 21 22 20 27
internal_value=0 3.13344 2.83762 -3.13344 2.50638 -3.31795 -3.01713 -3.58116
internal_weight=0 113 92 113 68 90 42 48
internal_count=226 113 92 113 68 90 42 48
is_linear=0
shrinkage=0.05


Tree=7
num_leaves=8
num_cat=0
split_feature=0 6 12 6 12 4 2
split_gain=801050 15643 9523.23 5441.73 2814.8 1323.75 906.198
threshold=1.0000000180025095e-35 0.17857142857142858 329.72950000000009 0.24285714285714285 174.54450000000003 6.5000000000000009 1.0000000180025095e-35
decision_type=2 2 10 2 10 2 2
left_child=3 2 5 4 6 -2 -1
right_child=1 -3 -4 -5 -6 -7 -8
leaf_value=-3.4345506583319771 2.5049264335632326 4.1404896197111709 3.3394557391895967 -2.250526525860741 -2.6635177363520084 2.0174875589517449 -3.0541035254796345
leaf_weight=45 30 23 34 21 23 26 24
leaf_count=45 30 23 34 21 23 26 24
internal_value=0 2.97677 2.67938 -2.97677 -3.14255 2.27862 -3.30222
internal_weight=0 113 90 113 92 56 69
internal_count=226 113 90 113 92 56 69
is_linear=0
shrinkage=0.05


Tree=8
num_leaves=10
num_cat=0
split_feature=0 6 2 6 12 12 12 10 11
split_gain=722948 14196.6 10102.8 4926.06 2407.45 2180.67 1984.44 916.646 504.038
threshold=1.0000000180025095e-35 0.24285714285714285 1.0000000180025095e-35 0.17857142857142858 163.56900000000005 341.80050000000011 209.31500000000003 185.61250000000004 180.21650000000002
decision_type=2 2 2 2 10 10 10 2 8
left_child=3 2 6 4 8 -4 -2 -6 -1
right_child=1 -3 5 -5 7 -7 -8 -9 -10
leaf_value=-3.3796105066935223 1.7670099397500356 4.000958097548712 2.7884037971496585 -2.1748963293821917 -2.9410812551325023 3.5267584800720218 2.3866022314344133 -2.4733792591094974 -3.0529995782034742
leaf_weight=27 24 21 20 23 22 20 28 20 21
leaf_count=27 24 21 20 23 22 20 28 20 21
internal_value=0 2.82793 2.56018 -2.82793 -2.99482 3.15758 2.10064 -2.71837 -3.23672
internal_weight=0 113 92 113 90 40 52 42 48
internal_count=226 113 92 113 90 40 52 42 48
is_linear=0
shrinkage=0.05


Tree=9
num_leaves=9
num_cat=0
split_feature=0 6 2 6 12 12 12 2
split_gain=652460 12812.4 9117.74 4457.31 2357.56 1968.05 1790.96 808.169
threshold=1.0000000180025095e-35 0.24285714285714285 1.0000000180025095e-35 0.24285714285714285 174.54450000000003 341.80050000000011 209.31500000000003 1.0000000180025095e-35
decision_type=2 2 2 2 10 10 10 2
left_child=3 2 6 4 7 -4 -2 -1
right_child=1 -3 5 -5 -6 -7 -8 -9
leaf_value=-3.1076678212483726 1.6786594331264497 3.8009101504371281 2.648983602523804 -2.0292553810846239 -2.3981710433959962 3.3504204368591313 2.2672721590314593 -2.7483871777852378
leaf_weight=45 24 21 20 21 23 20 28 24
leaf_count=45 24 21 20 21 23 20 28 24
internal_value=0 2.68654 2.43217 -2.68654 -2.83657 2.9997 1.9956 -2.9827
internal_weight=0 113 92 113 92 40 52 69
internal_count=226 113 92 113 92 40 52 69
is_linear=0
shrinkage=0.05


Tree=10
num_leaves=9
num_cat=0
split_feature=0 6 2 6 12 11 10 9
split_gain=588845 11612.2 7426.84 4030.04 2033.7 1657.74 794.563 485.658
threshold=1.0000000180025095e-35 0.17857142857142858 1.0000000180025095e-35 0.17857142857142858 163.56900000000005 342.52750000000009 185.61250000000004 174.07450000000003
decision_type=2 2 2 2 10 10 2 2
left_child=3 2 5 4 7 -2 -6 -1
right_child=1 -3 -4 -5 6 -7 -8 -9
leaf_value=-2.7451491946265811 1.5438864302635193 3.5548518678416379 2.8153811552585704 -1.9615424197653066 -2.6564224243164065 2.1277587229205714 -2.2209783077239993 -3.0657497052793152
leaf_weight=21 20 23 39 23 22 31 20 27
leaf_count=21 20 23 39 23 22 31 20 27
internal_value=0 2.55221 2.29598 -2.55221 -2.70316 1.89879 -2.44907 -2.92549
internal_weight=0 113 90 113 90 51 42 48
internal_count=226 113 90 113 90 51 42 48
is_linear=0
shrinkage=0.05


Tree=11
num_leaves=8
num_cat=0
split_feature=0 6 12 6 12 4 11
split_gain=531433 10494 7850.96 3651.19 1973.77 1134.03 737.327
threshold=1.0000000180025095e-35 0.24285714285714285 329.72950000000009 0.24285714285714285 174.54450000000003 6.5000000000000009 176.27700000000002
decision_type=2 2 10 2 10 2 10
left_child=3 2 5 4 6 -2 -1
right_child=1 -3 -4 -5 -6 -7 -8
leaf_value=-2.8648123481056906 2.044030523300171 3.4331220944722496 2.7838347843715123 -1.8297154744466146 -2.1592579966006071 1.5973713433301009 -2.5376099215613475
leaf_weight=33 30 21 35 21 23 27 36
leaf_count=33 30 21 35 21 23 27 36
internal_value=0 2.4246 2.19439 -2.4246 -2.56039 1.83246 -2.6941
internal_weight=0 113 92 113 92 57 69
internal_count=226 113 92 113 92 57 69
is_linear=0
shrinkage=0.05


Tree=12
num_leaves=9
num_cat=0
split_feature=0 6 2 6 12 12 10 9
split_gain=479618 9512.7 6461.52 3298.27 1698.84 1415.76 688.689 447.069
threshold=1.0000000180025095e-35 0.17857142857142858 1.0000000180025095e-35 0.17857142857142858 163.56900000000005 209.31500000000003 185.61250000000004 174.07450000000003
decision_type=2 2 2 2 10 10 2 2
left_child=3 2 5 4 7 -2 -6 -1
right_child=1 -3 -4 -5 6 -7 -8 -9
leaf_value=-2.4701044990902856 1.4103109878042472 3.210855396934178 2.5559285995287775 -1.7690128492272419 -2.400741663846103 1.9397390263421195 -1.9953453159332277 -2.777704616829201
leaf_weight=21 23 23 39 23 22 28 20 27
leaf_count=21 23 23 39 23 22 28 20 27
internal_value=0 2.30337 2.07146 -2.30337 -2.43993 1.70098 -2.2077 -2.64313
internal_weight=0 113 90 113 90 51 42 48
internal_count=226 113 90 113 90 51 42 48
is_linear=0
shrinkage=0.05


Tree=13
num_leaves=8
num_cat=0
split_feature=0 6 12 6 12 4 2
split_gain=432855 8595.03 6773.25 2990.99 1652.3 998.612 694.346
threshold=1.0000000180025095e-35 0.24285714285714285 329.72950000000009 0.24285714285714285 174.54450000000003 6.5000000000000009 1.0000000180025095e-35
decision_type=2 2 10 2 10 2 2
left_child=3 2 5 4 6 -2 -1
right_child=1 -3 -4 -5 -6 -7 -8
leaf_value=-2.5492723888821072 1.8422244501113891 3.1009231385730565 2.5273545646667479 -1.6497790563674202 -1.9440882516943891 1.4230804045995078 -2.2162522315979003
leaf_weight=45 30 21 35 21 23 27 24
leaf_count=45 30 21 35 21 23 27 24
internal_value=0 2.1882 1.97986 -2.1882 -2.3111 1.64368 -2.43344
internal_weight=0 113 92 113 92 57 69
internal_count=226 113 92 113 92 57 69
is_linear=0
shrinkage=0.05


Tree=14
num_leaves=9
num_cat=0
split_feature=0 6 2 6 12 11 10 11
split_gain=390652 7792.94 5622.23 2699.37 1517.43 1253.22 649.588 402.337
threshold=1.0000000180025095e-35 0.17857142857142858 1.0000000180025095e-35 0.24285714285714285 163.56900000000005 342.52750000000009 185.61250000000004 180.21650000000002
decision_type=2 2 2 2 10 10 2 8
left_child=3 2 5 4 7 -2 -6 -1
right_child=1 -3 -4 -5 6 -7 -8 -9
leaf_value=-2.5098500932965959 1.2147265481948855 2.9001609304676887 2.3207993495158661 -1.5672900881086078 -2.1686471548947419 1.7223857895020516 -1.7798686436244422 -2.2203329676673529
leaf_weight=28 20 23 39 21 22 31 21 21
leaf_count=28 20 23 39 21 22 31 21 21
internal_value=0 2.07879 1.86889 -2.07879 -2.19555 1.5233 -1.97878 -2.38577
internal_weight=0 113 90 113 92 51 43 49
internal_count=226 113 90 113 92 51 43 49
is_linear=0
shrinkage=0.05


Tree=15
num_leaves=8
num_cat=0
split_feature=0 12 6 6 2 2 10
split_gain=352563 7411.91 3785.44 2446.86 2236.27 1296.13 830.161
threshold=1.0000000180025095e-35 349.21800000000002 0.17857142857142858 0.17857142857142858 1.0000000180025095e-35 1.0000000180025095e-35 176.27700000000002
decision_type=2 10 2 2 2 2 2
left_child=3 2 4 5 -2 6 -1
right_child=1 -3 -4 -5 -6 -7 -8
leaf_value=-2.4641217422485351 1.3977198041003684 2.7984299919822 2.3833494687080381 -1.514602391616158 1.9852255434989929 -1.8754872542161209 -2.060588363500742
leaf_weight=25 46 22 20 23 25 39 26
leaf_count=25 46 22 20 23 25 39 26
internal_value=0 1.97485 1.77574 -1.97485 1.60459 -2.09247 -2.2584
internal_weight=0 113 91 113 71 90 51
internal_count=226 113 91 113 71 90 51
is_linear=0
shrinkage=0.05


Tree=16
num_leaves=8
num_cat=0
split_feature=0 12 6 6 2 12 11
split_gain=318188 6689.24 3416.36 2210.9 2018.23 1321.1 594.242
threshold=1.0000000180025095e-35 349.21800000000002 0.17857142857142858 0.24285714285714285 1.0000000180025095e-35 174.54450000000003 176.27700000000002
decision_type=2 10 2 2 2 10 10
left_child=3 2 4 5 -2 6 -1
right_child=1 -3 -4 -5 -6 -7 -8
leaf_value=-2.2444223028240784 1.327833806950113 2.6585084394975143 2.264182071685791 -1.4131954897017707 1.8859642605781557 -1.6535999961521317 -1.9506790690951878
leaf_weight=33 46 22 20 21 25 23 36
leaf_count=33 46 22 20 21 25 23 36
internal_value=0 1.87611 1.68696 -1.87611 1.52436 -1.98177 -2.09116
internal_weight=0 113 91 113 71 92 69
internal_count=226 113 91 113 71 92 69
is_linear=0
shrinkage=0.05


Tree=17
num_leaves=9
num_cat=0
split_feature=8 6 2 12 12 10 11 13
split_gain=287304 6067.06 5362.28 2045.82 1145.24 932.723 600.298 292.839
threshold=281.08400000000006 0.24285714285714285 1.0000000180025095e-35 180.84400000000002 356.47200000000004 176.27700000000002 180.21650000000002 173.58525000000003
decision_type=2 2 2 10 8 2 10 2
left_child=3 2 4 5 -2 7 -7 -1
right_child=1 -3 -4 -5 -6 6 -8 -9
leaf_value=-1.9146607065200805 1.5332567386627198 2.5646381310054238 2.0649920503298445 -1.32128569043818 1.0636137342011487 -1.9222985516423767 -1.5827773189544678 -2.185233907699585
leaf_weight=20 25 21 39 21 27 23 30 20
leaf_count=20 25 21 39 21 27 23 30 20
internal_value=0 1.79858 1.6218 -1.76703 1.2894 -1.86768 -1.73012 -2.04995
internal_weight=0 112 91 114 52 93 53 40
internal_count=226 112 91 114 52 93 53 40
is_linear=0
shrinkage=0.05


Tree=18
num_leaves=8
num_cat=0
split_feature=0 12 6 6 2 2 10
split_gain=259340 5912.17 2672.85 1986.08 1611.1 1085.29 654.13
threshold=1.0000000180025095e-35 349.21800000000002 0.17857142857142858 0.17857142857142858 1.0000000180025095e-35 1.0000000180025095e-35 176.27700000000002
decision_type=2 10 2 2 2 2 2
left_child=3 2 4 5 -2 6 -1
right_child=1 -3 -4 -5 -6 -7 -8
leaf_value=-2.1341698684692383 1.1965203495453234 2.4293068799105559 2.0264936041831971 -1.2791005694347879 1.6951890234947204 -1.6011694529117684 -1.7759659583751972
leaf_weight=25 46 22 20 23 25 39 26
leaf_count=25 46 22 20 23 25 39 26
internal_value=0 1.69375 1.51593 -1.69375 1.37211 -1.79972 -1.95156
internal_weight=0 113 91 113 71 90 51
internal_count=226 113 91 113 71 90 51
is_linear=0
shrinkage=0.05


Tree=19
num_leaves=9
num_cat=0
split_feature=8 6 2 12 4 10 11 13
split_gain=234226 5199.86 4424.12 1743.55 1101.13 772.032 541.843 253.943
threshold=281.08400000000006 0.24285714285714285 1.0000000180025095e-35 180.84400000000002 6.5000000000000009 176.27700000000002 180.21650000000002 173.58525000000003
decision_type=2 2 2 10 2 2 10 2
left_child=3 2 4 5 -2 7 -7 -1
right_child=1 -3 -4 -5 -6 6 -8 -9
leaf_value=-1.7282375717163085 1.3884671137883116 2.3331633102326168 1.8628653076978829 -1.1839773155394056 0.92829795388075032 -1.7458259748375935 -1.4232588831583659 -1.9802015876770023
leaf_weight=20 26 21 39 21 26 23 30 20
leaf_count=20 26 21 39 21 26 23 30 20
internal_value=0 1.62396 1.4603 -1.59547 1.15838 -1.68839 -1.56324 -1.85422
internal_weight=0 112 91 114 52 93 53 40
internal_count=226 112 91 114 52 93 53 40
is_linear=0
shrinkage=0.05


Tree=20
num_leaves=8
num_cat=0
split_feature=8 12 10 6 2 12 2
split_gain=211389 5038.84 2242.13 1674.39 1439 1260.39 465.592
threshold=281.08400000000006 349.21800000000002 365.62200000000001 0.24285714285714285 1.0000000180025095e-35 174.54450000000003 1.0000000180025095e-35
decision_type=2 10 2 2 2 10 2
left_child=3 2 4 5 -2 6 -1
right_child=1 -3 -4 -5 -6 -7 -8
leaf_value=-1.8101681783464221 1.0900812912654751 2.2210888689214534 1.8438427528738979 -1.1124475569952101 1.5784160926938058 -1.2946528470133976 -1.5374679923057557
leaf_weight=45 48 22 20 21 22 24 24
leaf_count=45 48 22 20 21 22 24 24
internal_value=0 1.54277 1.37695 -1.5157 1.24356 -1.60676 -1.71532
internal_weight=0 112 90 114 70 93 69
internal_count=226 112 90 114 70 93 69
is_linear=0
shrinkage=0.05


Tree=21
num_leaves=9
num_cat=0
split_feature=0 6 12 6 2 11 10 1
split_gain=190913 4832.4 3693.84 1621.23 901.074 837.896 525.329 246.609
threshold=1.0000000180025095e-35 0.24285714285714285 329.72950000000009 0.24285714285714285 1.0000000180025095e-35 333.30350000000004 176.27700000000002 21.500000000000004
decision_type=2 2 10 2 2 10 2 2
left_child=3 2 5 4 6 -2 -1 -6
right_child=1 -3 -4 -5 7 -7 -8 -9
leaf_value=-1.8461095809936525 0.83186200046539305 2.1376072220859075 1.7013252673830306 -1.05682517573947 -1.4894473171234131 1.2181912032887341 -1.5280301623874242 -1.2411487126350405
leaf_weight=25 25 21 35 21 20 32 27 20
leaf_count=25 25 21 35 21 20 32 27 20
internal_value=0 1.45323 1.29701 -1.45323 -1.54371 1.04875 -1.68095 -1.3653
internal_weight=0 113 92 113 92 57 52 40
internal_count=226 113 92 113 92 57 52 40
is_linear=0
shrinkage=0.05


Tree=22
num_leaves=8
num_cat=0
split_feature=8 12 10 12 9 8 10
split_gain=172305 4348.19 1896.64 1405.82 1293.3 738.933 471.133
threshold=281.08400000000006 349.21800000000002 365.62200000000001 180.84400000000002 343.65700000000004 176.61350000000002 186.53900000000002
decision_type=2 10 2 10 2 2 2
left_child=3 2 4 5 -2 -1 -7
right_child=1 -3 -4 -5 -6 6 -8
leaf_value=-1.6177036633858315 1.3310592780794417 2.0229851029135966 1.6682451975345611 -0.99892602633862271 0.90122546170439044 -1.4453575758373036 -1.1395248031616212
leaf_weight=39 35 22 20 21 35 34 20
leaf_count=39 35 22 20 21 35 34 20
internal_value=0 1.39286 1.23883 -1.36843 1.11614 -1.45186 -1.33209
internal_weight=0 112 90 114 70 93 54
internal_count=226 112 90 114 70 93 54
is_linear=0
shrinkage=0.05


Tree=23
num_leaves=9
num_cat=0
split_feature=0 6 12 6 12 11 10 9
split_gain=155605 4340.54 3048.21 1473.08 789.843 772.861 363.54 354.479
threshold=1.0000000180025095e-35 0.24285714285714285 329.72950000000009 0.24285714285714285 163.56900000000005 333.30350000000004 185.61250000000004 174.07450000000003
decision_type=2 2 10 2 10 10 2 2
left_child=3 2 5 4 7 -2 -6 -1
right_child=1 -3 -4 -5 6 -7 -8 -9
leaf_value=-1.3801852407909576 0.7301041893959046 1.9605968463988532 1.531212568964277 -0.93412439482552667 -1.3838816382668235 1.1011376189650037 -1.0930382433391752 -1.6519385950905936
leaf_weight=21 25 21 35 21 22 32 21 28
leaf_count=21 25 21 35 21 22 32 21 28
internal_value=0 1.31198 1.16393 -1.31198 -1.39823 0.938404 -1.24184 -1.53547
internal_weight=0 113 92 113 92 57 43 49
internal_count=226 113 92 113 92 57 43 49
is_linear=0
shrinkage=0.05


Tree=24
num_leaves=9
num_cat=0
split_feature=8 6 2 6 4 2 10 12
split_gain=140448 3793.51 2844.96 1247.31 908.248 899.9 431.497 261.412
threshold=281.08400000000006 0.17857142857142858 1.0000000180025095e-35 0.24285714285714285 6.5000000000000009 1.0000000180025095e-35 176.27700000000002 170.58700000000002
decision_type=2 2 2 2 2 2 2 10
left_child=3 2 4 5 -2 6 -1 -7
right_child=1 -3 -4 -5 -6 7 -8 -9
leaf_value=-1.6018436546325685 1.0724855019496038 1.8299425622691279 1.4370941820505418 -0.88741817985262195 0.6503997187614442 -1.2682651507854463 -1.3135674847496881 -1.0156845218989821
leaf_weight=25 26 23 38 21 25 20 27 21
leaf_count=25 26 23 38 21 25 20 27 21
internal_value=0 1.25753 1.1096 -1.23546 0.865581 -1.31405 -1.45216 -1.13889
internal_weight=0 112 89 114 51 93 52 41
internal_count=226 112 89 114 51 93 52 41
is_linear=0
shrinkage=0.05


Tree=25
num_leaves=9
num_cat=0
split_feature=0 12 1 7 6 12 9 10
split_gain=126838 3820.62 1561.4 2836.13 1202.99 656.569 315.486 308.223
threshold=1.0000000180025095e-35 349.21800000000002 18.500000000000004 338.46150000000006 0.24285714285714285 163.56900000000005 174.07450000000003 185.61250000000004
decision_type=2 10 2 2 2 10 2 2
left_child=4 2 -2 -4 5 6 -1 -7
right_child=1 -3 3 -5 -6 7 -8 -9
leaf_value=-1.2410852568490167 0.7913523234225609 1.77581142837351 0.75876253843307495 1.5020613323558463 -0.84304728678294605 -1.2506564487110485 -1.4974565548556191 -0.98285311063130709
leaf_weight=21 37 22 21 33 21 22 28 21
leaf_count=21 37 22 21 33 21 22 28 21
internal_value=0 1.18451 1.04156 1.213 -1.18451 -1.26246 -1.38758 -1.11987
internal_weight=0 113 91 54 113 92 49 43
internal_count=226 113 91 54 113 92 49 43
is_linear=0
shrinkage=0.05


Tree=26
num_leaves=9
num_cat=0
split_feature=0 6 2 6 12 11 2 10
split_gain=114471 3551.25 2556.81 1087.04 927.977 877.269 583.499 373.234
threshold=1.0000000180025095e-35 0.24285714285714285 1.0000000180025095e-35 0.17857142857142858 356.47200000000004 354.70050000000009 1.0000000180025095e-35 176.27700000000002
decision_type=2 2 2 2 8 10 2 2
left_child=3 2 4 6 -2 -4 7 -1
right_child=1 -3 5 -5 -6 -7 -8 -9
leaf_value=-1.4529549579620362 0.97969487285614021 1.7119728826341174 1.0577494109794496 -0.81851825869601713 0.55694019838615705 1.5260626292228698 -1.0580967359053783 -1.1823792576789856
leaf_weight=25 25 21 20 23 27 20 39 26
leaf_count=25 25 21 20 23 27 20 39 26
internal_value=0 1.12529 0.99137 -1.12529 0.760188 1.29191 -1.20368 -1.31501
internal_weight=0 113 92 113 52 40 90 51
internal_count=226 113 92 113 52 40 90 51
is_linear=0
shrinkage=0.05


Tree=27
num_leaves=9
num_cat=0
split_feature=8 12 7 10 8 7 12 4
split_gain=103392 3244.02 1439.01 1287.29 997.127 816.24 604.227 361.587
threshold=281.08400000000006 349.21800000000002 349.18750000000006 343.65700000000004 174.47250000000005 369.09150000000005 165.93350000000001 1.0000000180025095e-35
decision_type=2 10 2 2 2 2 10 2
left_child=4 2 3 -2 -1 -4 -6 -8
right_child=1 -3 5 -5 6 -7 7 -9
leaf_value=-1.2650895067514518 0.47911700653758915 1.6232211763208566 1.382195358049302 0.99436169906898775 -1.1179034899920226 0.93587542116642009 -0.97262085784565322 -0.6825598095144545
leaf_weight=39 22 22 21 27 32 20 22 21
leaf_count=39 22 22 21 27 32 20 22 21
internal_value=0 1.07895 0.945911 0.763027 -1.06002 1.16448 -0.953391 -0.830963
internal_weight=0 112 90 49 114 41 75 43
internal_count=226 112 90 49 114 41 75 43
is_linear=0
shrinkage=0.05


Tree=28
num_leaves=8
num_cat=0
split_feature=8 6 2 12 4 8 10
split_gain=93311.3 3123.31 2483.3 929.609 835.448 575.104 337.614
threshold=281.08400000000006 0.24285714285714285 1.0000000180025095e-35 180.84400000000002 6.5000000000000009 176.61350000000002 186.53900000000002
decision_type=2 2 2 10 2 2 2
left_child=3 2 4 5 -2 -1 -7
right_child=1 -3 -4 -5 -6 6 -8
leaf_value=-1.2211787667794107 0.87237868916529893 1.5746478869801477 1.1997667905611871 -0.70655456614636236 0.47155076580551958 -1.0650916580220355 -0.80619713276624683
leaf_weight=39 26 21 39 21 26 34 20
leaf_count=39 26 21 39 21 26 34 20
internal_value=0 1.02501 0.898166 -1.00702 0.671965 -1.07487 -0.969205
internal_weight=0 112 91 114 52 93 54
internal_count=226 112 91 114 52 93 54
is_linear=0
shrinkage=0.05


Tree=29
num_leaves=9
num_cat=0
split_feature=0 12 1 7 6 2 11 1
split_gain=84247.4 2971.3 1309.29 2326.04 992.444 518.636 326.444 221.053
threshold=1.0000000180025095e-35 349.21800000000002 18.500000000000004 338.46150000000006 0.24285714285714285 1.0000000180025095e-35 174.95050000000001 21.500000000000004
decision_type=2 10 2 2 2 2 10 2
left_child=4 2 -2 -4 5 6 -1 -7
right_child=1 -3 3 -5 -6 7 -8 -9
leaf_value=-1.2987499141693117 0.61018508793534465 1.4868210331960159 0.58492824520383568 1.2580737366820829 -0.65522286650680361 -1.018349106311798 -1.0412446100264787 -0.78326749384403227
leaf_weight=20 37 22 21 33 21 20 32 20
leaf_count=20 37 22 21 33 21 20 32 20
internal_value=0 0.96537 0.839305 0.996295 -0.96537 -1.03616 -1.14029 -0.900808
internal_weight=0 113 91 54 113 92 52 40
internal_count=226 113 91 54 113 92 52 40
is_linear=0
shrinkage=0.05


Tree=30
num_leaves=9
num_cat=0
split_feature=8 6 2 6 12 2 11 11
split_gain=76045.5 2824.81 1837.37 845.968 770.414 565.214 294.616 149.942
threshold=281.08400000000006 0.17857142857142858 1.0000000180025095e-35 0.24285714285714285 356.47200000000004 1.0000000180025095e-35 174.95050000000001 182.35650000000004
decision_type=2 2 2 2 8 2 10 10
left_child=3 2 4 5 -2 6 -1 -7
right_child=1 -3 -4 -5 -6 7 -8 -9
leaf_value=-1.2338124251365663 0.79975814533233647 1.4192824685055276 1.0608662752728715 -0.62246171736291478 0.41101693958044055 -0.93298000812530513 -0.98918237984180457 -0.74168712108262946
leaf_weight=20 25 23 38 21 26 20 32 21
leaf_count=20 25 23 38 21 26 20 32 21
internal_value=0 0.925329 0.797678 -0.909095 0.601576 -0.973818 -1.08327 -0.835001
internal_weight=0 112 89 114 51 93 52 41
internal_count=226 112 89 114 51 93 52 41
is_linear=0
shrinkage=0.05


Tree=31
num_leaves=8
num_cat=0
split_feature=11 6 2 8 4 7 9
split_gain=68883.5 3120.45 1748.94 1130.76 870.959 616.007 149.162
threshold=303.52450000000005 0.17857142857142858 1.0000000180025095e-35 174.47250000000005 6.5000000000000009 190.26700000000002 185.19900000000004
decision_type=10 2 2 2 2 2 2
left_child=3 2 4 -1 -2 6 -5
right_child=1 -3 -4 5 -6 -7 -8
leaf_value=-1.0484828261228709 0.80635010035087673 1.4669855100767952 1.0466191298252827 -0.90993819209933291 0.38466215169429785 -0.53104387178484891 -0.74044616089926829
leaf_weight=39 24 21 37 25 25 28 27
leaf_count=39 24 21 37 25 25 28 27
internal_value=0 0.920566 0.787138 -0.827736 0.591203 -0.720122 -0.821933
internal_weight=0 107 86 119 49 80 52
internal_count=226 107 86 119 49 80 52
is_linear=0
shrinkage=0.05


Tree=32
num_leaves=9
num_cat=0
split_feature=8 12 11 13 6 2 10 1
split_gain=62217.2 2481.68 1197.77 1252.41 769.078 502.815 264.271 129.169
threshold=281.08400000000006 349.21800000000002 333.30350000000004 350.41200000000009 0.24285714285714285 1.0000000180025095e-35 176.27700000000002 21.500000000000004
decision_type=2 10 10 2 2 2 2 2
left_child=4 2 -2 -4 5 6 -1 -7
right_child=1 -3 3 -5 -6 7 -8 -9
leaf_value=-1.1043806848526001 0.4808865543567773 1.3130189400504937 0.59424071681499491 1.0665592234581709 -0.54899777173995978 -0.83968476269926351 -0.87877794421381417 -0.66213651338592172
leaf_weight=25 33 22 25 32 21 21 27 20
leaf_count=25 33 22 25 32 21 21 27 20
internal_value=0 0.836978 0.720613 0.859402 -0.822295 -0.884007 -0.987241 -0.753076
internal_weight=0 112 90 57 114 93 52 41
internal_count=226 112 90 57 114 93 52 41
is_linear=0
shrinkage=0.05


Tree=33
num_leaves=8
num_cat=0
split_feature=11 6 1 8 10 2 1
split_gain=56441.6 2528.65 1636.64 1162.95 981.235 632.713 333.107
threshold=310.03700000000009 0.092857142857142874 38.500000000000007 174.47250000000005 201.91450000000003 1.0000000180025095e-35 15.500000000000002
decision_type=10 2 2 2 2 2 2
left_child=3 2 5 -1 6 -2 -5
right_child=1 -3 -4 4 -6 -7 -8
leaf_value=-0.95474918622236982 0.70447638880207464 1.3059413281579815 0.32906558267772201 -0.5636361318555746 -0.31860458889976145 1.030846408782182 -0.80480908329893897
leaf_weight=39 33 24 20 22 20 27 41
leaf_count=39 33 24 20 22 20 27 41
internal_value=0 0.855812 0.720774 -0.729545 -0.623726 0.851343 -0.72059
internal_weight=0 104 80 122 83 60 63
internal_count=226 104 80 122 83 60 63
is_linear=0
shrinkage=0.05


Tree=34
num_leaves=8
num_cat=0
split_feature=11 6 1 8 2 11 9
split_gain=50938.5 2282.11 1477.07 1100.17 571.024 540.519 609.046
threshold=310.03700000000009 0.092857142857142874 38.500000000000007 191.99650000000003 1.0000000180025095e-35 185.35950000000003 171.93000000000004
decision_type=10 2 2 2 2 10 2
left_child=3 2 4 5 -2 6 -1
right_child=1 -3 -4 -5 -6 -7 -8
leaf_value=-0.66325834095478065 0.66925256712870163 1.2406442700730018 0.31261230215430258 -0.45634173525231225 0.97930408462330143 -0.62491342807188632 -1.0091398872647968
leaf_weight=20 33 24 20 35 27 32 35
leaf_count=20 33 24 20 35 27 32 35
internal_value=0 0.813022 0.684735 -0.693068 0.808776 -0.788302 -0.883365
internal_weight=0 104 80 122 60 87 55
internal_count=226 104 80 122 60 87 55
is_linear=0
shrinkage=0.05


Tree=35
num_leaves=9
num_cat=0
split_feature=8 6 2 4 6 2 11 1
split_gain=46253.6 2153.3 1562.73 707.782 702.025 410.145 223.215 125.347
threshold=281.08400000000006 0.24285714285714285 1.0000000180025095e-35 6.5000000000000009 0.24285714285714285 1.0000000180025095e-35 174.95050000000001 21.500000000000004
decision_type=2 2 2 2 2 2 10 2
left_child=4 2 3 -2 5 6 -1 -7
right_child=1 -3 -4 -5 -6 7 -8 -9
leaf_value=-0.99223152995109565 0.62136641878348131 1.1780369811114813 0.85559598849369933 0.25243293985437892 -0.44788691770462763 -0.73502533322288877 -0.77929838486015801 -0.56012336298823351
leaf_weight=20 26 21 39 26 21 21 32 20
leaf_count=20 26 21 39 26 21 21 32 20
internal_value=0 0.721659 0.616341 0.4369 -0.708998 -0.767959 -0.861196 -0.649707
internal_weight=0 112 91 52 114 93 52 41
internal_count=226 112 91 52 114 93 52 41
is_linear=0
shrinkage=0.05


Tree=36
num_leaves=8
num_cat=0
split_feature=11 6 1 12 8 2 10
split_gain=41967.2 1912.61 1309.69 948.083 584.847 460.773 382.501
threshold=310.03700000000009 0.092857142857142874 38.500000000000007 182.45900000000003 174.47250000000005 1.0000000180025095e-35 186.53900000000002
decision_type=10 2 2 10 2 2 2
left_child=3 2 5 4 -1 -2 -6
right_child=1 -3 -4 -5 6 -7 -8
leaf_value=-0.85431183709038627 0.61198849211813833 1.1294388008614382 0.27011534988880159 -0.32340454168262939 -0.71196020543575289 0.89050467985647708 -0.46795849146257185
leaf_weight=36 33 24 20 21 36 27 29
leaf_count=36 33 24 20 21 36 27 29
internal_value=0 0.737962 0.620519 -0.629083 -0.69264 0.737321 -0.603098
internal_weight=0 104 80 122 101 60 65
internal_count=226 104 80 122 101 60 65
is_linear=0
shrinkage=0.05


Tree=37
num_leaves=9
num_cat=0
split_feature=8 12 10 9 6 2 11 1
split_gain=37909.7 2002.03 912.697 1129.74 643.176 346.075 189.489 117.629
threshold=281.08400000000006 349.21800000000002 355.80950000000007 343.65700000000004 0.24285714285714285 1.0000000180025095e-35 174.95050000000001 21.500000000000004
decision_type=2 10 2 2 2 2 10 2
left_child=4 2 3 -2 5 6 -1 -7
right_child=1 -3 -4 -5 -6 7 -8 -9
leaf_value=-0.90468314886093149 0.62261583717031921 1.0809024659070103 0.76317966170608997 0.17701510739326479 -0.39194338293302633 -0.67233248267854961 -0.70849470831453809 -0.50290087689645591
leaf_weight=20 33 22 32 25 21 21 32 20
leaf_count=20 33 22 32 25 21 21 32 20
internal_value=0 0.653333 0.548816 0.430547 -0.641871 -0.698306 -0.783952 -0.589683
internal_weight=0 112 90 58 114 93 52 41
internal_count=226 112 90 58 114 93 52 41
is_linear=0
shrinkage=0.05


Tree=38
num_leaves=8
num_cat=0
split_feature=11 6 1 8 10 2 1
split_gain=34450.4 1715.41 1174.7 815.08 554.222 383.518 304.583
threshold=310.03700000000009 0.092857142857142874 38.500000000000007 174.47250000000005 201.91450000000003 1.0000000180025095e-35 15.500000000000002
decision_type=10 2 2 2 2 2 2
left_child=3 2 5 -1 6 -2 -5
right_child=1 -3 -4 4 -6 -7 -8
leaf_value=-0.75850389576875255 0.55366582852421387 1.0393611824760833 0.22553490504622459 -0.4040910617871718 -0.25206427068449555 0.80776298421400572 -0.63470730385402352
leaf_weight=39 33 24 20 22 20 27 41
leaf_count=39 33 24 20 22 20 27 41
internal_value=0 0.668615 0.557391 -0.569967 -0.481377 0.66801 -0.554175
internal_weight=0 104 80 122 83 60 63
internal_count=226 104 80 122 83 60 63
is_linear=0
shrinkage=0.05


Tree=39
num_leaves=8
num_cat=0
split_feature=11 6 1 12 8 1 10
split_gain=31091.5 1548.16 1060.17 771.952 455.474 368.359 287.152
threshold=310.03700000000009 0.092857142857142874 38.500000000000007 182.45900000000003 174.47250000000005 25.500000000000004 186.53900000000002
decision_type=10 2 2 10 2 2 2
left_child=3 2 5 4 -1 -2 -6
right_child=1 -3 -4 -5 6 -7 -8
leaf_value=-0.74149299653040046 0.54369999770170607 0.98739313781261451 0.21425816267728806 -0.26564178012666251 -0.61412164320548379 0.80344020922978732 -0.40270823458659238
leaf_weight=36 39 24 20 21 36 21 29
leaf_count=36 39 24 20 21 36 21 29
internal_value=0 0.635184 0.529521 -0.541468 -0.598818 0.634609 -0.519799
internal_weight=0 104 80 122 101 60 65
internal_count=226 104 80 122 101 60 65
is_linear=0
shrinkage=0.05


Tree=40
num_leaves=9
num_cat=0
split_feature=8 12 1 12 6 2 7 1
split_gain=28163.5 1724.51 831.896 1837.05 592.29 284.673 168.197 116.304
threshold=281.08400000000006 349.21800000000002 18.500000000000004 209.31500000000003 0.24285714285714285 1.0000000180025095e-35 175.87500000000003 21.500000000000004
decision_type=2 10 2 10 2 2 2 2
left_child=4 2 -2 -4 5 6 -1 -7
right_child=1 -3 3 -5 -6 7 -8 -9
leaf_value=-0.794333595321292 0.27994137456019724 0.95995119886303493 0.36656761669060767 0.97047887235879904 -0.31340562261286237 -0.59106531824384423 -0.61106377724678296 -0.42259100824594498
leaf_weight=21 36 22 34 20 21 21 31 20
leaf_count=21 36 22 34 20 21 21 31 20
internal_value=0 0.563122 0.46612 0.590238 -0.553243 -0.6074 -0.685077 -0.508883
internal_weight=0 112 90 54 114 93 52 41
internal_count=226 112 90 54 114 93 52 41
is_linear=0
shrinkage=0.05


Tree=41
num_leaves=8
num_cat=0
split_feature=11 6 1 12 8 2 10
split_gain=25505.2 1382.45 994.084 645.408 401.291 345.024 235.156
threshold=310.03700000000009 0.092857142857142874 38.500000000000007 182.45900000000003 174.47250000000005 1.0000000180025095e-35 186.53900000000002
decision_type=10 2 2 10 2 2 2
left_child=3 2 5 4 -1 -2 -6
right_child=1 -3 -4 -5 6 -7 -8
leaf_value=-0.67677772459056651 0.46875694312832572 0.90812563523650169 0.1701717308163643 -0.23821100876444865 -0.55404406136108775 0.70976508988274478 -0.36272659065394569
leaf_weight=36 33 24 20 21 36 27 29
leaf_count=36 33 24 20 21 36 27 29
internal_value=0 0.575299 0.475451 -0.490419 -0.542858 0.577211 -0.468687
internal_weight=0 104 80 122 101 60 65
internal_count=226 104 80 122 101 60 65
is_linear=0
shrinkage=0.05


Tree=42
num_leaves=9
num_cat=0
split_feature=8 6 2 4 6 2 7 1
split_gain=23083.1 1623.65 1134.87 650.476 541.779 240.802 145.773 108.419
threshold=281.08400000000006 0.24285714285714285 1.0000000180025095e-35 6.5000000000000009 0.24285714285714285 1.0000000180025095e-35 175.87500000000003 21.500000000000004
decision_type=2 2 2 2 2 2 2 2
left_child=4 2 3 -2 5 6 -1 -7
right_child=1 -3 -4 -5 -6 7 -8 -9
leaf_value=-0.72581454997970951 0.44228037266203996 0.9061027668771291 0.62224317391713457 0.088597463185970615 -0.27148115351086571 -0.54139955717892885 -0.55519828820420858 -0.37873592048883442
leaf_weight=21 26 21 39 26 21 21 31 20
leaf_count=21 26 21 39 26 21 21 31 20
internal_value=0 0.509808 0.418355 0.265439 -0.500864 -0.55266 -0.624101 -0.462051
internal_weight=0 112 91 52 114 93 52 41
internal_count=226 112 91 52 114 93 52 41
is_linear=0
shrinkage=0.05


Tree=43
num_leaves=8
num_cat=0
split_feature=11 12 9 1 8 7 8
split_gain=21031.1 1268.17 1054.76 1261.28 552.938 328.919 128.368
threshold=310.03700000000009 343.65700000000004 362.50350000000009 36.500000000000007 174.47250000000005 190.26700000000002 184.03800000000004
decision_type=10 10 2 2 2 2 2
left_child=4 2 3 -2 -1 6 -6
right_child=1 -3 -4 -5 5 -7 -8
leaf_value=-0.60061859668065343 0.7118455751074686 0.82482314568299531 0.10849275469779969 0.23130757036534222 -0.34984715223312379 -0.24345276096174795 -0.51132377050817013
leaf_weight=39 36 26 20 22 20 31 32
leaf_count=39 36 26 20 22 20 31 32
internal_value=0 0.522408 0.421603 0.529573 -0.445332 -0.372366 -0.449217
internal_weight=0 104 78 58 122 83 52
internal_count=226 104 78 58 122 83 52
is_linear=0
shrinkage=0.05


Tree=44
num_leaves=8
num_cat=0
split_feature=11 8 6 8 6 11 1
split_gain=18980.6 1164.96 2448.54 802.246 539.269 587.905 213.361
threshold=310.03700000000009 369.09150000000005 0.092857142857142874 339.79950000000002 0.28571428571428575 202.33100000000005 15.500000000000002
decision_type=10 2 2 2 2 8 2
left_child=4 2 3 -2 5 6 -1
right_child=1 -3 -4 -5 -6 -7 -8
leaf_value=-0.42062409274556023 0.20290750587979953 0.20644102807228384 1.0544380324227471 0.58283319721619298 -0.19252646906035287 -0.24240475391799754 -0.59386788628852138
leaf_weight=27 24 26 21 33 21 22 52
leaf_count=27 24 26 21 33 21 22 52
internal_value=0 0.496288 0.592904 0.422864 -0.423065 -0.470999 -0.534658
internal_weight=0 104 78 57 122 101 79
internal_count=226 104 78 57 122 101 79
is_linear=0
shrinkage=0.05


Tree=45
num_leaves=8
num_cat=0
split_feature=11 1 13 12 12 8 10
split_gain=17130 1192.25 2257 923.241 514.55 313.146 174.164
threshold=310.03700000000009 32.500000000000007 359.90175000000005 209.31500000000003 182.45900000000003 174.47250000000005 186.53900000000002
decision_type=10 2 2 10 10 2 2
left_child=4 2 -2 -3 5 -1 -7
right_child=1 3 -4 -5 -6 6 -8
leaf_value=-0.5670349949763881 0.85091750586503423 0.017120206356048585 0.2463471805246977 0.49754742383956913 -0.17671881516774496 -0.4566718048519558 -0.29202427848659712
leaf_weight=36 38 20 26 20 21 36 29
leaf_count=36 38 20 26 20 21 36 29
internal_value=0 0.471474 0.605311 0.257334 -0.401912 -0.448734 -0.383214
internal_weight=0 104 64 40 122 101 65
internal_count=226 104 64 40 122 101 65
is_linear=0
shrinkage=0.05


Tree=46
num_leaves=9
num_cat=0
split_feature=8 6 2 4 6 2 10 1
split_gain=15536.9 1469.46 968.105 648.591 451.012 200.766 124.947 107.011
threshold=281.08400000000006 0.24285714285714285 1.0000000180025095e-35 6.5000000000000009 0.24285714285714285 1.0000000180025095e-35 176.27700000000002 21.500000000000004
decision_type=2 2 2 2 2 2 2 2
left_child=4 2 3 -2 5 6 -1 -7
right_child=1 -3 -4 -5 -6 7 -8 -9
leaf_value=-0.60395377486944202 0.36660317044991714 0.79526364576248898 0.51956565643732366 0.013433300359891013 -0.2016295584894362 -0.45427280550911314 -0.44882872788994405 -0.29266877219546589
leaf_weight=25 26 21 39 26 21 21 27 20
leaf_count=25 26 21 39 26 21 21 27 20
internal_value=0 0.418255 0.331253 0.190018 -0.410917 -0.458176 -0.523408 -0.375442
internal_weight=0 112 91 52 114 93 52 41
internal_count=226 112 91 52 114 93 52 41
is_linear=0
shrinkage=0.05


Tree=47
num_leaves=8
num_cat=0
split_feature=11 1 13 12 6 11 1
split_gain=14131.6 1087.41 2045.79 836.434 438.096 460.912 200.35
threshold=310.03700000000009 32.500000000000007 359.90175000000005 209.31500000000003 0.28571428571428575 202.33100000000005 15.500000000000002
decision_type=10 2 2 10 2 8 2
left_child=4 2 -2 -3 5 6 -1
right_child=1 3 -4 -5 -6 -7 -8
leaf_value=-0.35411442683802713 0.78987802345501756 -0.0049216374754905701 0.21428998955167256 0.45236221238970753 -0.15725634083861398 -0.20584619153629649 -0.52199283042349498
leaf_weight=27 38 20 26 20 21 22 52
leaf_count=27 38 20 26 20 21 22 52
internal_value=0 0.428228 0.556045 0.22372 -0.365047 -0.408251 -0.464617
internal_weight=0 104 64 40 122 101 79
internal_count=226 104 64 40 122 101 79
is_linear=0
shrinkage=0.05


Tree=48
num_leaves=8
num_cat=0
split_feature=11 12 9 1 8 7 8
split_gain=12753.8 1060.65 885.878 958.421 433.358 229.142 113.473
threshold=310.03700000000009 343.65700000000004 362.50350000000009 36.500000000000007 174.47250000000005 190.26700000000002 184.03800000000004
decision_type=10 10 2 2 2 2 2
left_child=4 2 3 -2 -1 6 -6
right_child=1 -3 -4 -5 5 -7 -8
leaf_value=-0.48426845333515073 0.57246568859037428 0.68338343117099543 0.027676022946834567 0.15357613739642231 -0.25291580803692343 -0.17460041805621118 -0.40473535303026442
leaf_weight=39 36 26 20 22 20 31 32
leaf_count=39 36 26 20 22 20 31 32
internal_value=0 0.406817 0.314628 0.413577 -0.346795 -0.282198 -0.346343
internal_weight=0 104 78 58 122 83 52
internal_count=226 104 78 58 122 83 52
is_linear=0
shrinkage=0.05


Tree=49
num_leaves=9
num_cat=0
split_feature=8 6 2 4 6 2 7 1
split_gain=11520.9 1426.01 824.348 614.533 371.624 177.255 114.125 103.335
threshold=281.08400000000006 0.24285714285714285 1.0000000180025095e-35 6.5000000000000009 0.24285714285714285 1.0000000180025095e-35 175.87500000000003 21.500000000000004
decision_type=2 2 2 2 2 2 2 2
left_child=4 2 3 -2 5 6 -1 -7
right_child=1 -3 -4 -5 -6 7 -8 -9
leaf_value=-0.54803615538846884 0.31601824966044378 0.73155808221726193 0.44822912000310727 -0.027753997364869488 -0.16386973542116939 -0.39647122791835243 -0.3970726898360637 -0.2376676554605365
leaf_weight=21 26 21 39 26 21 21 31 20
leaf_count=21 26 21 39 26 21 21 31 20
internal_value=0 0.360165 0.274459 0.144132 -0.353847 -0.396745 -0.458039 -0.319006
internal_weight=0 112 91 52 114 93 52 41
internal_count=226 112 91 52 114 93 52 41
is_linear=0
shrinkage=0.05


Tree=50
num_leaves=8
num_cat=0
split_feature=11 8 6 8 12 8 10
split_gain=10528.7 1054.71 2030.94 696.258 380.045 237.422 109.961
threshold=310.03700000000009 369.09150000000005 0.092857142857142874 339.79950000000002 182.45900000000003 174.47250000000005 186.53900000000002
decision_type=10 2 2 2 10 2 2
left_child=4 2 3 -2 5 -1 -7
right_child=1 -3 -4 -5 -6 6 -8
leaf_value=-0.4583434510665636 0.10178598488370579 0.093839057191060143 0.88189918597539274 0.45572627304178304 -0.1215598042522158 -0.35665199808879861 -0.22582540136986765
leaf_weight=36 24 26 21 33 21 36 29
leaf_count=36 24 26 21 33 21 36 29
internal_value=0 0.36963 0.46156 0.306699 -0.315094 -0.355334 -0.298283
internal_weight=0 104 78 57 122 101 65
internal_count=226 104 78 57 122 101 65
is_linear=0
shrinkage=0.05


Tree=51
num_leaves=9
num_cat=0
split_feature=8 6 8 11 6 9 2 2
split_gain=9557.09 1519.66 825.002 650.062 795.297 582.996 275.677 210.481
threshold=322.48600000000005 0.17857142857142858 372.45850000000002 173.41700000000003 0.092857142857142874 174.07450000000003 1.0000000180025095e-35 1.0000000180025095e-35
decision_type=2 2 2 10 2 2 2 2
left_child=3 2 6 5 7 -1 -2 -5
right_child=1 -3 -4 4 -6 -7 -8 -9
leaf_value=-0.25318718485534192 0.2738551785645541 0.76328043639659882 -0.0021953994035720827 -0.36184198547427249 0.05501252705739304 -0.63038573265075692 0.49545146107673643 -0.17777051490545273
leaf_weight=20 32 20 20 41 22 21 25 25
leaf_count=20 32 20 20 41 22 21 25 25
internal_value=0 0.374962 0.274101 -0.281948 -0.205335 -0.446386 0.371047 -0.292118
internal_weight=0 97 77 129 88 41 57 66
internal_count=226 97 77 129 88 41 57 66
is_linear=0
shrinkage=0.05


Tree=52
num_leaves=9
num_cat=0
split_feature=11 1 13 12 8 4 12 12
split_gain=8745.87 944.661 1825.62 714.282 327.706 184.4 649.671 261.806
threshold=310.03700000000009 32.500000000000007 359.90175000000005 209.31500000000003 174.47250000000005 1.0000000180025095e-35 167.91800000000003 170.58700000000002
decision_type=10 2 2 10 2 2 10 10
left_child=4 2 -2 -3 -1 7 -7 -6
right_child=1 3 -4 -5 5 6 -8 -9
leaf_value=-0.40672701986936427 0.67690863291683956 -0.065016457736492159 0.13317506490991668 0.35755958423018458 -0.1878396784481795 -0.35524173945188525 0.047769237011671073 -0.43519131124019622
leaf_weight=39 38 20 26 20 23 20 20 20
leaf_count=39 38 20 26 20 23 20 20 20
internal_value=0 0.336884 0.456017 0.146272 -0.28718 -0.231007 -0.153736 -0.302887
internal_weight=0 104 64 40 122 83 40 43
internal_count=226 104 64 40 122 83 40 43
is_linear=0
shrinkage=0.05


Tree=53
num_leaves=9
num_cat=0
split_feature=8 6 2 4 11 6 9 2
split_gain=7910.69 1420.73 733.193 765.594 553.242 722.793 523.334 188.358
threshold=322.48600000000005 0.17857142857142858 1.0000000180025095e-35 6.5000000000000009 173.41700000000003 0.092857142857142874 174.07450000000003 1.0000000180025095e-35
decision_type=2 2 2 2 10 2 2 2
left_child=4 2 3 -2 6 7 -1 -6
right_child=1 -3 -4 -5 5 -7 -8 -9
leaf_value=-0.22516768306493759 0.30315773506527366 0.71660481333732617 0.41712753636872074 -0.11982691422104837 -0.33452813621701266 0.062359024685892196 -0.58254486435935615 -0.16039883172512057
leaf_weight=20 23 20 34 20 41 22 21 25
leaf_count=20 23 20 34 20 41 22 21 25
internal_value=0 0.341139 0.243616 0.106421 -0.256516 -0.185838 -0.408215 -0.26857
internal_weight=0 97 77 43 129 88 41 66
internal_count=226 97 77 43 129 88 41 66
is_linear=0
shrinkage=0.05


Tree=54
num_leaves=8
num_cat=0
split_feature=11 10 10 12 6 11 1
split_gain=7278.44 903.426 990.63 758.299 291.171 291.161 196.226
threshold=310.03700000000009 335.52000000000004 370.59950000000009 325.06300000000005 0.28571428571428575 202.33100000000005 15.500000000000002
decision_type=10 2 2 10 2 8 2
left_child=4 -2 3 -3 5 6 -1
right_child=1 2 -4 -5 -6 -7 -8
leaf_value=-0.23264457748995887 0.53877392992377282 0.25165317039335927 0.49474957258948549 -0.1374828266800337 -0.092581402581362493 -0.1363330070268024 -0.39878611977440487
leaf_weight=27 30 31 22 21 21 22 52
leaf_count=27 30 31 22 21 21 22 52
internal_value=0 0.307325 0.213495 0.0945021 -0.261982 -0.297204 -0.342004
internal_weight=0 104 74 52 122 101 79
internal_count=226 104 74 52 122 101 79
is_linear=0
shrinkage=0.05


Tree=55
num_leaves=9
num_cat=0
split_feature=8 6 8 11 6 9 13 4
split_gain=6589.72 1264.59 708.025 471.308 615.707 477.411 242.825 189.047
threshold=322.48600000000005 0.17857142857142858 372.45850000000002 173.41700000000003 0.092857142857142874 174.07450000000003 351.69862500000005 4.0000000000000009
decision_type=2 2 2 10 2 2 2 2
left_child=3 2 6 5 7 -1 -2 -5
right_child=1 -3 -4 4 -6 -7 -8 -9
leaf_value=-0.19930540680885317 0.20775343642152588 0.66559039905667305 -0.036611476298421618 -0.16062254752173569 0.060187935693697493 -0.54064267079035444 0.41418488424803529 -0.32986639109581262
leaf_weight=20 29 20 20 33 22 21 28 33
leaf_count=20 29 20 20 33 22 21 28 33
internal_value=0 0.311357 0.219348 -0.234121 -0.168886 -0.374137 0.309158 -0.245244
internal_weight=0 97 77 129 88 41 57 66
internal_count=226 97 77 129 88 41 57 66
is_linear=0
shrinkage=0.05


Tree=56
num_leaves=8
num_cat=0
split_feature=11 12 9 1 1 6 1
split_gain=6046.72 896.171 690.524 767.632 308.027 584.906 250.013
threshold=310.03700000000009 348.05550000000005 362.50350000000009 36.500000000000007 8.5000000000000018 0.17857142857142858 38.500000000000007
decision_type=10 10 2 2 2 2 2
left_child=4 2 3 -2 -1 6 -6
right_child=1 -3 -4 -5 5 -7 -8
leaf_value=-0.39145082504703455 0.43012056157018086 0.55555689338108771 -0.037168265946886762 0.057162117958068852 -0.20581932334160366 0.035795635410717556 -0.40913703427428294
leaf_weight=26 37 23 22 22 54 21 21
leaf_count=26 37 23 22 22 54 21 21
internal_value=0 0.280117 0.201905 0.291051 -0.238788 -0.197442 -0.262748
internal_weight=0 104 81 59 122 96 75
internal_count=226 104 81 59 122 96 75
is_linear=0
shrinkage=0.05


Tree=57
num_leaves=7
num_cat=0
split_feature=11 13 1 10 6 7
split_gain=5457.17 864.186 1739.51 297.995 434.511 372.781
threshold=310.03700000000009 358.96912500000008 30.500000000000004 171.06150000000002 0.028571428571428577 187.06550000000001
decision_type=10 2 2 2 2 2
left_child=3 2 -2 -1 5 -5
right_child=1 -3 -4 4 -6 -7
leaf_value=-0.09851725273060076 0.61705403459923613 0.076161838911081622 0.10272537354500062 -0.29271951537756696 -0.45119670534133915 -0.038650969483635646
leaf_weight=33 35 38 31 42 25 22
leaf_count=33 35 38 31 42 25 22
internal_value=0 0.266111 0.375475 -0.226849 -0.274432 -0.205383
internal_weight=0 104 66 122 89 64
internal_count=226 104 66 122 89 64
is_linear=0
shrinkage=0.05


Tree=58
num_leaves=8
num_cat=0
split_feature=8 6 8 11 6 13 4
split_gain=5039.73 1221.07 640.276 394.33 635.746 223.921 223.88
threshold=322.48600000000005 0.17857142857142858 372.45850000000002 166.36800000000002 0.092857142857142874 351.69862500000005 4.0000000000000009
decision_type=2 2 2 10 2 2 2
left_child=3 2 5 -1 6 -2 -5
right_child=1 -3 -4 4 -6 -7 -8
leaf_value=-0.39241325829340068 0.16990405146417947 0.62037278160452847 -0.061529307886958123 -0.15018664747476579 0.050768724198524774 0.3681373566389084 -0.31747371973469857
leaf_weight=23 29 20 20 40 26 28 40
leaf_count=23 29 20 20 40 26 28 40
internal_value=0 0.272288 0.181876 -0.204744 -0.164023 0.267282 -0.23383
internal_weight=0 97 77 129 106 57 80
internal_count=226 97 77 129 106 57 80
is_linear=0
shrinkage=0.05


Tree=59
num_leaves=9
num_cat=0
split_feature=8 11 1 1 4 6 2 12
split_gain=4548.36 1196.92 507.79 1374.05 406.057 1185.42 282.963 169.309
threshold=322.48600000000005 333.30350000000004 14.500000000000002 32.500000000000007 1.0000000180025095e-35 0.092857142857142874 1.0000000180025095e-35 179.13500000000002
decision_type=2 8 2 2 2 2 2 8
left_child=4 -2 -3 -4 7 6 -6 -1
right_child=1 2 3 -5 5 -7 -8 -9
leaf_value=-0.18727291506593643 -0.031567466832124268 0.15863094443366643 0.74731869562105702 0.21927961834839416 -0.36237543666362765 0.21191870123147966 -0.12678212500535524 -0.36190605776650564
leaf_weight=23 26 21 22 28 25 20 26 35
leaf_count=23 26 21 22 28 25 20 26 35
internal_value=0 0.258674 0.364959 0.451617 -0.194506 -0.114329 -0.242269 -0.292655
internal_weight=0 97 71 50 129 71 51 58
internal_count=226 97 71 50 129 71 51 58
is_linear=0
shrinkage=0.05


Tree=60
num_leaves=7
num_cat=0
split_feature=11 13 1 10 6 7
split_gain=4138.62 857.025 1539.93 291.993 468.007 323.623
threshold=310.03700000000009 358.96912500000008 30.500000000000004 171.06150000000002 0.028571428571428577 182.88650000000004
decision_type=10 2 2 2 2 2
left_child=3 2 -2 -1 5 -5
right_child=1 -3 -4 4 -6 -7
leaf_value=-0.07051906558600339 0.5679511043429375 0.042582560722765173 0.08402729053651134 -0.28196663901661384 -0.4281048320531845 -0.056987826622301535
leaf_weight=33 35 38 31 33 25 31
leaf_count=33 35 38 31 33 25 31
internal_value=0 0.231743 0.340654 -0.197551 -0.244653 -0.172993
internal_weight=0 104 66 122 89 64
internal_count=226 104 66 122 89 64
is_linear=0
shrinkage=0.05


Tree=61
num_leaves=8
num_cat=0
split_feature=6 9 11 6 4 13 9
split_gain=3969.14 2928.61 942.481 876.033 289.02 252.629 150.118
threshold=0.44285714285714289 323.62900000000008 348.73400000000004 0.028571428571428577 4.0000000000000009 193.62762500000005 348.05550000000005
decision_type=2 2 10 2 2 2 2
left_child=1 3 6 5 -4 -1 -3
right_child=-2 2 4 -5 -6 -7 -8
leaf_value=-0.22148479164054949 0.58115509673953059 0.067268453538417816 0.41730743135511877 -0.54080840498209004 0.16229873180389406 -0.028198723901401868 -0.12645662479102612
leaf_weight=73 26 20 25 20 20 22 20
leaf_count=73 26 20 25 20 20 22 20
internal_value=0 -0.0755502 0.146999 -0.240043 0.30397 -0.176724 -0.0295941
internal_weight=0 200 85 115 45 95 40
internal_count=226 200 85 115 45 95 40
is_linear=0
shrinkage=0.05


Tree=62
num_leaves=7
num_cat=0
split_feature=6 8 2 11 1 11
split_gain=3582.14 2648.4 726.885 829.657 413.097 450.1
threshold=0.44285714285714289 322.48600000000005 1.0000000180025095e-35 342.52750000000009 39.500000000000007 196.03350000000003
decision_type=2 2 2 10 2 10
left_child=1 4 3 -3 5 -1
right_child=-2 2 -4 -5 -6 -7
leaf_value=-0.2357218463604267 0.55209734525818088 -0.22181550448849086 0.31462275543383189 0.1908475916961144 -0.38771113206942881 0.03552359946072102
leaf_weight=65 26 21 35 29 30 20
leaf_count=65 26 21 35 29 30 20
internal_value=0 -0.0717727 0.139862 0.0175291 -0.228198 -0.171899
internal_weight=0 200 85 50 115 85
internal_count=226 200 85 50 115 85
is_linear=0
shrinkage=0.05


Tree=63
num_leaves=8
num_cat=0
split_feature=6 9 11 6 4 2 9
split_gain=3232.89 2425.79 781.448 770.724 257.037 242.781 135.31
threshold=0.44285714285714289 323.62900000000008 348.73400000000004 0.028571428571428577 4.0000000000000009 1.0000000180025095e-35 348.05550000000005
decision_type=2 2 10 2 2 2 2
left_child=1 3 6 5 -4 -1 -3
right_child=-2 2 4 -5 -6 -7 -8
leaf_value=-0.22965395369057387 0.52449248467500398 0.065521552413702014 0.38417662179470063 -0.50000020176172255 0.1436911851167679 -0.068709432522189764 -0.11840075314044954
leaf_weight=53 26 20 25 20 20 42 20
leaf_count=53 26 20 25 20 20 42 20
internal_value=0 -0.068184 0.134361 -0.217891 0.277294 -0.1585 -0.0264396
internal_weight=0 200 85 115 45 95 40
internal_count=226 200 85 115 45 95 40
is_linear=0
shrinkage=0.05


Tree=64
num_leaves=7
num_cat=0
split_feature=7 10 10 12 11 7
split_gain=2977.5 1187.84 1368.46 825.607 278.752 122.828
threshold=333.30350000000004 341.80050000000011 361.27000000000004 186.53900000000002 166.36800000000002 184.54400000000004
decision_type=2 2 2 10 10 2
left_child=3 -2 -3 4 -1 -6
right_child=1 2 -4 -5 5 -7
leaf_value=-0.34459414067475697 0.49104370713233952 -0.22849098503589632 0.29873558636754755 0.14498019006780602 -0.21114351231928752 -0.099477883027690769
leaf_weight=23 30 20 32 22 46 53
leaf_count=23 30 20 32 22 46 53
internal_value=0 0.2405 0.0959561 -0.136952 -0.187792 -0.151363
internal_weight=0 82 52 144 122 99
internal_count=226 82 52 144 122 99
is_linear=0
shrinkage=0.05


Tree=65
num_leaves=8
num_cat=0
split_feature=6 9 11 6 4 2 9
split_gain=2882.03 2018.91 701.734 685.573 231.489 211.895 124.115
threshold=0.44285714285714289 323.62900000000008 348.73400000000004 0.028571428571428577 4.0000000000000009 1.0000000180025095e-35 348.05550000000005
decision_type=2 2 10 2 2 2 2
left_child=1 3 6 5 -4 -1 -3
right_child=-2 2 4 -5 -6 -7 -8
leaf_value=-0.21141354107069521 0.49521410568402369 0.05609787613153458 0.35728032565116885 -0.4670229508727789 0.12905879497528078 -0.061054468571784953 -0.12005217649042606
leaf_weight=53 26 20 25 20 20 42 20
leaf_count=53 26 20 25 20 20 42 20
internal_value=0 -0.0643778 0.120401 -0.200954 0.255849 -0.144939 -0.0319772
internal_weight=0 200 85 115 45 95 40
internal_count=226 200 85 115 45 95 40
is_linear=0
shrinkage=0.05


Tree=66
num_leaves=7
num_cat=0
split_feature=6 8 1 1 11 1
split_gain=2601.03 1836.78 658.185 372.314 326.508 323.418
threshold=0.44285714285714289 322.48600000000005 21.500000000000004 38.500000000000007 194.61400000000003 33.500000000000007
decision_type=2 2 2 2 10 2
left_child=1 3 -3 4 -1 -4
right_child=-2 2 5 -5 -6 -7
leaf_value=-0.19144329678725513 0.47045340308776268 -0.043383900539295098 0.39081098347902299 -0.33631948327529249 0.040440811477601535 0.12755468658038549
leaf_weight=63 26 37 20 32 20 28
leaf_count=63 26 37 20 32 20 28
internal_value=0 -0.0611589 0.115089 -0.191429 -0.135568 0.237245
internal_weight=0 200 85 115 83 48
internal_count=226 200 85 115 83 48
is_linear=0
shrinkage=0.05


Tree=67
num_leaves=7
num_cat=0
split_feature=7 10 10 12 11 13
split_gain=2355.07 1117.71 1179.9 727.659 232.246 117.544
threshold=333.30350000000004 341.80050000000011 361.27000000000004 186.53900000000002 166.36800000000002 175.03325000000004
decision_type=2 2 2 10 10 2
left_child=3 -2 -3 4 -1 -6
right_child=1 2 -4 -5 5 -7
leaf_value=-0.31265392601490022 0.45692632034420966 -0.22758848965167999 0.26196989743039012 0.14288116334514187 -0.02799604177474976 -0.16368963596988706
leaf_weight=23 30 20 32 22 20 79
leaf_count=23 30 20 32 22 20 79
internal_value=0 0.213891 0.0736782 -0.121799 -0.169528 -0.136277
internal_weight=0 82 52 144 122 99
internal_count=226 82 52 144 122 99
is_linear=0
shrinkage=0.05


Tree=68
num_leaves=8
num_cat=0
split_feature=6 9 11 6 4 2 9
split_gain=2321.18 1547.95 609.721 594.93 199.563 184.934 119.307
threshold=0.44285714285714289 323.62900000000008 348.73400000000004 0.028571428571428577 4.0000000000000009 1.0000000180025095e-35 348.05550000000005
decision_type=2 2 10 2 2 2 2
left_child=1 3 6 5 -4 -1 -3
right_child=-2 2 4 -5 -6 -7 -8
leaf_value=-0.18728619558068943 0.44442458611268265 0.048337611109018325 0.3244556396007538 -0.42522154625505215 0.11255572557449341 -0.046818087077034373 -0.12436691168695689
leaf_weight=53 26 20 25 20 20 42 20
leaf_count=53 26 20 25 20 20 42 20
internal_value=0 -0.0577752 0.104023 -0.177365 0.230278 -0.125185 -0.0380147
internal_weight=0 200 85 115 45 95 40
internal_count=226 200 85 115 45 95 40
is_linear=0
shrinkage=0.05


Tree=69
num_leaves=7
num_cat=0
split_feature=6 8 2 11 1 11
split_gain=2094.86 1406.96 602.089 642.012 343.931 272.981
threshold=0.44285714285714289 322.48600000000005 1.0000000180025095e-35 344.38200000000001 38.500000000000007 194.61400000000003
decision_type=2 2 2 8 2 10
left_child=1 4 3 -3 5 -1
right_child=-2 2 -4 -5 -6 -7
leaf_value=-0.16630084810867196 0.42220335694459776 -0.22251537935364818 0.25842025160789489 0.14049404510136307 -0.30815814370289446 0.045725680412724616
leaf_weight=63 26 21 35 29 32 20
leaf_count=63 26 21 35 29 32 20
internal_value=0 -0.0548864 0.0993672 -0.0119699 -0.1689 -0.11521
internal_weight=0 200 85 50 115 83
internal_count=226 200 85 50 115 83
is_linear=0
shrinkage=0.05


Tree=70
num_leaves=6
num_cat=0
split_feature=7 13 12 6 2
split_gain=1934.25 1387.08 1072.95 298.051 279.402
threshold=349.18750000000006 358.96912500000008 209.31500000000003 0.028571428571428577 1.0000000180025095e-35
decision_type=2 2 10 2 2
left_child=2 -2 3 4 -1
right_child=1 -3 -4 -5 -6
leaf_value=-0.16668867809377366 0.51095350252257454 0.020754268669313 0.20280962759559906 -0.263118018089114 -0.00027003245384887208
leaf_weight=61 27 31 27 37 43
leaf_count=61 27 31 27 37 43
internal_value=0 0.24895 -0.0859472 -0.141241 -0.097881
internal_weight=0 58 168 141 104
internal_count=226 58 168 141 104
is_linear=0
shrinkage=0.05


Tree=71
num_leaves=8
num_cat=0
split_feature=6 9 11 6 4 2 9
split_gain=1904.15 1172.35 502.699 494.934 177.312 142.799 90.9531
threshold=0.44285714285714289 323.62900000000008 348.73400000000004 0.028571428571428577 4.0000000000000009 1.0000000180025095e-35 348.05550000000005
decision_type=2 2 10 2 2 2 2
left_child=1 3 6 5 -4 -1 -3
right_child=-2 2 4 -5 -6 -7 -8
leaf_value=-0.16337979004349348 0.4025270164012909 0.034903414249420166 0.29189101421833036 -0.38247226811945439 0.092153181433677678 -0.039946690206194208 -0.1158887355402112
leaf_weight=53 26 20 25 20 20 42 20
leaf_count=53 26 20 25 20 20 42 20
internal_value=0 -0.0523285 0.088478 -0.156403 0.203119 -0.108809 -0.0404927
internal_weight=0 200 85 115 45 95 40
internal_count=226 200 85 115 45 95 40
is_linear=0
shrinkage=0.05


Tree=72
num_leaves=7
num_cat=0
split_feature=6 8 1 1 1 1
split_gain=1718.5 1061.77 549.078 311.288 276.128 256.45
threshold=0.44285714285714289 322.48600000000005 21.500000000000004 38.500000000000007 33.500000000000007 8.5000000000000018
decision_type=2 2 2 2 2 2
left_child=1 3 -3 5 -4 -1
right_child=-2 2 4 -5 -6 -7
leaf_value=-0.25366479238960893 0.38240066675039441 -0.06045371116818609 0.33775723636150362 -0.28124142480082809 0.094507984178406862 -0.048158357262847923
leaf_weight=20 26 37 20 32 28 63
leaf_count=20 26 37 20 32 28 63
internal_value=0 -0.0497121 0.0842892 -0.148757 0.195862 -0.097678
internal_weight=0 200 85 115 48 83
internal_count=226 200 85 115 48 83
is_linear=0
shrinkage=0.05


Tree=73
num_leaves=6
num_cat=0
split_feature=7 10 12 6 2
split_gain=1565.69 1321.38 879.406 309.399 237.588
threshold=349.18750000000006 341.80050000000011 209.31500000000003 0.028571428571428577 1.0000000180025095e-35
decision_type=2 2 10 2 2
left_child=2 -2 3 4 -1
right_child=1 -3 -4 -5 -6
leaf_value=-0.14665816182301181 0.52926836934956645 0.037415139377117157 0.18409283017670666 -0.25156087758573326 0.006803367148305095
leaf_weight=61 22 36 27 37 43
leaf_count=61 22 36 27 37 43
internal_value=0 0.22398 -0.0773265 -0.127386 -0.0832077
internal_weight=0 58 168 141 104
internal_count=226 58 168 141 104
is_linear=0
shrinkage=0.05


Tree=74
num_leaves=7
num_cat=0
split_feature=6 9 1 1 6 9
split_gain=1567.58 886.968 446.902 457.682 410.857 124.253
threshold=0.44285714285714289 323.62900000000008 19.500000000000004 32.500000000000007 0.028571428571428577 175.45550000000003
decision_type=2 2 2 2 2 2
left_child=1 4 -3 -4 5 -1
right_child=-2 2 3 -5 -6 -7
leaf_value=-0.17487497772090138 0.36522408563357134 -0.058759864114431876 0.35727431714534763 0.046363514815938887 -0.34397864851634952 -0.053887732853255578
leaf_weight=32 26 36 20 29 20 63
leaf_count=32 26 36 20 29 20 63
internal_value=0 -0.0474791 0.0749962 0.173266 -0.138004 -0.0946413
internal_weight=0 200 85 49 115 95
internal_count=226 200 85 49 115 95
is_linear=0
shrinkage=0.05


Tree=75
num_leaves=8
num_cat=0
split_feature=6 9 11 6 4 12 9
split_gain=1414.74 800.489 427.621 370.798 154.426 121.41 76.1879
threshold=0.44285714285714289 323.62900000000008 348.73400000000004 0.028571428571428577 4.0000000000000009 194.06500000000003 348.05550000000005
decision_type=2 2 10 2 2 8 2
left_child=1 3 6 5 -4 -1 -3
right_child=-2 2 4 -5 -6 -7 -8
leaf_value=-0.025039724823905204 0.3469628923214399 0.021301174350082875 0.25982557040452958 -0.32677972310222692 0.073423448950052261 -0.13916206524052002 -0.11670960741117598
leaf_weight=41 26 20 25 20 20 54 20
leaf_count=41 26 20 25 20 20 54 20
internal_value=0 -0.0451052 0.0712463 -0.131104 0.17698 -0.0899093 -0.0477042
internal_weight=0 200 85 115 45 95 40
internal_count=226 200 85 115 45 95 40
is_linear=0
shrinkage=0.05


Tree=76
num_leaves=6
num_cat=0
split_feature=3 12 1 7 2
split_gain=1324.4 1779.06 1431.55 367.643 291.411
threshold=1.0000000180025095e-35 209.31500000000003 11.500000000000002 332.15300000000008 1.0000000180025095e-35
decision_type=2 10 2 2 2
left_child=1 3 -3 4 -1
right_child=-2 2 -4 -5 -6
leaf_value=-0.1446794085714915 -0.29802427673712373 -0.06138610862195492 0.46122716508413619 0.1482612267881632 0.019400921585254891
leaf_weight=73 32 20 38 20 43
leaf_count=73 32 20 38 20 43
internal_value=0 0.0491586 0.281016 -0.0497216 -0.0838565
internal_weight=0 194 58 136 116
internal_count=226 194 58 136 116
is_linear=0
shrinkage=0.05


Tree=77
num_leaves=7
num_cat=0
split_feature=6 9 8 10 6 12
split_gain=1318.8 645.965 406.495 418.97 314.412 113.474
threshold=0.44285714285714289 323.62900000000008 369.09150000000005 341.80050000000011 0.028571428571428577 194.06500000000003
decision_type=2 2 2 2 2 8
left_child=1 4 3 -3 5 -1
right_child=-2 2 -4 -5 -6 -7
leaf_value=-0.020155530713680314 0.33499101583774271 0.31717349031940101 -0.11334904429192345 0.038035299283702202 -0.30098709382116795 -0.13048496448081334
leaf_weight=41 26 20 24 41 20 54
leaf_count=41 26 20 24 41 20 54
internal_value=0 -0.0435488 0.0609711 0.129556 -0.120803 -0.0828691
internal_weight=0 200 85 61 115 95
internal_count=226 200 85 61 115 95
is_linear=0
shrinkage=0.05


Tree=78
num_leaves=6
num_cat=0
split_feature=3 12 1 7 2
split_gain=1223.55 1557.3 1285.74 317.266 271.163
threshold=1.0000000180025095e-35 209.31500000000003 11.500000000000002 332.15300000000008 1.0000000180025095e-35
decision_type=2 10 2 2 2
left_child=1 3 -3 4 -1
right_child=-2 2 -4 -5 -6
leaf_value=-0.13564442724805989 -0.28645300930365919 -0.060319587942212816 0.43496296209724328 0.13865621870383621 0.02263288832334585
leaf_weight=73 32 20 38 20 43
leaf_count=73 32 20 38 20 43
internal_value=0 0.04725 0.264176 -0.0452625 -0.0769727
internal_weight=0 194 58 136 116
internal_count=226 194 58 136 116
is_linear=0
shrinkage=0.05


Tree=79
num_leaves=5
num_cat=0
split_feature=6 10 9 6
split_gain=1229.51 568.55 578.503 677.465
threshold=0.44285714285714289 370.59950000000009 363.84400000000005 0.092857142857142874
decision_type=2 2 2 2
left_child=1 2 3 -1
right_child=-2 -3 -4 -5
leaf_value=-0.061366972426482792 0.32345245205439055 0.21085808202624323 0.17649713826498814 -0.36027683136688382
leaf_weight=137 26 20 21 22
leaf_count=137 26 20 21 22
internal_value=0 -0.0420488 -0.0701496 -0.102726
internal_weight=0 200 180 159
internal_count=226 200 180 159
is_linear=0
shrinkage=0.05


Tree=80
num_leaves=6
num_cat=0
split_feature=3 12 11 7 2
split_gain=1129.76 1330.6 1158.27 283.252 248.588
threshold=1.0000000180025095e-35 209.31500000000003 344.38200000000001 332.15300000000008 1.0000000180025095e-35
decision_type=2 10 10 2 2
left_child=1 3 -3 4 -1
right_child=-2 2 -4 -5 -6
leaf_value=-0.12624974336526165 -0.27525420524179939 0.55390865743160256 0.083818201563860245 0.13366914745420219 0.025295762743714246
leaf_weight=73 32 20 38 20 43
leaf_count=73 32 20 38 20 43
internal_value=0 0.0454028 0.245918 -0.0401113 -0.0700734
internal_weight=0 194 58 136 116
internal_count=226 194 58 136 116
is_linear=0
shrinkage=0.05


Tree=81
num_leaves=5
num_cat=0
split_feature=6 10 9 6
split_gain=1134.18 509.751 496.383 573.753
threshold=0.44285714285714289 370.59950000000009 363.84400000000005 0.092857142857142874
decision_type=2 2 2 2
left_child=1 2 3 -1
right_child=-2 -3 -4 -5
leaf_value=-0.059107853450479302 0.31066001630746404 0.19908661663532257 0.16147712901944208 -0.33418802131306041
leaf_weight=137 26 20 21 22
leaf_count=137 26 20 21 22
internal_value=0 -0.0403858 -0.0669938 -0.0971693
internal_weight=0 200 180 159
internal_count=226 200 180 159
is_linear=0
shrinkage=0.05


Tree=82
num_leaves=6
num_cat=0
split_feature=3 13 13 1 1
split_gain=1044.22 1178.76 725.967 526.676 696.617
threshold=1.0000000180025095e-35 351.69862500000005 362.50650000000002 8.5000000000000018 31.500000000000004
decision_type=2 2 2 2 2
left_child=1 3 -3 -1 -5
right_child=-2 2 -4 4 -6
leaf_value=-0.21694842253265711 -0.26462968196719888 0.48993879891932013 0.092490529945051234 0.14032226766770084 -0.10268452533617103
leaf_weight=29 32 20 27 60 58
leaf_count=29 32 20 27 60 58
internal_value=0 0.0436503 0.261617 -0.0260399 0.0208783
internal_weight=0 194 47 147 118
internal_count=226 194 47 147 118
is_linear=0
shrinkage=0.05


Tree=83
num_leaves=5
num_cat=0
split_feature=6 10 7 12
split_gain=1061.47 451.643 439.139 1002.7
threshold=0.44285714285714289 370.59950000000009 363.84400000000005 303.52450000000005
decision_type=2 2 2 10
left_child=1 2 3 -1
right_child=-2 -3 -4 -5
leaf_value=-0.089214435933602301 0.30053683954935811 0.18634049609303474 -0.26815800417376606 0.25612688159942626
leaf_weight=132 26 20 23 25
leaf_count=132 26 20 23 25
internal_value=0 -0.0390698 -0.0641154 -0.0342238
internal_weight=0 200 180 157
internal_count=226 200 180 157
is_linear=0
shrinkage=0.05


Tree=84
num_leaves=5
num_cat=0
split_feature=1 6 10 1
split_gain=985.737 1773.35 524.873 472.903
threshold=5.5000000000000009 0.44285714285714289 369.09150000000005 15.500000000000002
decision_type=2 2 2 2
left_child=-1 2 3 -2
right_child=1 -3 -4 -5
leaf_value=-0.31798012663017622 0.082933331235330934 0.45830189626325257 0.22469752185046674 -0.10305099572772079
leaf_weight=22 49 22 20 113
leaf_count=22 49 22 20 113
internal_value=0 0.034292 -0.016962 -0.0467965
internal_weight=0 204 182 162
internal_count=226 204 182 162
is_linear=0
shrinkage=0.05


Tree=85
num_leaves=6
num_cat=0
split_feature=3 13 13 1 1
split_gain=1020.71 1002.98 656.369 462.987 599.857
threshold=1.0000000180025095e-35 351.69862500000005 362.50650000000002 8.5000000000000018 31.500000000000004
decision_type=2 2 2 2 2
left_child=1 3 -3 -1 -5
right_child=-2 2 -4 4 -6
leaf_value=-0.20012224691695182 -0.26163293770514429 0.4613169118389488 0.083400122876520516 0.1337001578261455 -0.091799176355888107
leaf_weight=29 32 20 27 60 58
leaf_count=29 32 20 27 60 58
internal_value=0 0.0431559 0.244216 -0.0211285 0.0228615
internal_weight=0 194 47 147 118
internal_count=226 194 47 147 118
is_linear=0
shrinkage=0.05


Tree=86
num_leaves=7
num_cat=0
split_feature=3 12 11 2 9 13
split_gain=921.189 928.178 1094.02 259.316 244.581 165.955
threshold=1.0000000180025095e-35 209.31500000000003 344.38200000000001 1.0000000180025095e-35 191.99650000000003 326.50187500000004
decision_type=2 10 10 2 2 2
left_child=1 3 -3 5 -5 -1
right_child=-2 2 -4 4 -6 -7
leaf_value=-0.041100569045732893 -0.2485512856859714 0.5077960885316134 0.050928970416517644 -0.030167496701081594 0.1955631935596466 -0.19802108918843064
leaf_weight=63 32 20 38 30 20 23
leaf_count=63 32 20 38 30 20 23
internal_value=0 0.0409981 0.208469 -0.0304234 0.0601248 -0.0830677
internal_weight=0 194 58 136 50 86
internal_count=226 194 58 136 50 86
is_linear=0
shrinkage=0.05


Tree=87
num_leaves=5
num_cat=0
split_feature=6 10 7 12
split_gain=898.036 355.073 424.202 800.218
threshold=0.44285714285714289 370.59950000000009 363.84400000000005 303.52450000000005
decision_type=2 2 2 10
left_child=1 2 3 -1
right_child=-2 -3 -4 -5
leaf_value=-0.077890258163891057 0.27643362879753114 0.16392791990190747 -0.25868570778680888 0.23061811909079555
leaf_weight=132 26 20 23 25
leaf_count=132 26 20 23 25
internal_value=0 -0.0359364 -0.0581435 -0.0287647
internal_weight=0 200 180 157
internal_count=226 200 180 157
is_linear=0
shrinkage=0.05


Tree=88
num_leaves=5
num_cat=0
split_feature=1 6 10 4
split_gain=883.708 1548.56 419.896 398.579
threshold=5.5000000000000009 0.44285714285714289 369.09150000000005 4.0000000000000009
decision_type=2 2 2 2
left_child=-1 2 3 -2
right_child=1 -3 -4 -5
leaf_value=-0.30107445662671872 0.044485753090822533 0.42869486388835043 0.20071971833705904 -0.11314049252633299
leaf_weight=22 73 22 20 89
leaf_count=22 73 22 20 89
internal_value=0 0.0324688 -0.0154266 -0.0421114
internal_weight=0 204 182 162
internal_count=226 204 182 162
is_linear=0
shrinkage=0.05


Tree=89
num_leaves=6
num_cat=0
split_feature=3 7 12 12 13
split_gain=901.636 884.196 415.317 665.28 182.572
threshold=1.0000000180025095e-35 369.09150000000005 209.31500000000003 338.14600000000007 326.50187500000004
decision_type=2 2 10 10 2
left_child=1 2 4 -4 -1
right_child=-2 -3 3 -5 -6
leaf_value=-0.0094341578459975761 -0.24589933515526355 0.34693815906842551 0.33022068894722245 -0.063225635176613212 -0.15176514829027243
leaf_weight=101 32 21 22 21 29
leaf_count=101 32 21 22 21 29
internal_value=0 0.0405607 0.00337039 0.138072 -0.0411849
internal_weight=0 194 173 43 130
internal_count=226 194 173 43 130
is_linear=0
shrinkage=0.05


Tree=90
num_leaves=6
num_cat=0
split_feature=3 7 12 12 2
split_gain=813.727 797.987 374.824 600.415 171.582
threshold=1.0000000180025095e-35 369.09150000000005 209.31500000000003 338.14600000000007 1.0000000180025095e-35
decision_type=2 2 10 10 2
left_child=1 2 4 -4 -1
right_child=-2 -3 3 -5 -6
leaf_value=-0.082351577246045499 -0.23360437555238606 0.32959125467709138 0.31370963972400534 -0.06006435269401187 0.037209436289490541
leaf_weight=83 32 21 22 21 47
leaf_count=83 32 21 22 21 47
internal_value=0 0.0385327 0.00320187 0.131169 -0.0391257
internal_weight=0 194 173 43 130
internal_count=226 194 173 43 130
is_linear=0
shrinkage=0.05


Tree=91
num_leaves=5
num_cat=0
split_feature=1 6 10 7
split_gain=799.145 1449.64 379.84 439.321
threshold=5.5000000000000009 0.44285714285714289 369.09150000000005 363.84400000000005
decision_type=2 2 2 2
left_child=-1 2 3 -2
right_child=1 -3 -4 -5
leaf_value=-0.28630719266154547 -0.009943127626894227 0.41423842015422202 0.19011405006051063 -0.26024221673607828
leaf_weight=22 142 22 20 20
leaf_count=22 142 22 20 20
internal_value=0 0.0308763 -0.0154642 -0.0408442
internal_weight=0 204 182 162
internal_count=226 204 182 162
is_linear=0
shrinkage=0.05


Tree=92
num_leaves=6
num_cat=0
split_feature=3 7 12 12 13
split_gain=768.546 745.371 335.31 540.745 168.773
threshold=1.0000000180025095e-35 369.09150000000005 209.31500000000003 338.14600000000007 326.50187500000004
decision_type=2 2 10 10 2
left_child=1 2 4 -4 -1
right_child=-2 -3 3 -5 -6
leaf_value=-0.0062055229071048233 -0.22702651699073614 0.31874700876928513 0.29756842407990586 -0.057146601733707253 -0.14305197473230033
leaf_weight=101 32 21 22 21 29
leaf_count=101 32 21 22 21 29
internal_value=0 0.0374477 0.00330151 0.124336 -0.0367328
internal_weight=0 194 173 43 130
internal_count=226 194 173 43 130
is_linear=0
shrinkage=0.05


Tree=93
num_leaves=5
num_cat=0
split_feature=12 3 10 1
split_gain=752.992 764.909 643.905 548.158
threshold=349.21800000000002 1.0000000180025095e-35 343.65700000000004 8.5000000000000018
decision_type=10 2 2 2
left_child=1 2 3 -1
right_child=-2 -3 -4 -5
leaf_value=-0.23775749185255599 0.27791667390953412 -0.26314202035466833 0.19219381675908442 0.01049943138603811
leaf_weight=28 22 30 38 108
leaf_count=28 22 30 38 108
internal_value=0 -0.0299714 0.0102304 -0.0406123
internal_weight=0 204 174 136
internal_count=226 204 174 136
is_linear=0
shrinkage=0.05


Tree=94
num_leaves=5
num_cat=0
split_feature=6 10 7 12
split_gain=731.443 241.693 469.01 551.061
threshold=0.44285714285714289 370.59950000000009 363.84400000000005 303.52450000000005
decision_type=2 2 2 10
left_child=1 2 3 -1
right_child=-2 -3 -4 -5
leaf_value=-0.060628951888418561 0.24947912486699911 0.1324630654603243 -0.26162200466446256 0.19538436162471773
leaf_weight=132 26 20 23 25
leaf_count=132 26 20 23 25
internal_value=0 -0.0324323 -0.050754 -0.0198625
internal_weight=0 200 180 157
internal_count=226 200 180 157
is_linear=0
shrinkage=0.05


Tree=95
num_leaves=6
num_cat=0
split_feature=7 13 13 9 10
split_gain=690.34 1461.83 350.425 513.683 405.62
threshold=348.05550000000005 358.96912500000008 342.71375000000006 307.71000000000004 171.06150000000002
decision_type=2 2 2 2 2
left_child=2 -2 3 4 -1
right_child=1 -3 -4 -5 -6
leaf_value=0.084081878987225633 0.40083889519346177 -0.089289473276585346 -0.21431209210838592 0.19535667144733926 -0.1238794050167924
leaf_weight=33 29 32 28 23 81
leaf_count=33 29 32 28 23 81
internal_value=0 0.143722 -0.0531337 -0.0201922 -0.0636801
internal_weight=0 61 165 137 114
internal_count=226 61 165 137 114
is_linear=0
shrinkage=0.05


Tree=96
num_leaves=5
num_cat=0
split_feature=6 10 8 8
split_gain=666.613 226.363 457.25 445.509
threshold=0.44285714285714289 370.59950000000009 369.09150000000005 322.48600000000005
decision_type=2 2 2 2
left_child=1 2 3 -1
right_child=-2 -3 -4 -5
leaf_value=-0.071939038879246311 0.23816660550924451 0.12861840300261976 -0.26225660280747848 0.11409014609124926
leaf_weight=113 26 20 22 45
leaf_count=113 26 20 22 45
internal_value=0 -0.0309617 -0.0486928 -0.018956
internal_weight=0 200 180 158
internal_count=226 200 180 158
is_linear=0
shrinkage=0.05


Tree=97
num_leaves=6
num_cat=0
split_feature=3 7 12 12 13
split_gain=673.249 649.295 223.597 498.071 188.315
threshold=1.0000000180025095e-35 369.09150000000005 209.31500000000003 338.14600000000007 326.50187500000004
decision_type=2 2 10 10 2
left_child=1 2 4 -4 -1
right_child=-2 -3 3 -5 -6
leaf_value=0.0027337107549209407 -0.21248560915701092 0.29759414366313391 0.26827290139415044 -0.072157839650199534 -0.14181834500411461
leaf_weight=101 32 21 22 21 29
leaf_count=101 32 21 22 21 29
internal_value=0 0.0350492 0.00317955 0.102016 -0.0295125
internal_weight=0 194 173 43 130
internal_count=226 194 173 43 130
is_linear=0
shrinkage=0.05


Tree=98
num_leaves=5
num_cat=0
split_feature=1 6 10 7
split_gain=656.765 1228.02 287.19 466.888
threshold=5.5000000000000009 0.44285714285714289 369.09150000000005 363.84400000000005
decision_type=2 2 2 2
left_child=-1 2 3 -2
right_child=1 -3 -4 -5
leaf_value=-0.25955209298567339 -0.0048732254968982354 0.38083388954401021 0.1640958207845688 -0.26290588855743408
leaf_weight=22 142 22 20 20
leaf_count=22 142 22 20 20
internal_value=0 0.0279909 -0.0146604 -0.0367291
internal_weight=0 204 182 162
internal_count=226 204 182 162
is_linear=0
shrinkage=0.05


Tree=99
num_leaves=5
num_cat=0
split_feature=12 3 10 1
split_gain=647.648 721.343 512.783 454.511
threshold=349.21800000000002 1.0000000180025095e-35 343.65700000000004 8.5000000000000018
decision_type=10 2 2 2
left_child=1 2 3 -1
right_child=-2 -3 -4 -5
leaf_value=-0.21364436809505738 0.25774424861777917 -0.25422905533264084 0.17362690395430516 0.012414059160208261
leaf_weight=28 22 30 38 108
leaf_count=28 22 30 38 108
internal_value=0 -0.0277959 0.0112442 -0.0341274
internal_weight=0 204 174 136
internal_count=226 204 174 136
is_linear=0
shrinkage=0.05


Tree=100
num_leaves=5
num_cat=0
split_feature=12 3 10 1
split_gain=584.502 651.012 462.786 410.196
threshold=349.21800000000002 1.0000000180025095e-35 343.65700000000004 8.5000000000000018
decision_type=10 2 2 2
left_child=1 2 3 -1
right_child=-2 -3 -4 -5
leaf_value=-0.20296214936035023 0.24485703733834355 -0.24151761109630265 0.16494556022317786 0.011793354274360119
leaf_weight=28 22 30 38 108
leaf_count=28 22 30 38 108
internal_value=0 -0.0264062 0.010682 -0.032421
internal_weight=0 204 174 136
internal_count=226 204 174 136
is_linear=0
shrinkage=0.05


Tree=101
num_leaves=5
num_cat=0
split_feature=6 7 7 11
split_gain=607.205 234.021 264.108 184.861
threshold=0.44285714285714289 370.59950000000009 355.80950000000007 356.97000000000008
decision_type=2 2 2 10
left_child=1 2 3 -1
right_child=-2 -3 -4 -5
leaf_value=-0.053755664236951564 0.22730648597845665 -0.18745617809749784 0.15556720717854444 0.10889907881617547
leaf_weight=138 26 21 21 20
leaf_count=138 26 21 21 20
internal_value=0 -0.0295498 -0.0110245 -0.0331665
internal_weight=0 200 179 158
internal_count=226 200 179 158
is_linear=0
shrinkage=0.05


Tree=102
num_leaves=6
num_cat=0
split_feature=7 13 13 8 10
split_gain=548.192 1325.22 403.21 417.322 333.02
threshold=348.05550000000005 358.96912500000008 342.71375000000006 318.67450000000008 171.06150000000002
decision_type=2 2 2 2 2
left_child=2 -2 3 4 -1
right_child=1 -3 -4 -5 -6
leaf_value=0.086491675087899886 0.37288136204768874 -0.093783574458211671 -0.22024039711271015 0.19905562520027162 -0.10096537410503342
leaf_weight=33 29 32 28 20 84
leaf_count=33 29 32 28 20 84
internal_value=0 0.128074 -0.0473484 -0.0120128 -0.0480929
internal_weight=0 61 165 137 117
internal_count=226 61 165 137 117
is_linear=0
shrinkage=0.05


Tree=103
num_leaves=5
num_cat=0
split_feature=6 7 7 11
split_gain=553.36 219.597 218.802 162.985
threshold=0.44285714285714289 370.59950000000009 355.80950000000007 356.97000000000008
decision_type=2 2 2 10
left_child=1 2 3 -1
right_child=-2 -3 -4 -5
leaf_value=-0.049749953642595511 0.21699410344545661 -0.18117193522907438 0.1413669600905407 0.10297758162021638
leaf_weight=138 26 21 21 20
leaf_count=138 26 21 21 20
internal_value=0 -0.0282092 -0.0102639 -0.0304174
internal_weight=0 200 179 158
internal_count=226 200 179 158
is_linear=0
shrinkage=0.05


Tree=104
num_leaves=6
num_cat=0
split_feature=3 7 1 12 1
split_gain=542.544 593.076 195.298 441.478 376.121
threshold=1.0000000180025095e-35 369.09150000000005 31.500000000000004 349.21800000000002 11.500000000000002
decision_type=2 2 2 8 2
left_child=1 2 4 -4 -1
right_child=-2 -3 3 -5 -6
leaf_value=-0.055494273844175046 -0.19074764156248422 0.28238492466154552 0.082732616005272708 -0.17486844890965866 0.13398506201126359
leaf_weight=50 32 21 29 39 55
leaf_count=50 32 21 29 39 55
internal_value=0 0.0314635 0.00100486 -0.0650092 0.0437568
internal_weight=0 194 173 68 105
internal_count=226 194 173 68 105
is_linear=0
shrinkage=0.05


Tree=105
num_leaves=6
num_cat=0
split_feature=6 7 8 2 1
split_gain=516.936 220.668 197.107 274.163 161.846
threshold=0.44285714285714289 370.59950000000009 322.48600000000005 1.0000000180025095e-35 38.500000000000007
decision_type=2 2 2 2 2
left_child=1 2 4 -4 -1
right_child=-2 -3 3 -5 -6
leaf_value=-0.012582250771953202 0.20973096598799412 -0.18060006215458824 -0.028098783132277039 0.17809507165636337 -0.14669573494503577
leaf_weight=82 26 21 38 28 31
leaf_count=82 26 21 38 28 31
internal_value=0 -0.027265 -0.009276 0.0593774 -0.0493744
internal_weight=0 200 179 66 113
internal_count=226 200 179 66 113
is_linear=0
shrinkage=0.05


Tree=106
num_leaves=6
num_cat=0
split_feature=1 1 1 1 1
split_gain=512.28 1022.66 2009.86 627.759 400.875
threshold=5.5000000000000009 15.500000000000002 11.500000000000002 20.500000000000004 32.500000000000007
decision_type=2 2 2 2 2
left_child=-1 2 -2 -3 -5
right_child=1 3 -4 4 -6
leaf_value=-0.22923092449253257 -0.016551500310500466 -0.30465215245727451 0.60859388798475278 0.11079692260051768 -0.071976907383650549
leaf_weight=22 36 20 20 48 80
leaf_count=22 36 20 20 48 80
internal_value=0 0.024721 0.206715 -0.0441415 -0.00343672
internal_weight=0 204 56 148 128
internal_count=226 204 56 148 128
is_linear=0
shrinkage=0.05


Tree=107
num_leaves=6
num_cat=0
split_feature=3 7 12 12 2
split_gain=489.62 551.602 183.893 385.433 380.623
threshold=1.0000000180025095e-35 369.09150000000005 338.14600000000007 209.31500000000003 1.0000000180025095e-35
decision_type=2 2 8 10 2
left_child=1 2 3 -1 -4
right_child=-2 -3 4 -5 -6
leaf_value=-0.013117259471780725 -0.18120546753052624 0.27187856038411462 -0.12808541020280437 0.23516345565969293 0.073118238635361196
leaf_weight=54 32 21 57 22 40
leaf_count=54 32 21 57 22 40
internal_value=0 0.0298896 0.000515174 0.0587535 -0.0451148
internal_weight=0 194 173 76 97
internal_count=226 194 173 76 97
is_linear=0
shrinkage=0.05


Tree=108
num_leaves=5
num_cat=0
split_feature=6 7 7 11
split_gain=471.1 218.908 169.295 132.223
threshold=0.44285714285714289 370.59950000000009 355.80950000000007 356.97000000000008
decision_type=2 2 2 10
left_child=1 2 3 -1
right_child=-2 -3 -4 -5
leaf_value=-0.043251355451302258 0.20021682587953715 -0.17875058821269446 0.12526691612743199 0.094310330450534829
leaf_weight=138 26 21 21 20
leaf_count=138 26 21 21 20
internal_value=0 -0.0260282 -0.00811103 -0.0258385
internal_weight=0 200 179 158
internal_count=226 200 179 158
is_linear=0
shrinkage=0.05


Tree=109
num_leaves=5
num_cat=0
split_feature=1 6 8 1
split_gain=466.632 928.215 279.401 282.287
threshold=5.5000000000000009 0.44285714285714289 370.59950000000009 38.500000000000007
decision_type=2 2 2 2
left_child=-1 2 3 -2
right_child=1 -3 -4 -5
leaf_value=-0.21877962188287214 0.052036980223075485 0.33035721767016435 -0.18502194157668525 -0.092696358418713015
leaf_weight=22 113 22 21 48
leaf_count=22 113 22 21 48
internal_value=0 0.0235939 -0.0134874 0.00888667
internal_weight=0 204 182 161
internal_count=226 204 182 161
is_linear=0
shrinkage=0.05


Tree=110
num_leaves=5
num_cat=0
split_feature=3 7 11 10
split_gain=479.157 518.216 166.16 330.701
threshold=1.0000000180025095e-35 369.09150000000005 366.65800000000007 343.65700000000004
decision_type=2 2 8 2
left_child=1 2 3 -1
right_child=-2 -3 -4 -5
leaf_value=-0.012857945651436845 -0.17925887138117105 0.26411976019541422 -0.11285053922070398 0.1838341283110472
leaf_weight=120 32 21 27 26
leaf_count=120 32 21 27 26
internal_value=0 0.0295685 0.00109693 0.0221694
internal_weight=0 194 173 146
internal_count=226 194 173 146
is_linear=0
shrinkage=0.05


Tree=111
num_leaves=5
num_cat=0
split_feature=12 3 10 13
split_gain=451.358 536.58 337.16 369.492
threshold=349.21800000000002 1.0000000180025095e-35 343.65700000000004 326.50187500000004
decision_type=10 2 2 2
left_child=1 2 3 -1
right_child=-2 -3 -4 -5
leaf_value=0.021258121053231698 0.21516912665895443 -0.21849725221594177 0.14213784270380672 -0.16906970283564401
leaf_weight=102 22 30 38 34
leaf_count=102 22 30 38 34
internal_value=0 -0.0232045 0.0104666 -0.0263238
internal_weight=0 204 174 136
internal_count=226 204 174 136
is_linear=0
shrinkage=0.05


Tree=112
num_leaves=6
num_cat=0
split_feature=7 13 13 8 10
split_gain=409.846 1129.49 422.352 366.497 301.935
threshold=348.05550000000005 358.96912500000008 342.71375000000006 318.67450000000008 171.06150000000002
decision_type=2 2 2 2 2
left_child=2 -2 3 4 -1
right_child=1 -3 -4 -5 -6
leaf_value=0.089562066892782843 0.33674674147161943 -0.094079236080870043 -0.21788847073912621 0.1930230560898781 -0.088931577568430287
leaf_weight=33 29 32 28 20 84
leaf_count=33 29 32 28 20 84
internal_value=0 0.11074 -0.0409401 -0.0047755 -0.0385872
internal_weight=0 61 165 137 117
internal_count=226 61 165 137 117
is_linear=0
shrinkage=0.05


Tree=113
num_leaves=5
num_cat=0
split_feature=6 7 9 11
split_gain=413.324 225.058 145.984 163.02
threshold=0.44285714285714289 370.59950000000009 175.45550000000003 340.26250000000005
decision_type=2 2 2 10
left_child=1 2 -1 -4
right_child=-2 -3 3 -5
leaf_value=-0.093191629491354289 0.18753811539365695 -0.17923273061003006 0.05524419916278505 -0.058803753459707224
leaf_weight=38 26 21 94 47
leaf_count=38 26 21 94 47
internal_value=0 -0.02438 -0.00621287 0.0172282
internal_weight=0 200 179 141
internal_count=226 200 179 141
is_linear=0
shrinkage=0.05


Tree=114
num_leaves=5
num_cat=0
split_feature=12 3 10 13
split_gain=414.905 501.599 323.76 354.274
threshold=349.21800000000002 1.0000000180025095e-35 343.65700000000004 326.50187500000004
decision_type=10 2 2 2
left_child=1 2 3 -1
right_child=-2 -3 -4 -5
leaf_value=0.02084718455432677 0.20629750698254529 -0.21106749188154936 0.1393355431133195 -0.16552010178565979
leaf_weight=102 22 30 38 34
leaf_count=102 22 30 38 34
internal_value=0 -0.0222478 0.0103074 -0.0257446
internal_weight=0 204 174 136
internal_count=226 204 174 136
is_linear=0
shrinkage=0.05


Tree=115
num_leaves=6
num_cat=0
split_feature=7 10 13 9 10
split_gain=394.736 1109.85 266.56 337.291 287.422
threshold=354.70050000000009 344.80300000000005 342.71375000000006 307.71000000000004 171.06150000000002
decision_type=2 2 2 2 2
left_child=2 -2 3 4 -1
right_child=1 -3 -4 -5 -6
leaf_value=0.085130217558506763 0.40153118457113002 -0.069244219747281843 -0.15729020941588615 0.17027494129927265 -0.089618992469296221
leaf_weight=33 21 31 36 23 82
leaf_count=33 21 31 36 23 82
internal_value=0 0.120877 -0.036124 -0.00451548 -0.0394736
internal_weight=0 52 174 138 115
internal_count=226 52 174 138 115
is_linear=0
shrinkage=0.05


Tree=116
num_leaves=7
num_cat=0
split_feature=6 11 11 9 11 8
split_gain=396.999 226.895 812.201 495.033 192.753 109.698
threshold=0.44285714285714289 330.20200000000006 348.73400000000004 307.71000000000004 369.74950000000007 184.03800000000004
decision_type=2 10 10 2 10 2
left_child=1 3 -3 5 -4 -1
right_child=-2 2 4 -5 -6 -7
leaf_value=0.011877916658581315 0.18379722409523452 -0.34003904410030533 0.11329762224967664 0.21587822294235229 -0.08320287792012096 -0.093126776649854914
leaf_weight=59 26 23 26 25 24 43
leaf_count=59 26 23 26 25 24 43
internal_value=0 -0.0238936 -0.0941374 0.0164827 0.0189774 -0.0323888
internal_weight=0 200 73 127 50 102
internal_count=226 200 73 127 50 102
is_linear=0
shrinkage=0.05


Tree=117
num_leaves=6
num_cat=0
split_feature=1 1 1 1 1
split_gain=388.435 833.732 1702.77 531.014 339.28
threshold=5.5000000000000009 15.500000000000002 11.500000000000002 20.500000000000004 32.500000000000007
decision_type=2 2 2 2 2
left_child=-1 2 -2 -3 -5
right_child=1 3 -4 4 -6
leaf_value=-0.19960839515975254 -0.019650943494505354 -0.28024812359362844 0.55575691897422075 0.10187805619401236 -0.066268802112899719
leaf_weight=22 36 20 20 48 80
leaf_count=22 36 20 20 48 80
internal_value=0 0.0215264 0.185852 -0.0406508 -0.00321373
internal_weight=0 204 56 148 128
internal_count=226 204 56 148 128
is_linear=0
shrinkage=0.05


Tree=118
num_leaves=6
num_cat=0
split_feature=3 7 12 13 12
split_gain=353.795 426.953 187.415 368.706 319.881
threshold=1.0000000180025095e-35 369.09150000000005 338.14600000000007 340.19162500000004 209.31500000000003
decision_type=2 2 8 2 10
left_child=1 2 4 -4 -1
right_child=-2 -3 3 -5 -6
leaf_value=-0.0071165283658990155 -0.15403439164801969 0.23830611123925163 0.025112912455011929 -0.17919538415530151 0.21906792866912755
leaf_weight=54 32 21 63 34 22
leaf_count=54 32 21 63 34 22
internal_value=0 0.0254077 -0.00043542 -0.0465003 0.0583579
internal_weight=0 194 173 97 76
internal_count=226 194 173 97 76
is_linear=0
shrinkage=0.05


Tree=119
num_leaves=5
num_cat=0
split_feature=12 9 8 3
split_gain=361.955 476.559 455.247 341.511
threshold=349.21800000000002 362.50350000000009 355.80950000000007 1.0000000180025095e-35
decision_type=10 2 2 2
left_child=1 2 3 -1
right_child=-2 -3 -4 -5
leaf_value=0.0061708853580057623 0.19268459200181745 -0.23006754443049432 0.20511975520849229 -0.20260828312324441
leaf_weight=132 22 24 25 23
leaf_count=132 22 24 25 23
internal_value=0 -0.0207797 0.00712533 -0.0248092
internal_weight=0 204 180 155
internal_count=226 204 180 155
is_linear=0
shrinkage=0.05


Tree=120
num_leaves=5
num_cat=0
split_feature=6 7 9 2
split_gain=376.951 251.227 138.716 211.972
threshold=0.44285714285714289 370.59950000000009 167.91800000000003 1.0000000180025095e-35
decision_type=2 2 2 2
left_child=1 2 -1 -4
right_child=-2 -3 3 -5
leaf_value=-0.12482118931199825 0.17909622266799069 -0.18689054766492474 -0.035828211142661728 0.082145256595686084
leaf_weight=21 26 21 94 64
leaf_count=21 26 21 94 64
internal_value=0 -0.0232825 -0.00408827 0.0119585
internal_weight=0 200 179 158
internal_count=226 200 179 158
is_linear=0
shrinkage=0.05


Tree=121
num_leaves=5
num_cat=0
split_feature=1 6 8 9
split_gain=350.32 773.665 251.342 299.387
threshold=5.5000000000000009 0.44285714285714289 370.59950000000009 358.88200000000006
decision_type=2 2 2 2
left_child=-1 2 3 -2
right_child=1 -3 -4 -5
leaf_value=-0.18956231098960749 -0.020025347358128734 0.30050595297732136 -0.17610409841651009 0.17482277129007423
leaf_weight=22 138 22 21 23
leaf_count=22 138 22 21 23
internal_value=0 0.020443 -0.0134108 0.0078101
internal_weight=0 204 182 161
internal_count=226 204 182 161
is_linear=0
shrinkage=0.05


Tree=122
num_leaves=6
num_cat=0
split_feature=7 10 13 8 10
split_gain=335.249 1004.15 362.291 290.169 240.321
threshold=348.05550000000005 341.80050000000011 342.71375000000006 318.67450000000008 171.06150000000002
decision_type=2 2 2 2 2
left_child=2 -2 3 4 -1
right_child=1 -3 -4 -5 -6
leaf_value=0.080710549923506653 0.36091026806313065 -0.057669078107727201 -0.20091189364237444 0.17246750295162203 -0.078533048383403747
leaf_weight=33 23 38 28 20 84
leaf_count=33 23 38 28 20 84
internal_value=0 0.100156 -0.0370273 -0.00353269 -0.0336182
internal_weight=0 61 165 137 117
internal_count=226 61 165 137 117
is_linear=0
shrinkage=0.05


Tree=123
num_leaves=5
num_cat=0
split_feature=12 9 8 3
split_gain=327.242 435.186 405.395 334.394
threshold=349.21800000000002 362.50350000000009 355.80950000000007 1.0000000180025095e-35
decision_type=10 2 2 2
left_child=1 2 3 -1
right_child=-2 -3 -4 -5
leaf_value=0.0074283118105747496 0.18321204415776515 -0.21975494995713235 0.1937476305961609 -0.19916410523912181
leaf_weight=132 22 24 25 23
leaf_count=132 22 24 25 23
internal_value=0 -0.0197582 0.00690808 -0.0232273
internal_weight=0 204 180 155
internal_count=226 204 180 155
is_linear=0
shrinkage=0.05


Tree=124
num_leaves=7
num_cat=0
split_feature=6 11 11 9 11 8
split_gain=316.095 239.323 758.65 422.35 173.03 95.8948
threshold=0.44285714285714289 330.20200000000006 348.73400000000004 307.71000000000004 369.74950000000007 184.03800000000004
decision_type=2 10 8 2 10 2
left_child=1 3 -3 5 -4 -1
right_child=-2 2 4 -5 -6 -7
leaf_value=0.016393774305864917 0.16400353072855911 -0.33111933042173802 0.10522407218813896 0.2043235238790512 -0.080951615314309805 -0.081782677145891422
leaf_weight=59 26 23 26 25 24 43
leaf_count=59 26 23 26 25 24 43
internal_value=0 -0.0213205 -0.0934624 0.020147 0.0158597 -0.0249943
internal_weight=0 200 73 127 50 102
internal_count=226 200 73 127 50 102
is_linear=0
shrinkage=0.05


Tree=125
num_leaves=6
num_cat=0
split_feature=1 1 1 1 1
split_gain=304.414 710.414 1477.62 457.585 297.384
threshold=5.5000000000000009 15.500000000000002 11.500000000000002 20.500000000000004 32.500000000000007
decision_type=2 2 2 2 2
left_child=-1 2 -2 -3 -5
right_child=1 3 -4 4 -6
leaf_value=-0.17670616155320951 -0.020691466631574763 -0.26075394369661808 0.51532565943896769 0.094803335765997573 -0.062619578335434203
leaf_weight=22 36 20 20 48 80
leaf_count=22 36 20 20 48 80
internal_value=0 0.0190565 0.170743 -0.0383384 -0.00358599
internal_weight=0 204 56 148 128
internal_count=226 204 56 148 128
is_linear=0
shrinkage=0.05


Tree=126
num_leaves=5
num_cat=0
split_feature=9 9 13 11
split_gain=296.025 1098.76 232.068 407.664
threshold=362.50350000000009 348.05550000000005 342.71375000000006 310.03700000000009
decision_type=2 2 2 10
left_child=1 2 3 -1
right_child=-2 -3 -4 -5
leaf_value=-0.03185561020669913 -0.12933330527833992 0.34142096042633058 -0.15471740500242623 0.20290225818753244
leaf_weight=116 37 24 27 22
leaf_count=116 37 24 27 22
internal_value=0 0.0253192 -0.0206592 0.00556956
internal_weight=0 189 165 138
internal_count=226 189 165 138
is_linear=0
shrinkage=0.05


Tree=127
num_leaves=6
num_cat=0
split_feature=3 7 12 13 12
split_gain=292.252 382.247 189.646 316.067 260.857
threshold=1.0000000180025095e-35 369.09150000000005 338.14600000000007 340.19162500000004 209.31500000000003
decision_type=2 2 8 2 10
left_child=1 2 4 -4 -1
right_child=-2 -3 3 -5 -6
leaf_value=-0.0013443016757567726 -0.13999753627576866 0.22453657750572478 0.018605868494699872 -0.17055686326587904 0.20290949046611786
leaf_weight=54 32 21 63 34 22
leaf_count=54 32 21 63 34 22
internal_value=0 0.0230924 -0.00136039 -0.0476986 0.0577818
internal_weight=0 194 173 97 76
internal_count=226 194 173 97 76
is_linear=0
shrinkage=0.05


Tree=128
num_leaves=5
num_cat=0
split_feature=12 9 8 3
split_gain=296.88 354.823 342.513 282.238
threshold=349.21800000000002 362.50350000000009 355.80950000000007 1.0000000180025095e-35
decision_type=10 2 2 2
left_child=1 2 3 -1
right_child=-2 -3 -4 -5
leaf_value=0.0057231289165263835 0.17450597719606861 -0.1994084564348062 0.17699804532527924 -0.18407534182719565
leaf_weight=132 22 24 25 23
leaf_count=132 22 24 25 23
internal_value=0 -0.0188193 0.00525928 -0.0224405
internal_weight=0 204 180 155
internal_count=226 204 180 155
is_linear=0
shrinkage=0.05


Tree=129
num_leaves=5
num_cat=0
split_feature=6 7 9 11
split_gain=294.589 257.395 126.161 192.066
threshold=0.44285714285714289 370.59950000000009 175.45550000000003 340.26250000000005
decision_type=2 2 2 10
left_child=1 2 -1 -4
right_child=-2 -3 3 -5
leaf_value=-0.08201212901622057 0.15832592718876326 -0.18618672777499473 0.061901614252240104 -0.061890284035434118
leaf_weight=38 26 21 94 47
leaf_count=38 26 21 94 47
internal_value=0 -0.0205824 -0.00115392 0.0206376
internal_weight=0 200 179 141
internal_count=226 200 179 141
is_linear=0
shrinkage=0.05


Tree=130
num_leaves=6
num_cat=0
split_feature=7 10 13 8 10
split_gain=284.128 875.131 310.007 222.082 208.795
threshold=348.05550000000005 341.80050000000011 342.71375000000006 318.67450000000008 171.06150000000002
decision_type=2 2 2 2 2
left_child=2 -2 3 4 -1
right_child=1 -3 -4 -5 -6
leaf_value=0.077142067208434598 0.33563141460004065 -0.055133622808774055 -0.1856860287487507 0.1508691166341305 -0.071289363584946849
leaf_weight=33 23 38 28 20 84
leaf_count=33 23 38 28 20 84
internal_value=0 0.092204 -0.0340875 -0.00310391 -0.0294241
internal_weight=0 61 165 137 117
internal_count=226 61 165 137 117
is_linear=0
shrinkage=0.05


Tree=131
num_leaves=6
num_cat=0
split_feature=12 3 4 13 1
split_gain=279.512 574.924 478.592 191.558 245.566
threshold=329.72950000000009 1.0000000180025095e-35 1.0000000180025095e-35 350.41200000000009 31.500000000000004
decision_type=10 2 2 2 2
left_child=1 3 -2 4 -1
right_child=2 -3 -4 -5 -6
leaf_value=0.042832542969504506 -0.040838281939858979 -0.24473141575088869 0.2935940133221448 0.15365999363828453 -0.093728209358047362
leaf_weight=82 23 26 20 20 55
leaf_count=82 23 26 20 20 55
internal_value=0 -0.0269541 0.114712 0.00911094 -0.0119911
internal_weight=0 183 43 157 137
internal_count=226 183 43 157 137
is_linear=0
shrinkage=0.05


Tree=132
num_leaves=6
num_cat=0
split_feature=6 7 1 2 1
split_gain=284.827 248.62 112.093 234.523 172.54
threshold=0.44285714285714289 370.59950000000009 38.500000000000007 1.0000000180025095e-35 46.500000000000007
decision_type=2 2 2 2 2
left_child=1 2 3 -1 -4
right_child=-2 -3 4 -5 -6
leaf_value=-0.036537191885951406 0.15568062806896008 -0.18299549881901062 -0.15355000610534963 0.097745568061183244 0.039143749468383338
leaf_weight=74 26 21 26 58 21
leaf_count=74 26 21 26 58 21
internal_value=0 -0.0202385 -0.00114408 0.0224658 -0.0674528
internal_weight=0 200 179 132 47
internal_count=226 200 179 132 47
is_linear=0
shrinkage=0.05


Tree=133
num_leaves=6
num_cat=0
split_feature=1 6 4 11 9
split_gain=274.213 620.824 254.374 362.156 216.009
threshold=5.5000000000000009 0.44285714285714289 4.0000000000000009 327.49800000000005 344.80300000000005
decision_type=2 2 2 10 2
left_child=-1 2 4 -4 -2
right_child=1 -3 3 -5 -6
leaf_value=-0.16771173152056607 0.00091186215079599824 0.26896507746794007 0.0070368572572867081 -0.19356112400483755 0.17757832140972218
leaf_weight=22 62 22 60 36 24
leaf_count=22 62 22 60 36 24
internal_value=0 0.0180866 -0.0122394 -0.0681874 0.0502141
internal_weight=0 204 182 96 86
internal_count=226 204 182 96 86
is_linear=0
shrinkage=0.05


Tree=134
num_leaves=8
num_cat=0
split_feature=7 13 2 13 13 7 11
split_gain=263.511 857.649 204.153 427.557 252.252 157.389 135.548
threshold=354.70050000000009 358.96912500000008 1.0000000180025095e-35 342.71375000000006 193.62762500000005 175.87500000000003 184.54400000000004
decision_type=2 2 2 2 2 2 8
left_child=2 -2 3 5 6 -1 -4
right_child=1 -3 4 -5 -6 -7 -8
leaf_value=-0.11778482739572171 0.33588396270166743 -0.075128085489074403 0.050391285192398799 -0.25824127042045197 0.16075804290863185 0.029182419633226736 -0.13148828528821468
leaf_weight=27 22 30 21 24 26 56 20
leaf_count=27 22 30 21 24 26 56 20
internal_value=0 0.0987616 -0.029515 -0.0723716 0.0389278 -0.0186262 -0.0383305
internal_weight=0 52 174 107 67 83 41
internal_count=226 52 174 107 67 83 41
is_linear=0
shrinkage=0.05


Tree=135
num_leaves=6
num_cat=0
split_feature=12 3 8 13 13
split_gain=258.97 562.074 471.92 182.307 241.115
threshold=329.72950000000009 1.0000000180025095e-35 362.50350000000009 350.41200000000009 326.50187500000004
decision_type=10 2 2 2 2
left_child=1 3 -2 4 -1
right_child=2 -3 -4 -5 -6
leaf_value=0.027239112404075644 -0.059123754004637402 -0.24127459901456652 0.27224940454418006 0.15073050156235696 -0.12632315866649152
leaf_weight=103 21 26 22 20 34
leaf_count=103 21 26 22 20 34
internal_value=0 -0.0259447 0.110416 0.00971498 -0.0108712
internal_weight=0 183 43 157 137
internal_count=226 183 43 157 137
is_linear=0
shrinkage=0.05


Tree=136
num_leaves=5
num_cat=0
split_feature=1 6 8 9
split_gain=250.018 579.274 237.656 324.507
threshold=5.5000000000000009 0.44285714285714289 370.59950000000009 358.88200000000006
decision_type=2 2 2 2
left_child=-1 2 3 -2
right_child=1 -3 -4 -5
leaf_value=-0.16014198789542372 -0.020368031234196997 0.25960807624188337 -0.17022528960591271 0.18248980725589006
leaf_weight=22 138 22 21 23
leaf_count=22 138 22 21 23
internal_value=0 0.0172702 -0.0120234 0.00861166
internal_weight=0 204 182 161
internal_count=226 204 182 161
is_linear=0
shrinkage=0.05


Tree=137
num_leaves=5
num_cat=0
split_feature=9 9 13 10
split_gain=250.219 944.337 233.557 380.734
threshold=362.50350000000009 348.05550000000005 338.19100000000009 217.03100000000003
decision_type=2 2 2 2
left_child=1 2 3 -1
right_child=-2 -3 -4 -5
leaf_value=-0.025223692827899987 -0.11890663303233483 0.316326190965871 -0.13611442692139572 0.21177185948938135
leaf_weight=111 37 24 34 20
leaf_count=111 37 24 34 20
internal_value=0 0.023278 -0.0193472 0.0109588
internal_weight=0 189 165 131
internal_count=226 189 165 131
is_linear=0
shrinkage=0.05


Tree=138
num_leaves=6
num_cat=0
split_feature=12 3 4 10 13
split_gain=251.686 525.154 439.293 154.074 219.907
threshold=329.72950000000009 1.0000000180025095e-35 1.0000000180025095e-35 344.80300000000005 326.50187500000004
decision_type=10 2 2 2 2
left_child=1 3 -2 4 -1
right_child=2 -3 -4 -5 -6
leaf_value=0.023294586308446587 -0.040174563034721049 -0.23371504155489117 0.28023281692294405 0.1254931475967169 -0.12877205857826818
leaf_weight=102 23 26 20 24 31
leaf_count=102 23 26 20 24 31
internal_value=0 -0.0255773 0.108852 0.0088914 -0.0121495
internal_weight=0 183 43 157 133
internal_count=226 183 43 157 133
is_linear=0
shrinkage=0.05


Tree=139
num_leaves=6
num_cat=0
split_feature=9 9 1 1 10
split_gain=230.548 844.072 217.309 320.18 146.095
threshold=362.50350000000009 348.05550000000005 39.500000000000007 11.500000000000002 186.53900000000002
decision_type=2 2 2 2 2
left_child=1 2 3 -1 -4
right_child=-2 -3 4 -5 -6
leaf_value=-0.090363916430784313 -0.11413697592310004 0.29939880750025621 -0.023834710717201234 0.075567809485718382 -0.21494627416133882
leaf_weight=46 37 24 20 79 20
leaf_count=46 37 24 20 79 20
internal_value=0 0.0223443 -0.0179546 0.0145049 -0.11939
internal_weight=0 189 165 125 40
internal_count=226 189 165 125 40
is_linear=0
shrinkage=0.05


Tree=140
num_leaves=7
num_cat=0
split_feature=12 3 8 1 13 4
split_gain=231.607 474.434 428.178 154.794 209.927 149.265
threshold=329.72950000000009 1.0000000180025095e-35 362.50350000000009 18.500000000000004 181.76125000000005 4.0000000000000009
decision_type=10 2 2 2 2 2
left_child=1 3 -2 4 -1 -5
right_child=2 -3 -4 5 -6 -7
leaf_value=-0.050099603222175083 -0.057071820327213835 -0.22236729046473136 0.25857073149897836 0.032683682053660353 0.14493777872742833 -0.090756431117653857
leaf_weight=22 21 26 22 48 37 50
leaf_count=22 21 26 22 48 37 50
internal_value=0 -0.0245358 0.10442 0.00822613 0.072212 -0.030296
internal_weight=0 183 43 157 59 98
internal_count=226 183 43 157 59 98
is_linear=0
shrinkage=0.05


Tree=141
num_leaves=7
num_cat=0
split_feature=6 11 11 9 8 8
split_gain=220.845 259.886 690.878 316.946 146.191 99.0564
threshold=0.44285714285714289 330.20200000000006 348.73400000000004 307.71000000000004 348.99050000000005 184.03800000000004
decision_type=2 10 10 2 2 2
left_child=1 3 -3 5 -4 -1
right_child=-2 2 4 -5 -6 -7
leaf_value=0.028351224150698063 0.13708423542288634 -0.31979165854661362 0.11603743359446526 0.18493904232978822 -0.058480547134143614 -0.071430526569832203
leaf_weight=59 26 23 20 25 30 43
leaf_count=59 26 23 20 25 30 43
internal_value=0 -0.017821 -0.0929983 0.0253912 0.0113266 -0.0137136
internal_weight=0 200 73 127 50 102
internal_count=226 200 73 127 50 102
is_linear=0
shrinkage=0.05


Tree=142
num_leaves=6
num_cat=0
split_feature=7 13 13 12 6
split_gain=218.34 816.959 212.898 218.71 182.424
threshold=354.70050000000009 358.96912500000008 342.71375000000006 186.53900000000002 0.28571428571428575
decision_type=2 2 2 10 2
left_child=2 -2 3 4 -1
right_child=1 -3 -4 -5 -6
leaf_value=0.0025890219549182802 0.32132805844938217 -0.079815494442979501 -0.13515180136180588 0.14592007208954205 -0.16340374745428565
leaf_weight=96 22 30 36 22 20
leaf_count=96 22 30 36 22 20
internal_value=0 0.0898991 -0.0268664 0.00138198 -0.0260304
internal_weight=0 52 174 138 116
internal_count=226 52 174 138 116
is_linear=0
shrinkage=0.05


Tree=143
num_leaves=6
num_cat=0
split_feature=12 3 8 13 13
split_gain=218.215 439.679 405.796 146.188 221.656
threshold=329.72950000000009 1.0000000180025095e-35 362.50350000000009 350.41200000000009 326.50187500000004
decision_type=10 2 2 2 2
left_child=1 3 -2 4 -1
right_child=2 -3 -4 -5 -6
leaf_value=0.02582887986186639 -0.055857993449483605 -0.21426354291347358 0.25142390558665451 0.13399919472634791 -0.12140631669146174
leaf_weight=103 21 26 22 20 34
leaf_count=103 21 26 22 20 34
internal_value=0 -0.0238159 0.101356 0.00772321 -0.0107112
internal_weight=0 183 43 157 137
internal_count=226 183 43 157 137
is_linear=0
shrinkage=0.05


Tree=144
num_leaves=6
num_cat=0
split_feature=6 7 11 11 11
split_gain=216.156 245.436 111.238 373.063 176.815
threshold=0.44285714285714289 370.59950000000009 340.26250000000005 318.67450000000008 350.17000000000002
decision_type=2 2 8 8 10
left_child=1 2 3 -1 -4
right_child=-2 -3 4 -5 -6
leaf_value=-0.010440254390526277 0.13562123328447342 -0.1793423734250523 -0.17643771387636664 0.22535789106041193 0.0099263114828084201
leaf_weight=104 26 21 20 20 35
leaf_count=104 26 21 20 20 35
internal_value=0 -0.0176308 0.00134099 0.0275917 -0.0578424
internal_weight=0 200 179 124 55
internal_count=226 200 179 124 55
is_linear=0
shrinkage=0.05


Tree=145
num_leaves=5
num_cat=0
split_feature=9 9 13 9
split_gain=211.013 743.345 222.223 353.54
threshold=362.50350000000009 348.05550000000005 338.19100000000009 217.03100000000003
decision_type=2 2 2 2
left_child=1 2 3 -1
right_child=-2 -3 -4 -5
leaf_value=-0.021746188737787643 -0.10919438737469751 0.28137508441383641 -0.13033994062365417 0.20662875751033427
leaf_weight=111 37 24 34 20
leaf_count=111 37 24 34 20
internal_value=0 0.0213767 -0.0164413 0.0131202
internal_weight=0 189 165 131
internal_count=226 189 165 131
is_linear=0
shrinkage=0.05


Tree=146
num_leaves=5
num_cat=0
split_feature=12 9 8 13
split_gain=213.782 248.887 225.449 226.079
threshold=349.21800000000002 362.50350000000009 355.80950000000007 338.19100000000009
decision_type=10 2 2 2
left_child=1 2 3 -1
right_child=-2 -3 -4 -5
leaf_value=0.0056286336937502249 0.14808293906125156 -0.16721674191455049 0.14352939208596946 -0.17081404761189509
leaf_weight=134 22 24 25 21
leaf_count=134 22 24 25 21
internal_value=0 -0.0159697 0.00419654 -0.0182765
internal_weight=0 204 180 155
internal_count=226 204 180 155
is_linear=0
shrinkage=0.05


Tree=147
num_leaves=8
num_cat=0
split_feature=1 1 1 1 12 12 12
split_gain=204.575 1620.92 411.808 613.821 275.702 243.063 141.524
threshold=15.500000000000002 11.500000000000002 25.500000000000004 32.500000000000007 332.23550000000006 167.15300000000005 1.0000000180025095e-35
decision_type=2 2 2 2 8 10 10
left_child=1 5 6 -4 -5 -1 -2
right_child=2 -3 3 4 -6 -7 -8
leaf_value=0.062616756829348474 -0.077532216757535938 0.45368091821670531 0.21770909902240551 0.062400602909826464 -0.12812605339045427 -0.14833396047146782 -0.26563083291053774
leaf_weight=22 20 20 28 31 49 36 20
leaf_count=22 20 20 28 31 49 36 20
internal_value=0 0.0655277 -0.0345349 0.0162231 -0.054297 -0.0683182 -0.171582
internal_weight=0 78 148 108 80 58 40
internal_count=226 78 148 108 80 58 40
is_linear=0
shrinkage=0.05


Tree=148
num_leaves=6
num_cat=0
split_feature=12 7 3 13 13
split_gain=204.104 390.566 386.456 134.685 195.189
threshold=329.72950000000009 362.50350000000009 1.0000000180025095e-35 350.41200000000009 326.50187500000004
decision_type=10 2 2 2 2
left_child=2 -2 3 4 -1
right_child=1 -3 -4 -5 -6
leaf_value=0.023130612462325006 -0.056211527898198083 0.24524881392717363 -0.20158194269125282 0.12774201408028604 -0.11503513801623794
leaf_weight=103 21 22 26 20 34
leaf_count=103 21 22 26 20 34
internal_value=0 0.098024 -0.023033 0.00653566 -0.0111587
internal_weight=0 43 183 157 137
internal_count=226 43 183 157 137
is_linear=0
shrinkage=0.05


Tree=149
num_leaves=7
num_cat=0
split_feature=6 11 11 9 8 8
split_gain=199.738 229.702 617.948 287.378 149.681 89.805
threshold=0.44285714285714289 330.20200000000006 348.73400000000004 307.71000000000004 348.99050000000005 184.03800000000004
decision_type=2 10 10 2 2 2
left_child=1 3 -3 5 -4 -1
right_child=-2 2 4 -5 -6 -7
leaf_value=0.0264935813970485 0.130369043808717 -0.30211408656576411 0.11699335679411889 0.17560078102350235 -0.059595305963108941 -0.068514419537644061
leaf_weight=59 26 23 20 25 30 43
leaf_count=59 26 23 20 25 30 43
internal_value=0 -0.016948 -0.0876249 0.0236773 0.0110402 -0.0135588
internal_weight=0 200 73 127 50 102
internal_count=226 200 73 127 50 102
is_linear=0
shrinkage=0.05


end of trees

feature_importances:
avg_festival_ramp=139
lag_52_chilled=121
iso_week=94
lag_8_chilled=83
lag_2_chilled=72
paydays=68
lag_4_chilled=67
lag_3_chilled=63
lag_1_chilled=56
roll_4_chilled=52
monsoon_days=32
holidays=29
depot_enc=23

parameters:
[boosting: gbdt]
[objective: regression]
[metric: l2]
[tree_learner: serial]
[device_type: cpu]
[data_sample_strategy: bagging]
[data: ]
[valid: ]
[num_iterations: 150]
[learning_rate: 0.05]
[num_leaves: 16]
[num_threads: 8]
[seed: 42]
[deterministic: 0]
[force_col_wise: 0]
[force_row_wise: 0]
[histogram_pool_size: -1]
[max_depth: 4]
[min_data_in_leaf: 20]
[min_sum_hessian_in_leaf: 0.001]
[bagging_fraction: 1]
[pos_bagging_fraction: 1]
[neg_bagging_fraction: 1]
[bagging_freq: 0]
[bagging_seed: 400]
[feature_fraction: 1]
[feature_fraction_bynode: 1]
[feature_fraction_seed: 30056]
[extra_trees: 0]
[extra_seed: 12879]
[early_stopping_round: 0]
[first_metric_only: 0]
[max_delta_step: 0]
[lambda_l1: 0]
[lambda_l2: 0]
[linear_lambda: 0]
[min_gain_to_split: 0]
[drop_rate: 0.1]
[max_drop: 50]
[skip_drop: 0.5]
[xgboost_dart_mode: 0]
[uniform_drop: 0]
[drop_seed: 17869]
[top_rate: 0.2]
[other_rate: 0.1]
[min_data_per_group: 100]
[max_cat_threshold: 32]
[cat_l2: 10]
[cat_smooth: 10]
[max_cat_to_onehot: 4]
[top_k: 20]
[monotone_constraints: ]
[monotone_constraints_method: basic]
[monotone_penalty: 0]
[feature_contri: ]
[forcedsplits_filename: ]
[refit_decay_rate: 0.9]
[cegb_tradeoff: 1]
[cegb_penalty_split: 0]
[cegb_penalty_feature_lazy: ]
[cegb_penalty_feature_coupled: ]
[path_smooth: 0]
[interaction_constraints: ]
[verbosity: 1]
[saved_feature_importance_type: 0]
[use_quantized_grad: 0]
[num_grad_quant_bins: 4]
[quant_train_renew_leaf: 0]
[stochastic_rounding: 1]
[linear_tree: 0]
[max_bin: 255]
[max_bin_by_feature: ]
[min_data_in_bin: 3]
[bin_construct_sample_cnt: 200000]
[data_random_seed: 175]
[is_enable_sparse: 1]
[enable_bundle: 1]
[use_missing: 1]
[zero_as_missing: 0]
[feature_pre_filter: 1]
[pre_partition: 0]
[two_round: 0]
[header: 0]
[label_column: ]
[weight_column: ]
[group_column: ]
[ignore_column: ]
[categorical_feature: ]
[forcedbins_filename: ]
[precise_float_parser: 0]
[parser_config_file: ]
[objective_seed: 16083]
[num_class: 1]
[is_unbalance: 0]
[scale_pos_weight: 1]
[sigmoid: 1]
[boost_from_average: 1]
[reg_sqrt: 0]
[alpha: 0.9]
[fair_c: 1]
[poisson_max_delta_step: 0.7]
[tweedie_variance_power: 1.5]
[lambdarank_truncation_level: 30]
[lambdarank_norm: 1]
[label_gain: ]
[lambdarank_position_bias_regularization: 0]
[eval_at: ]
[multi_error_top_k: 1]
[auc_mu_weights: ]
[num_machines: 1]
[local_listen_port: 12400]
[time_out: 120]
[machine_list_filename: ]
[machines: ]
[gpu_platform_id: -1]
[gpu_device_id: -1]
[gpu_use_dp: 0]
[num_gpu: 1]

end of parameters

pandas_categorical:[]
